outcome,participant,attempt_id,hand,authoritative_device,raw_outcome_value,fitted,residual,standardised_residual,extreme_abs_standardised_gt3
path_length_norm,P4,P4_T03,right,MST,17.43642337784767,0.7665536456789899,0.2889555622002939,0.4634023979467795,False
path_length_norm,P4,P4_T06,right,CON,2.64630369981189,-0.3829273967593816,-1.1047022625704292,-1.771627698024804,False
path_length_norm,P4,P4_T07,right,CON,5.787909357191627,-0.4769326361392401,-0.0355233902237985,-0.0569693972580352,False
path_length_norm,P4,P4_T09,right,MST,12.240910049887312,0.5785431669192729,-0.0424802597022169,-0.068126233880087,False
path_length_norm,P4,P4_T10,right,CON,3.1079792383101394,-0.5709378755190986,-0.7296108262783596,-1.1700878982594616,False
path_length_norm,P4,P4_T11,right,MST,10.659105744892395,0.4845379275394144,-0.1481201764176374,-0.2375425633393929,False
path_length_norm,P4,P4_T12,right,ATG,6.098196586612485,-0.4025716964345216,-0.0397426542143887,-0.063735894625041,False
path_length_norm,P4,P4_T13,right,MST,10.908507115504491,0.3905326881595559,-0.0209010376904292,-0.0335193097221198,False
path_length_norm,P4,P4_T14,right,CON,7.910249626471968,-0.6649431148989571,0.5794143965435459,0.9292156161266386,False
path_length_norm,P4,P4_T15,right,ATG,4.460336550951254,-0.4965769358143801,-0.3573976427216413,-0.5731639958636051,False
path_length_norm,P6,P6_T01,left,CON,10.218653903629416,-0.0903954999221715,0.3663823575370206,0.5875729186703194,False
path_length_norm,P6,P6_T02,right,ATG,36.82899335411879,0.9824282075018244,1.2009711861733297,1.9260156243399804,False
path_length_norm,P6,P6_T03,right,MST,19.59609375255382,1.8695378314757605,-0.6401984763221193,-1.026695962626612,False
path_length_norm,P6,P6_T08,right,ATG,6.623888974432383,0.7944177287421074,-1.1246161176544751,-1.8035638480959175,False
path_length_norm,P6,P6_T10,right,CON,6.326821963371932,0.5320463102776719,-0.9246138969933388,-1.4828172670530928,False
path_length_norm,P6,P6_T12,right,ATG,17.49917228245201,0.7004124893622489,0.3604286169959073,0.5780248150709415,False
path_length_norm,P6,P6_T13,right,CON,9.213976917701046,0.4380410708978134,-0.3092820013580759,-0.4960002153264164,False
path_length_norm,P6,P6_T14,right,MST,66.7080548456264,1.4935168739563265,1.6033853402819096,2.571373279204501,False
path_length_norm,P6,P6_T15,right,ATG,23.91012695239512,0.6064072499823904,0.9213598898159762,1.477598766611559,False
path_length_norm,P9,P9_T01,left,ATG,7.848529078092883,-0.902804395179452,0.8063678347479022,1.293184271671204,False
path_length_norm,P9,P9_T10,left,CON,3.217360342599244,-1.3531862924036044,0.0938744659229049,0.150547898380629,False
path_length_norm,P9,P9_T12,right,ATG,5.011339372232358,-0.2803625849796085,-0.4227493627103147,-0.6779695359338317,False
path_length_norm,P10,P10_T01,right,CON,13.32469177620663,0.269172267914856,0.3903484817359829,0.6260077539049193,False
path_length_norm,P10,P10_T02,right,ATG,15.30415588266906,0.4375384469994329,0.4250978292166402,0.6817358071287588,False
path_length_norm,P10,P10_T04,right,MST,15.803554036044895,1.2306428315935103,-0.3206618798536819,-0.5142502982909084,False
path_length_norm,P10,P10_T05,right,CON,6.809947253241175,0.1751670285349974,-0.4675284288911632,-0.7497824004726324,False
path_length_norm,P10,P10_T06,right,ATG,7.038448466584095,0.3435332076195744,-0.5906409476975717,-0.9472198057183988,False
path_length_norm,P10,P10_T07,right,CON,7.869291093465464,0.0811617891551389,-0.1739206196923114,-0.2789191237714995,False
path_length_norm,P10,P10_T09,right,MST,23.617279531153088,1.136637592213652,0.372571969736255,0.5974992932091755,False
path_length_norm,P10,P10_T10,right,MST,18.926982216128803,1.136637592213652,0.0408747713539205,0.0655514879751772,False
path_length_norm,P10,P10_T11,right,CON,10.470028577283232,-0.0128434502247195,0.3236039696184644,0.5189685720683478,False
path_length_norm,P10,P10_T13,right,ATG,8.608920613153074,0.1555227288598574,-0.1225897989595444,-0.1965991115349733,False
path_length_norm,P10,P10_T14,right,CON,4.829194544245562,-0.106848689604578,-0.6445469234161245,-1.0336696328870585,False
path_length_norm,P10,P10_T16,right,ATG,14.360763217689364,0.0615174894799989,0.7075861730020624,1.1347666292571783,False
path_length_norm,P11,P11_T01,left,ATG,4.161526301481724,-0.317882126944001,-0.6244065048036791,-1.0013701394646417,False
path_length_norm,P11,P11_T01,right,ATG,9.853070976955642,0.586575401395418,-0.3625773402756005,-0.5814707550374603,False
path_length_norm,P11,P11_T02,left,MST,9.64981177196156,0.5692274970299351,-0.3748973411882432,-0.6012285265167572,False
path_length_norm,P11,P11_T03,left,CON,7.585154144684248,-0.4862483060285779,0.3423942356989942,0.549102805489817,False
path_length_norm,P11,P11_T04,left,CON,7.67208584012495,-0.5802535454084364,0.4522094396635671,0.7252151061518944,False
path_length_norm,P11,P11_T05,left,ATG,4.121928023387793,-0.4118873663238594,-0.5424866322423301,-0.8699940029564615,False
path_length_norm,P11,P11_T06,left,MST,12.217010660049384,0.4752222576500765,0.0580056589018469,0.0930245509894929,False
path_length_norm,P11,P11_T06,right,MST,27.019425942768724,1.3796797859894954,0.3326675001038985,0.5335038927551411,False
path_length_norm,P11,P11_T07,left,CON,6.217189407628144,-0.6742587847882949,0.2580328742820835,0.4138112164407257,False
path_length_norm,P11,P11_T08,left,ATG,5.989225824695828,-0.505892605703718,0.0393005559253153,0.0630268949237556,False
path_length_norm,P11,P11_T08,right,ATG,11.341275306878623,0.398564922635701,0.0270829751567963,0.0434333761759984,False
path_length_norm,P11,P11_T09,left,MST,11.390340375999967,0.381217018270218,0.0506573353003123,0.0812399334797608,False
path_length_norm,P11,P11_T10,left,CON,5.853859525290835,-0.7682640241681534,0.2709809124654233,0.4345761807735701,False
path_length_norm,P11,P11_T10,right,CON,10.547881508068624,0.1361935041712654,0.1851822876797476,0.2969796307592175,False
path_length_norm,P11,P11_T11,left,MST,9.078885929944772,0.2872117788903595,-0.1793461462093977,-0.2876201225652132,False
path_length_norm,P11,P11_T12,left,ATG,3.315376673917229,-0.5998978450835765,-0.623360301533252,-0.9996923274835742,False
path_length_norm,P11,P11_T13,left,CON,4.99245494452905,-0.8622692635480119,0.1542198278554201,0.2473246664468206,False
path_length_norm,P11,P11_T13,right,CON,10.820163686236423,0.0421882647914069,0.3157585324611191,0.5063867260434061,False
path_length_norm,P11,P11_T14,left,MST,8.882543707198888,0.193206539510501,-0.1162123178327288,-0.1863714487603834,False
path_length_norm,P11,P11_T14,right,MST,28.41560833142133,1.09766406784992,0.6909914254015068,1.1081533819714642,False
path_length_norm,P12,P12_T01,right,MST,10.980399622943196,0.4507600935672501,-0.0716832883114261,-0.1149595717877184,False
path_length_norm,P12,P12_T02,right,CON,5.722893582872027,-0.6047157094912627,0.0771567484440841,0.1237374424444586,False
path_length_norm,P12,P12_T03,right,ATG,9.344947495407787,-0.4363495304066858,0.585102597785774,0.9383378703431028,False
path_length_norm,P12,P12_T04,right,ATG,4.529832485294471,-0.5303547697865443,-0.3037734322014112,-0.4871660397977769,False
path_length_norm,P12,P12_T05,right,MST,9.615994831475296,0.3567548541873916,-0.1674155335706433,-0.2684868189399981,False
path_length_norm,P12,P12_T06,right,CON,2.479972256927212,-0.6987209488711212,-0.8621761501335825,-1.3826849096868443,False
path_length_norm,P12,P12_T07,right,MST,13.818896215253035,0.2627496148075331,0.449997360324595,0.7216675611165175,False
path_length_norm,P12,P12_T08,right,ATG,4.249374554504337,-0.6243600091664028,-0.2914451128890196,-0.4673949279752061,False
path_length_norm,P12,P12_T09,right,CON,2.9300341634933584,-0.7927261882509797,-0.5773135231019173,-0.9258464136678932,False
path_length_norm,P12,P12_T10,right,MST,8.896927817314074,0.1687443754276746,-0.089467769276668,-0.1434808124337777,False
path_length_norm,P12,P12_T11,right,CON,2.9184080481814263,-0.8867314276308382,-0.4879574158743189,-0.7825446753481575,False
path_length_norm,P12,P12_T12,right,ATG,3.934808666898436,-0.7183652485462613,-0.2944113488306381,-0.4721519253410126,False
path_length_norm,P12,P12_T13,right,CON,2.9818073305779578,-0.9807366670106968,-0.3687652516409121,-0.5913944019232741,False
path_length_norm,P12,P12_T14,right,MST,8.684565966129545,0.0747391360478161,-0.0295008503851434,-0.0473109591864113,False
path_length_norm,P12,P12_T15,left,ATG,5.689182107033508,-1.7168280162655387,1.1813803977878723,1.8945975812112723,False
path_length_norm,P12,P12_T15,right,ATG,6.765533367560905,-0.8123704879261198,0.5110595848772206,0.819593972590256,False
path_length_norm,P15,P15_T01,right,MST,29.953362617260577,1.4747803338472472,0.3938378765438006,0.6316037490434552,False
path_length_norm,P15,P15_T02,right,CON,16.1163899576358,0.4193045307887342,0.5196227980330038,0.8333269268213593,False
path_length_norm,P15,P15_T03,right,ATG,12.00589563163236,0.5876707098733112,-0.0797106335788223,-0.1278331465953203,False
path_length_norm,P15,P15_T04,right,ATG,15.929721253135508,0.4936654704934526,0.4280539230378393,0.6864765394229161,False
path_length_norm,P15,P15_T05,right,MST,19.405483905123035,1.3807750944673889,-0.1660261765563049,-0.2662586861186534,False
path_length_norm,P15,P15_T07,right,MST,15.678228753291975,1.2867698550875302,-0.3885365955483489,-0.6231020046687297,False
path_length_norm,P15,P15_T08,right,ATG,8.412706646392696,0.3996602311135941,-0.3991029192356468,-0.6400473775035381,False
path_length_norm,P15,P15_T09,left,CON,5.888808686978472,-0.6731634763104017,0.1838619111425277,0.2948621229705416,False
path_length_norm,P15,P15_T09,right,CON,13.3564898321293,0.2312940520290172,0.4317062559389766,0.692333840841858,False
path_length_norm,P15,P15_T12,right,ATG,8.924995466451694,0.3056549917337356,-0.2219343149733331,-0.355919411836862,False
path_length_norm,P15,P15_T13,right,CON,6.092569013984223,0.0432835732693001,-0.4868425408854008,-0.7807567334952942,False
path_length_norm,P15,P15_T14,right,MST,25.914986479253205,1.0987593763278132,0.5504810791999692,0.882814818247985,False
path_length_norm,P15,P15_T15,right,ATG,8.821954728118449,0.2116497523538771,-0.1443060354777386,-0.2314257679256021,False
path_length_norm,P16,P16_T01,right,CON,19.16055353524152,0.7252711920684728,0.4705278773932232,0.7545926613230847,False
path_length_norm,P16,P16_T02,right,ATG,22.250945949335563,0.8936373711530498,0.5259639782926894,0.8434963733472379,False
path_length_norm,P16,P16_T07,right,CON,15.462203764025515,0.5372607133087558,0.340514112403903,0.5460876233741085,False
path_length_norm,P16,P16_T09,right,MST,26.532431226579103,1.5927365163672689,0.092096549773563,0.1476966274077511,False
path_length_norm,P16,P16_T10,right,CON,10.128253526520476,0.4432554739288973,-0.1799648700591284,-0.2886123793449368,False
path_length_norm,P16,P16_T11,left,MST,11.277186639362382,0.5942737486479914,-0.1767962207557577,-0.2835307686147146,False
path_length_norm,P16,P16_T11,right,MST,25.647365701252287,1.4987312769874102,0.1348278008685142,0.2162253799740035,False
path_length_norm,P17,P17_T01,right,ATG,8.135575742966552,0.3642499247799161,-0.410588417378893,-0.6584668442916676,False
path_length_norm,P17,P17_T02,left,MST,4.4729478763192905,0.3469020204144332,-1.1972564145794915,-1.9200581890468127,False
path_length_norm,P17,P17_T02,right,MST,22.267372909186104,1.251359548753852,0.1693500912027843,0.2715892982239199,False
path_length_norm,P17,P17_T03,left,CON,5.016291436564761,-0.7085737826440799,0.0067540256986471,0.0108315329897604,False
path_length_norm,P17,P17_T03,right,CON,9.271989683585756,0.1958837456953391,-0.0582369905211597,-0.0933955410001857,False
path_length_norm,P17,P17_T04,left,CON,8.340504016991193,-0.8025790220239384,0.7910526337628582,1.2686230526122442,False
path_length_norm,P17,P17_T04,right,CON,9.764189155851524,0.1018785063154806,0.1092152338781986,0.1751501195758055,False
path_length_norm,P17,P17_T05,left,ATG,3.334191082394322,-0.6342128429393614,-0.5822185024024382,-0.9337126030308276,False
path_length_norm,P17,P17_T05,right,ATG,4.986846373934421,0.2702446854000576,-0.9797635248491764,-1.5712615579318157,False
path_length_norm,P17,P17_T06,right,MST,34.162619983134505,1.1573543093739935,0.9113455371744597,1.4615385980769016,False
path_length_norm,P17,P17_T07,left,CON,5.942750328271648,-0.8965842614037969,0.419522533304618,0.6727946208950669,False
path_length_norm,P17,P17_T07,right,CON,11.125537497342425,0.0078732669356221,0.3901000830232437,0.6256093931388078,False
path_length_norm,P17,P17_T08,left,ATG,9.066945383632357,-0.7282180823192199,0.8342235157394785,1.3378568478612731,False
path_length_norm,P17,P17_T08,right,ATG,7.611344375792651,0.176239446020199,-0.3153136026872397,-0.5056731854471856,False
path_length_norm,P17,P17_T10,left,CON,2.80226480033825,-0.9905895007836554,-0.4313156470700199,-0.6917074155010358,False
path_length_norm,P17,P17_T10,right,CON,6.340005399216086,-0.0861319724442364,-0.3036145501388452,-0.4869112382351312,False
path_length_norm,P17,P17_T11,right,MST,16.626841638280947,0.9693438306142764,0.0156978481266958,0.0251748760574916,False
path_length_norm,P17,P17_T12,left,ATG,6.290423095482487,-0.8222233216990784,0.4218404708942094,0.6765119324052813,False
path_length_norm,P17,P17_T12,right,ATG,7.398983449675661,0.0822342066403405,-0.2604920146590601,-0.4177549769930447,False
path_length_norm,P17,P17_T13,right,CON,9.245607406881856,-0.1801372118240949,0.3137483826823069,0.5031630184925264,False
path_length_norm,P17,P17_T14,right,MST,17.159538640526353,0.875338591234418,0.1564243933036455,0.2508601613421573,False
path_length_norm,P18,P18_T01,left,MST,9.185968313665288,0.309306322842125,-0.1848563193186422,-0.2964568703768225,False
path_length_norm,P18,P18_T01,right,MST,28.16074343713519,1.2137638511815438,0.5612360400203273,0.900062711301253,False
path_length_norm,P18,P18_T09,left,CON,1.8918175392570329,-0.934179958976105,-0.9172455386697764,-1.4710005195571472,False
path_length_norm,P18,P18_T10,right,MST,18.742719583210327,0.9317481330419684,0.2311860987254249,0.3707566371297692,False
path_length_norm,P18,P18_T14,right,MST,17.295432891244882,0.83774289366211,0.2057195758504207,0.3299155898843688,False
path_length_norm,P19,P19_T05,right,CON,13.25636098764176,-0.0489290207011843,0.7009463469959057,1.124118240038529,False
path_length_norm,P19,P19_T06,right,ATG,11.618011373341725,0.1194371583833926,0.3410101432392596,0.5468831155141782,False
path_length_norm,P19,P19_T08,right,ATG,4.924238380399721,0.0254319190035341,-0.7514476790026566,-1.2051079886809624,False
path_length_norm,P19,P19_T13,right,CON,3.8502488493356015,-0.3309447388407598,-0.7089544934533691,-1.136961025424765,False
path_length_norm,P20,P20_T01,left,ATG,9.794669221287178,-0.4196397286949143,0.6351706876147064,1.0186328219635856,False
path_length_norm,P20,P20_T02,left,CON,9.564629373204234,-0.5880059077794912,0.7697340188983096,1.234434068071127,False
path_length_norm,P20,P20_T03,left,MST,23.235303630262923,0.4674698952790218,1.0171994894872398,1.631298179655347,False
path_length_norm,P20,P20_T04,left,MST,21.076815892200184,0.3734646558991633,0.9648219111379092,1.5472994664244846,False
path_length_norm,P20,P20_T07,left,MST,16.454606144504652,0.2794594165193048,0.6901734540619717,1.1068415889839682,False
path_length_norm,P20,P20_T08,left,ATG,0.5670687207491311,-0.6076502074546313,-2.205217049834169,-3.5365398786749407,True
path_length_norm,P20,P20_T09,left,CON,0.38595796511316,-0.7760163865392082,-2.2295779308397474,-3.5756077913606155,True
path_length_norm,P20,P20_T10,left,MST,1.0548883467754036,0.1854541771394462,-2.573033306726697,-4.126412363391669,True
path_length_norm,P20,P20_T11,left,ATG,4.614247555834171,-0.7016554468344898,-0.1086986333182437,-0.1743216394578217,False
path_length_norm,P20,P20_T12,left,CON,4.3815146961657865,-0.8700216259190667,-0.00677062130555,-0.0108581476151223,False
path_length_norm,P20,P20_T13,left,MST,21.32377368616013,0.0914489377595877,1.2642941983388831,2.0275676950434693,False
path_length_norm,P20,P20_T14,left,CON,10.149654721840324,-0.9640268652989252,1.230332447294654,1.973102722116392,False
path_length_norm,P20,P20_T15,left,ATG,3.1006095678059182,-0.7956606862143483,-0.5077057502754596,-0.8142153774009528,False
path_length_norm,P20,P20_T16,left,ATG,12.782848295272071,-0.7956606862143483,1.3946717033652356,2.236656068381827,False
path_length_norm,P21,P21_T01,left,MST,10.280783798877517,-0.2501862145205489,0.5348397064707053,0.8577305126380587,False
path_length_norm,P21,P21_T02,left,ATG,3.56793025484907,-1.137295838494485,0.003289356680421,0.0052751909733192,False
path_length_norm,P21,P21_T03,left,CON,4.877364324614477,-1.305662017579062,0.5671806274015202,0.909596135839866,False
path_length_norm,P21,P21_T04,left,CON,1.7690906894887164,-1.3996672569589204,-0.5198104045845535,-0.83362779428069,False
path_length_norm,P21,P21_T05,left,MST,4.210685210211477,-0.3441914539004074,-0.5832222614572689,-0.9353223465824916,False
path_length_norm,P21,P21_T06,left,ATG,7.514853672563753,-1.2313010778743436,1.074544182996239,1.7232627304646282,False
path_length_norm,P21,P21_T07,left,CON,1.7436224448912725,-1.493672496338779,-0.4403048019028182,-0.706123458830723,False
path_length_norm,P21,P21_T08,left,ATG,3.364630550166156,-1.325306317254202,0.119857411267378,0.1922171401376119,False
path_length_norm,P21,P21_T09,left,MST,3.785768040852954,-0.438196693280266,-0.6227044985001008,-0.9986406062575528,False
path_length_norm,P21,P21_T10,left,CON,2.373062678100685,-1.5876777357186374,-0.0221847648386626,-0.0355780423323209,False
path_length_norm,P21,P21_T11,left,ATG,2.12933707755395,-1.4193115566340606,-0.3082441529296247,-0.4943358021315729,False
path_length_norm,P21,P21_T12,left,MST,3.6908667803829,-0.5322019326601245,-0.5601298659401629,-0.8982887232271303,False
path_length_norm,P21,P21_T13,left,CON,1.7223395728466695,-1.681682975098496,-0.2645147459382004,-0.4242062918833149,False
path_length_norm,P21,P21_T14,left,ATG,1.7612815297954485,-1.5133167960139189,-0.4105925684805116,-0.6584735014760095,False
path_length_norm,P21,P21_T15,left,MST,4.465967385447567,-0.626207172039983,-0.2261499971948036,-0.3626801650666508,False
path_length_norm,P22,P22_T01,right,CON,15.579346439682254,0.0727001275335294,0.816201669191524,1.308954940446312,False
path_length_norm,P22,P22_T02,right,MST,22.59952973494582,1.1281759305920425,0.314777285603276,0.5048130856419555,False
path_length_norm,P22,P22_T03,right,ATG,10.30979056739618,0.2410663066181064,0.0476170710210145,0.0763642157510882,False
path_length_norm,P22,P22_T05,right,CON,3.681382677496305,-0.021305111846329,-1.074202631789772,-1.7227149796378465,False
path_length_norm,P22,P22_T06,right,MST,18.348849820225883,1.034170691212184,0.0971404257691648,0.1557855674977428,False
path_length_norm,P22,P22_T07,right,CON,6.417260957995295,-0.1153103512261875,-0.2580057688839689,-0.4137677471045137,False
path_length_norm,P22,P22_T08,right,ATG,5.1078563385158695,0.0530558278583894,-0.7311724119792372,-1.172592236825834,False
path_length_norm,P22,P22_T09,right,MST,18.763520934944708,0.9401654518323254,0.2244212983458789,0.3599078246215679,False
path_length_norm,P22,P22_T10,right,CON,6.275250892562806,-0.209315590606046,-0.1943364386430592,-0.311660280874632,False
path_length_norm,P22,P22_T11,right,MST,16.763078680059767,0.8461602124524669,0.150963448104719,0.2421023610736013,False
path_length_norm,P22,P22_T13,right,CON,8.976827652034205,-0.3033208299859046,0.3952153829173183,0.6338128768131868,False
path_length_norm,P22,P22_T14,right,MST,19.824929457159644,0.7521549730726084,0.4945235317390527,0.7930748545000815,False
path_length_norm,P22,P22_T15,right,ATG,4.798028676476284,-0.1349546509013276,-0.624853454152988,-1.0020869188844712,False
path_length_norm,P25,P25_T01,left,MST,11.266259547852073,0.5198812881787037,-0.1038010597055112,-0.1664673267082097,False
path_length_norm,P25,P25_T02,left,CON,9.39511117011214,-0.5355945148798094,0.6919386107534848,1.1096723974216751,False
path_length_norm,P25,P25_T02,right,CON,24.90743567847725,0.3688630134596096,1.2205057225842095,1.957343455327728,False
path_length_norm,P25,P25_T04,left,ATG,5.105671040742181,-0.4612335751750909,-0.2174445608832084,-0.3487191254131905,False
path_length_norm,P25,P25_T05,left,MST,17.284695846966045,0.4258760487988452,0.616665207965397,0.9889553048417624,False
path_length_norm,P25,P25_T05,right,MST,15.50318053260497,1.330333577138264,-0.4486575335983755,-0.719518860766071,False
path_length_norm,P25,P25_T06,left,CON,6.525850246393615,-0.6295997542596679,0.2790909415373666,0.44758235684694,False
path_length_norm,P25,P25_T07,left,MST,11.494117218800902,0.3318708094189866,0.1130922047215116,0.18136767625435,False
path_length_norm,P25,P25_T07,right,MST,15.67085531052362,1.2363283377584056,-0.3387889940933932,-0.543321025092543,False
path_length_norm,P25,P25_T08,left,ATG,5.362229272636501,-0.5552388145549494,-0.058847972557103,-0.0943753821162474,False
path_length_norm,P25,P25_T09,left,CON,4.88810359691419,-0.7236049936395264,-0.0120116501325876,-0.0192632646776342,False
path_length_norm,P25,P25_T10,left,MST,8.796950805442556,0.2378655700391281,-0.1745217981529332,-0.279883242745797,False
path_length_norm,P25,P25_T10,right,MST,17.25541154289501,1.142323098378547,-0.102297117305464,-0.1640554315737163,False
path_length_norm,P25,P25_T12,left,ATG,3.964226844989143,-0.6492440539348079,-0.3542054875045188,-0.5680446883445912,False
path_length_norm,P25,P25_T12,right,ATG,11.421891188160568,0.255213474404611,0.1806517287903626,0.289713905062874,False
path_length_norm,P25,P25_T14,right,MST,14.17120406833245,1.0483178589986886,-0.2986998939776677,-0.479029529944654,False
path_length_norm,P25,P25_T15,left,ATG,3.4938018614162605,-0.7432492933146664,-0.4164317756341684,-0.6678379261526208,False
path_length_norm,P25,P25_T16,left,ATG,4.514447397248484,-0.7432492933146664,-0.0952509401026433,-0.152755370805612,False
path_length_norm,P26,P26_T02,left,CON,11.065752577341962,-0.0163718365066196,0.4065888985848175,0.6520527556141736,False
path_length_norm,P26,P26_T02,right,CON,34.23954375957365,0.8880856918327993,1.1840433733516984,1.898868235330384,False
path_length_norm,P26,P26_T06,right,MST,33.707325632288295,1.943561494891312,0.1046866986318857,0.1678876392264109,False
path_length_norm,P26,P26_T09,left,ATG,3.152841226387813,0.0579891031980988,-1.341493471864185,-2.1513733356027496,False
path_length_norm,P26,P26_T12,right,MST,22.09700599473056,1.7555510161315953,-0.3463738686133646,-0.5554850028817775,False
path_length_norm,P26,P26_T14,right,MST,30.968710882570385,1.6615457767517368,0.2577213452602693,0.4133116126447668,False
path_length_norm,P26,P26_T18,right,MST,72.49859655700973,1.5675405373718785,1.6581356423424434,2.659177165276005,False
path_length_norm,P27,P27_T01,right,ATG,9.941440924156044,0.1157959522980603,0.1209277666223609,0.1939336851813458,False
path_length_norm,P27,P27_T02,right,CON,9.448093656225169,-0.0525702267865165,0.2168922336098996,0.3478333498255752,False
path_length_norm,P27,P27_T03,right,MST,15.62039278341226,1.0029055762719965,-0.1101235230129951,-0.1766067565752412,False
path_length_norm,P27,P27_T04,left,MST,6.601632334435712,0.004442808552719,-0.3392290362798115,-0.544026727390956,False
path_length_norm,P27,P27_T04,right,MST,13.370454414627414,0.908900336892138,-0.2443743646695593,-0.3919068583497208,False
path_length_norm,P27,P27_T05,left,ATG,3.899417825296704,-0.882666815421217,-0.1414044369950456,-0.2267724306286145,False
path_length_norm,P27,P27_T05,right,ATG,8.410687931566331,0.0217907129182018,-0.0215699881196464,-0.0345921156257208,False
path_length_norm,P27,P27_T06,right,CON,1.0964666617773369,-0.146575466166375,-2.209568773373136,-3.5435188034196425,True
path_length_norm,P27,P27_T07,left,MST,10.225599496368032,-0.0895624308271395,0.3665205240074092,0.5877944983250121,False
path_length_norm,P27,P27_T07,right,MST,12.148524695609686,0.8148950975122794,-0.2898195976793088,-0.4647880646902668,False
path_length_norm,P27,P27_T08,left,ATG,4.119582267101277,-0.9766720548010756,0.0215792045365555,0.0346068961326736,False
path_length_norm,P27,P27_T09,left,CON,4.249912365539196,-1.1450382338856526,0.2293938763907048,0.3678824231113957,False
path_length_norm,P27,P27_T09,right,CON,5.868347769239375,-0.2405807055462335,-0.2533887125648034,-0.4063633041740345,False
path_length_norm,P27,P27_T10,left,MST,8.73984500907931,-0.183567670206998,0.2377376582272249,0.3812634720226746,False
path_length_norm,P27,P27_T10,right,MST,9.708649838079998,0.7208898581324209,-0.5179138077785707,-0.8305861933468361,False
path_length_norm,P27,P27_T11,left,ATG,3.5037045883243185,-1.0706772941809342,-0.0855495290845089,-0.1371970714773764,False
path_length_norm,P27,P27_T11,right,ATG,5.643670318119358,-0.1662197658415151,-0.3799411444230286,-0.609317349919129,False
path_length_norm,P27,P27_T12,right,CON,5.40476716760114,-0.334585944926092,-0.269043789968128,-0.4314695881766744,False
path_length_norm,P27,P27_T13,right,MST,10.36830233235527,0.6268846187525624,-0.3301036089595877,-0.5293921418156503,False
path_length_norm,P27,P27_T14,left,CON,6.96455440591922,-1.3330487126453696,1.0714488650116731,1.7182987222775792,False
path_length_norm,P27,P27_T14,right,CON,9.892460885317355,-0.4285911843059505,0.6582743155172407,1.0556844588650525,False
path_length_norm,P27,P27_T15,left,ATG,9.28612718685858,-1.1646825335607924,1.3044875790834385,2.092026426610312,False
path_length_norm,P27,P27_T15,right,ATG,8.49883154166627,-0.2602250052213736,0.2750753787689474,0.4411425382055484,False
path_length_norm,P28,P28_T01,left,MST,5.107194491308094,-0.0425643813889164,-0.6357222551748453,-1.0195173791877197,False
path_length_norm,P28,P28_T01,right,MST,19.146617350950702,0.8618931469505023,0.3328207919528031,0.5337497292077332,False
path_length_norm,P28,P28_T02,right,ATG,5.467455134173117,-0.0252164770234336,-0.5631286431077172,-0.9030979074482992,False
path_length_norm,P28,P28_T04,right,CON,11.03640818834487,-0.1935826561080106,0.5799786066109087,0.9301204483304928,False
path_length_norm,P28,P28_T05,right,CON,7.043163248817906,-0.2875878954878691,0.0414002924024158,0.0663942740153206,False
path_length_norm,P28,P28_T06,right,MST,11.136936965925107,0.7678879075706438,-0.3684399721119596,-0.5908727462314031,False
path_length_norm,P28,P28_T08,left,CON,3.3316600843661046,-1.2860506632071464,0.0687026732204059,0.1101795143629102,False
path_length_norm,P28,P28_T08,right,CON,4.202426817642372,-0.3815931348677276,-0.548309641181347,-0.8793324503116832,False
path_length_norm,P28,P28_T09,right,ATG,14.541022747589858,-0.2132269557831506,1.0006385798455844,1.6047391988152293,False
path_length_norm,P28,P28_T10,left,MST,4.717655430409591,-0.2305748601486335,-0.5511385461546185,-0.8838692079300361,False
path_length_norm,P28,P28_T10,right,MST,11.1281507762421,0.6738826681907853,-0.2755711534434896,-0.4419376195366525,False
path_length_norm,P28,P28_T11,left,CON,2.75327942873908,-1.3800559025870052,-0.0621974993640608,-0.0997470688299827,False
path_length_norm,P28,P28_T11,right,CON,6.238981131888227,-0.4755983742475861,0.0641035304675063,0.1028037996891228,False
path_length_norm,P28,P28_T13,left,MST,4.381721166012753,-0.324580099528492,-0.5521519424701367,-0.8854944069021743,False
path_length_norm,P28,P28_T13,right,MST,12.062222635820651,0.5798774288109269,-0.0651358167123711,-0.1044592927261671,False
path_length_norm,P28,P28_T14,left,CON,2.5135853124063163,-1.4740611419668634,-0.0717513641183995,-0.1150687459872161,False
path_length_norm,P28,P28_T14,right,CON,4.411236986797091,-0.5696036136274446,-0.2985454925217631,-0.4787819139985623,False
path_length_norm,P28,P28_T15,right,ATG,6.268821311782037,-0.4012374345428676,-0.0038020438582486,-0.0060973951412985,False
path_length_norm,P28,P28_T16,left,MST,7.183850101954532,-0.4185853389083506,0.1996088432155404,0.3201157156938442,False
path_length_norm,P28,P28_T16,right,MST,15.165602923183725,0.4858721894310683,0.3633716442219926,0.5827445922692266,False
path_length_norm,P29,P29_T01,right,CON,6.260773585965719,-0.2443892519297121,-0.1623885880820455,-0.2604250305597169,False
path_length_norm,P29,P29_T02,right,MST,12.024344737182732,0.8110865511288008,-0.3009020505785043,-0.4825611617350627,False
path_length_norm,P29,P29_T03,right,ATG,9.067623614625742,-0.0760230728451351,0.1821342259130452,0.2920914080822624,False
path_length_norm,P29,P29_T04,right,ATG,10.270422788498182,-0.1700283122249937,0.4532398456527018,0.7268675837944352,False
path_length_norm,P29,P29_T05,right,CON,5.8780356060567485,-0.3383944913095706,-0.1533630606260362,-0.2459506559050077,False
path_length_norm,P29,P29_T06,right,MST,10.426252817126738,0.7170813117489423,-0.412321323356857,-0.6612459317731129,False
path_length_norm,P29,P29_T07,right,CON,4.099753114670035,-0.4323997306894291,-0.5287829115350299,-0.8480171391501367,False
path_length_norm,P29,P29_T08,right,ATG,9.08763908446916,-0.2640335516048522,0.3732614253431943,0.5986049835758902,False
path_length_norm,P29,P29_T09,right,MST,9.346331118752346,0.6230760723690838,-0.4741131346987607,-0.7603423925966105,False
path_length_norm,P29,P29_T10,right,CON,3.851912553440553,-0.5264049700692877,-0.5129560816606806,-0.8226354131164798,False
path_length_norm,P29,P29_T11,right,MST,8.965158513522637,0.5290708329892253,-0.4390127796920632,-0.7040514233035117,False
path_length_norm,P29,P29_T13,right,CON,13.098030353860777,-0.6204102094491462,1.2549020708422414,2.0125053983684227,False
path_length_norm,P29,P29_T14,right,MST,10.38044165988023,0.4350655936093668,-0.1366098042276554,-0.2190832056669482,False
path_length_norm,P29,P29_T15,right,ATG,13.389351683038988,-0.4520440303645692,1.1186322157420854,1.7939673742500268,False
path_length_norm,P30,P30_T01,left,ATG,6.937729765994344,-0.5941297126278529,0.3272357275107657,0.524792877034964,False
path_length_norm,P30,P30_T01,right,ATG,14.03444626980933,0.310327815711566,0.425080371398183,0.6817078097617091,False
path_length_norm,P30,P30_T05,right,ATG,10.119298426226246,0.2163225763317075,0.0457047212426395,0.0732973515375602,False
path_length_norm,P30,P30_T09,right,MST,11.383608711754588,1.009426960925785,-0.5784054082137182,-0.927597486307707,False
path_length_norm,P30,P30_T10,left,CON,3.341401350515835,-1.0445116098520053,-0.1693113439328053,-0.2715271586420222,False
path_length_norm,P30,P30_T10,right,CON,6.624204048041428,-0.1400540815125864,-0.1900794563654319,-0.3048332941212087,False
path_length_norm,P30,P30_T14,left,CON,3.5272218352368503,-1.1385168492318638,-0.0095370856290455,-0.0152947682206581,False
path_efficiency,P4,P4_T03,right,MST,0.0119799140968426,0.1420417210986809,-0.5784277999201299,-0.6515060242530284,False
path_efficiency,P4,P4_T06,right,CON,0.1131740325526311,0.5879080032022405,0.954419954015536,1.0750008035476175,False
path_efficiency,P4,P4_T07,right,CON,0.065826196754602,0.6558175707055685,0.3872206575318473,0.4361418851791909,False
path_efficiency,P4,P4_T09,right,MST,0.0334997545809966,0.2778608561053368,0.1687268069603691,0.1900436514338299,False
path_efficiency,P4,P4_T10,right,CON,0.13663836387682,0.7237271382088963,0.9995338077282988,1.1258143147156372,False
path_efficiency,P4,P4_T11,right,MST,0.0310104724363221,0.3457704236086648,0.0337444782256235,0.0380077355415914,False
path_efficiency,P4,P4_T12,right,ATG,0.0651333141581646,0.586228673397134,0.4472905739368065,0.5038009991076893,False
path_efficiency,P4,P4_T13,right,MST,0.0396777281946625,0.4136799911119927,0.1805826375102528,0.2033973405664042,False
path_efficiency,P4,P4_T14,right,CON,0.0261386107075684,0.7916367057122242,-0.5600170641554556,-0.6307692870780996,False
path_efficiency,P4,P4_T15,right,ATG,0.0738489545725359,0.654138240900462,0.4928306288461582,0.5550945574780739,False
path_efficiency,P6,P6_T01,left,CON,0.0302933812867895,-0.4928395687990591,0.8520646218762313,0.9597139596020384,False
path_efficiency,P6,P6_T02,right,ATG,0.0065651461955297,-0.6279467531469143,-0.3186572749462372,-0.3589162456026384,False
path_efficiency,P6,P6_T03,right,MST,0.006648253389261,-0.8684050029353836,-0.0675536423279595,-0.0760883293350997,False
path_efficiency,P6,P6_T08,right,ATG,0.0262097454268014,-0.4921276181402584,0.7260933802287364,0.8178275861820377,False
path_efficiency,P6,P6_T10,right,CON,0.0128200734234882,-0.2867195858251682,-0.0919704478452539,-0.1035899395442364,False
path_efficiency,P6,P6_T12,right,ATG,0.0011874643635286,-0.4242180506369304,-1.964422704859714,-2.212606701427997,False
path_efficiency,P6,P6_T13,right,CON,0.010027880989285,-0.2188100183218402,-0.3687577098085099,-0.4153463396177846,False
path_efficiency,P6,P6_T14,right,MST,0.005673932254896,-0.5967667329220718,-0.4732376841589576,-0.5330262518082389,False
path_efficiency,P6,P6_T15,right,ATG,0.0147695544447262,-0.3563084831336025,0.0982811473167458,0.1106979290348781,False
path_efficiency,P9,P9_T01,left,ATG,0.0374519327613376,0.7025350885997714,-0.1587516700113256,-0.178808261613444,False
path_efficiency,P9,P9_T10,left,CON,0.2421873667835327,1.0437622559215176,1.2702937450369427,1.4307819015213057,False
path_efficiency,P9,P9_T12,right,ATG,0.0774983826656255,0.9086550715736624,0.2821825561200202,0.3178333324862615,False
path_efficiency,P10,P10_T01,right,CON,0.0036099803904193,-0.1587493306429646,-1.2931300513900943,-1.4565033332416004,False
path_efficiency,P10,P10_T02,right,ATG,0.0468728606478923,-0.2962477954547269,1.0369285121753244,1.1679334438891709,False
path_efficiency,P10,P10_T04,right,MST,0.0462303547607053,-0.4687964777398683,1.1973076425538611,1.3485747782449995,False
path_efficiency,P10,P10_T05,right,CON,0.0360015873933693,-0.0908397631396367,0.6001551507673155,0.675978395688072,False
path_efficiency,P10,P10_T06,right,ATG,0.0309095989678014,-0.228338227951399,0.6050265778971367,0.6814652760251277,False
path_efficiency,P10,P10_T07,right,CON,0.0269140348858878,-0.0229301956363087,0.279795743255236,0.3151449711032397,False
path_efficiency,P10,P10_T09,right,MST,0.0138110146427344,-0.4008869102365403,0.0856322292005052,0.0964509541243502,False
path_efficiency,P10,P10_T10,right,MST,0.0029585143941804,-0.4008869102365403,-1.218846889970266,-1.372835281373656,False
path_efficiency,P10,P10_T11,right,CON,0.0304715853523535,0.0449793718670191,0.3193309963462878,0.3596750845638048,False
path_efficiency,P10,P10_T13,right,ATG,0.001109304280735,-0.0925190929447431,-2.353425947288398,-2.6507563822200413,False
path_efficiency,P10,P10_T14,right,CON,0.0207973270034782,0.112888939370347,-0.0780342096835231,-0.0878930053390576,False
path_efficiency,P10,P10_T16,right,ATG,0.0374431392988052,-0.0246095254414151,0.5681878584906309,0.639972374711568,False
path_efficiency,P11,P11_T01,left,ATG,0.0981022175995338,-0.1279953126784598,1.5360109505754262,1.7300696608231687,False
path_efficiency,P11,P11_T01,right,ATG,0.0526940848888583,-0.1256040322145526,0.96984672244193,1.0923765807248895,False
path_efficiency,P11,P11_T02,left,MST,0.0506283020874707,-0.3684535624669291,1.1772447723734358,1.325977176974524,False
path_efficiency,P11,P11_T03,left,CON,0.0329135856626881,0.0095031521333024,0.4217348957096434,0.4750166316876453,False
path_efficiency,P11,P11_T04,left,CON,0.0314121729549158,0.0774127196366304,0.31327055106136,0.3528489662248669,False
path_efficiency,P11,P11_T05,left,ATG,0.0017502333079903,-0.0600857451751318,-2.001963149183722,-2.2548899831679208,False
path_efficiency,P11,P11_T06,left,MST,0.0222758882353837,-0.3005439949636012,0.3944062236720643,0.4442352714733254,False
path_efficiency,P11,P11_T06,right,MST,0.0161325464469538,-0.298152714499694,0.1154953365449566,0.1300869486953432,False
path_efficiency,P11,P11_T07,left,CON,0.0060360901676128,0.1453222871399583,-1.1630051050579269,-1.309938478556685,False
path_efficiency,P11,P11_T08,left,ATG,0.0033822327648554,0.007823822328196,-1.5146783118752798,-1.7060418692331416,False
path_efficiency,P11,P11_T08,right,ATG,0.0219710178048474,0.0102151027921031,0.0718001403554782,0.0808713273986247,False
path_efficiency,P11,P11_T09,left,MST,0.0142586324141074,-0.2326344274602732,-0.0554247023655135,-0.0624270263091593,False
path_efficiency,P11,P11_T10,left,CON,0.0057760264669005,0.2132318546432862,-1.2681578846296415,-1.428376197780039,False
path_efficiency,P11,P11_T10,right,CON,0.046632266734773,0.2156231351071934,0.5205192393037612,0.5862813305183991,False
path_efficiency,P11,P11_T11,left,MST,0.001746860855508,-0.1647248599569453,-1.8989482791413064,-2.1388602756926853,False
path_efficiency,P11,P11_T12,left,ATG,0.1840370800873031,0.075733389831524,1.94534497301642,2.1911187002864443,False
path_efficiency,P11,P11_T13,left,CON,0.0374791001232393,0.2811414221466142,0.2632753150409719,0.2965373618107421,False
path_efficiency,P11,P11_T13,right,CON,0.0219530035956262,0.2835327026105213,-0.2022224936562123,-0.2277711632716896,False
path_efficiency,P11,P11_T14,left,MST,0.0380528183725431,-0.0968152924536173,0.6545043923585203,0.7371940881481206,False
path_efficiency,P11,P11_T14,right,MST,0.0217571678726819,-0.0944240119897102,0.1680329603497142,0.1892621446549171,False
path_efficiency,P12,P12_T01,right,MST,0.0180913314250955,0.054320451868424,-0.1389672331266873,-0.1565242707358003,False
path_efficiency,P12,P12_T02,right,CON,0.0019149395023646,0.4322771664686555,-2.418580545353358,-2.7241425734663256,False
path_efficiency,P12,P12_T03,right,ATG,0.0153346419943223,0.2947787016568933,-0.5207596956279128,-0.5865521659515788,False
path_efficiency,P12,P12_T04,right,ATG,0.0236662262681721,0.3626882691602213,-0.216732442261429,-0.24411429015668,False
path_efficiency,P12,P12_T05,right,MST,0.0490117712627102,0.122230019371752,0.6578511985849426,0.7409637278833179,False
path_efficiency,P12,P12_T06,right,CON,0.0522204180608387,0.5001867339719835,0.3360448184858353,0.3785005210551222,False
path_efficiency,P12,P12_T07,right,MST,0.055025039264553,0.1901395868750799,0.6925624842105029,0.7800604166969309,False
path_efficiency,P12,P12_T08,right,ATG,0.0731128070006882,0.4305978366635492,0.7072810664518019,0.7966385358675413,False
path_efficiency,P12,P12_T09,right,CON,0.0396024738258486,0.5680963014753114,0.0245044999968384,0.0276003839570868,False
path_efficiency,P12,P12_T10,right,MST,0.0172854097029795,0.2580491543784078,-0.3816948343374638,-0.4299179327678527,False
path_efficiency,P12,P12_T11,right,CON,0.0162189268948653,0.6360058689786393,-0.8141001715171264,-0.9169531031566406,False
path_efficiency,P12,P12_T12,right,ATG,0.0689019732307839,0.4985074041668772,0.5856938608196595,0.6596900749665081,False
path_efficiency,P12,P12_T13,right,CON,0.0962730703189416,0.7039154364819673,0.6865745369360097,0.7733159557239615,False
path_efficiency,P12,P12_T14,right,MST,0.056613604985207,0.3259587218817358,0.5820838959507845,0.6556240292824338,False
path_efficiency,P12,P12_T15,left,ATG,0.0142389168806373,0.564025691206298,-0.8532648333330128,-0.961065805060674,False
path_efficiency,P12,P12_T15,right,ATG,0.092521994801844,0.5664169716702051,0.787181004715081,0.886632984825837,False
path_efficiency,P15,P15_T01,right,MST,0.0191575776556966,-0.0785903297336064,0.0429979456505413,0.0484302805392482,False
path_efficiency,P15,P15_T02,right,CON,0.0274457035550305,0.2993663848666251,-0.0255965288915664,-0.0288303791330999,False
path_efficiency,P15,P15_T03,right,ATG,0.0096521640786465,0.1618679200548627,-0.7818572383053912,-0.8806366169332361,False
path_efficiency,P15,P15_T04,right,ATG,0.0342200687159378,0.2297774875581907,0.2353213773439235,0.2650517402452924,False
path_efficiency,P15,P15_T05,right,MST,0.0202920180071331,-0.0106807622302785,0.024424074282946,0.027509797306319,False
path_efficiency,P15,P15_T07,right,MST,0.0251265415888181,0.0572288052730494,0.140320774325752,0.1580488175251958,False
path_efficiency,P15,P15_T08,right,ATG,0.0435543513403942,0.2976870550615186,0.3783424411826728,0.4261420002550783,False
path_efficiency,P15,P15_T09,left,CON,0.1078643258576529,0.4327942394093738,1.0641193226821486,1.198559525228907,False
path_efficiency,P15,P15_T09,right,CON,0.018983404062115,0.4351855198732809,-0.4786051390740838,-0.5390718277860778,False
path_efficiency,P15,P15_T12,right,ATG,0.0386938904985776,0.3655966225648466,0.2066975301440528,0.232811573208734,False
path_efficiency,P15,P15_T13,right,CON,0.0854637298160441,0.5710046548799368,0.7093696466089074,0.798990985999913,False
path_efficiency,P15,P15_T14,right,MST,0.0220665623081853,0.1930479402797053,-0.1073027284164806,-0.1208592913268981,False
path_efficiency,P15,P15_T15,right,ATG,0.0315799190315388,0.4335061900681745,-0.0381999745629911,-0.0430261366371701,False
path_efficiency,P16,P16_T01,right,CON,0.0044238277980431,-0.8804626274481571,-0.3998201817129205,-0.4503332257541501,False
path_efficiency,P16,P16_T02,right,ATG,0.0079194006809696,-1.0179610922599194,0.2301627234066879,0.2592413450367468,False
path_efficiency,P16,P16_T07,right,CON,0.0027527975984574,-0.7446434924415012,-0.9358500597941652,-1.054084799931202,False
path_efficiency,P16,P16_T09,right,MST,0.0053821655525605,-1.122600207041733,0.0079691305539588,0.0089759457700338,False
path_efficiency,P16,P16_T10,right,CON,0.0056168204791868,-0.6767339249381733,-0.4018234813710671,-0.4525896211000286,False
path_efficiency,P16,P16_T11,left,MST,0.0035032034982677,-1.057081920002312,-0.4201280856396547,-0.4732068181887564,False
path_efficiency,P16,P16_T11,right,MST,0.0012595501159563,-1.0546906395384048,-1.284345410026536,-1.4466088455111508,False
path_efficiency,P17,P17_T01,right,ATG,0.0377335427176365,-0.3226075695177024,0.8729344848463151,0.9832205086514136,False
path_efficiency,P17,P17_T02,left,MST,0.1094956142451254,-0.5654570997700787,2.0765278703030874,2.3388751668204377,False
path_efficiency,P17,P17_T02,right,MST,0.01854801918717,-0.5630658193061716,0.4997679807938345,0.5629083703461599,False
path_efficiency,P17,P17_T03,left,CON,0.0998458062804491,-0.1875003851698472,1.611952868058324,1.8156060350089636,False
path_efficiency,P17,P17_T03,right,CON,0.0237327665414264,-0.1851091047059401,0.3334825347079277,0.3756145198681407,False
path_efficiency,P17,P17_T04,left,CON,0.0006393278078388,-0.1195908176665192,-2.790015560517133,-3.142504467606146,True
path_efficiency,P17,P17_T04,right,CON,0.007559890792985,-0.1171995372026121,-0.7099596751127152,-0.7996555583540855,False
path_efficiency,P17,P17_T05,left,ATG,0.0055872159865511,-0.2570892824782815,-0.8259357482118153,-0.9302839795739968,False
path_efficiency,P17,P17_T05,right,ATG,0.0118665390542852,-0.2546980020143744,-0.1897782717377387,-0.2137547457548506,False
path_efficiency,P17,P17_T06,right,MST,0.0029475279921115,-0.4951562518028437,-1.1277144188284467,-1.2701891880113405,False
path_efficiency,P17,P17_T07,left,CON,0.003787381463233,-0.0516812501631913,-1.3597196313963706,-1.5315058011944864,False
path_efficiency,P17,P17_T07,right,CON,0.0261307405095052,-0.0492899696992842,0.2806496596974147,0.3161067708410202,False
path_efficiency,P17,P17_T08,left,ATG,0.0005262839728867,-0.1891797149749536,-2.884095235607865,-3.2484701129119955,True
path_efficiency,P17,P17_T08,right,ATG,0.0052636103493697,-0.1867884345110464,-0.9466675041899348,-1.0662689138203325,False
path_efficiency,P17,P17_T10,left,CON,0.2346211081256249,0.0162283173401366,2.2627933316307494,2.548673295786573,False
path_efficiency,P17,P17_T10,right,CON,0.0358360760858551,0.0186195978040437,0.4866777393784468,0.548164315613263,False
path_efficiency,P17,P17_T11,right,MST,0.0128144427976072,-0.3593371167961878,-0.0197270160674423,-0.0222193155485432,False
path_efficiency,P17,P17_T12,left,ATG,0.0687849644001417,-0.1212701474716256,1.20393695068144,1.356041629219907,False
path_efficiency,P17,P17_T12,right,ATG,0.0589923284434509,-0.1188788670077185,1.0636440189207366,1.198024171872874,False
path_efficiency,P17,P17_T13,right,CON,0.0096881487766263,0.0865291653073716,-0.703359642537358,-0.7922216815872615,False
path_efficiency,P17,P17_T14,right,MST,0.0190829613283458,-0.2914275492928598,0.2524905403199979,0.2843900450636969,False
path_efficiency,P18,P18_T01,left,MST,0.0106205497118239,-0.0550749529897832,-0.4837171479495989,-0.5448296848235384,False
path_efficiency,P18,P18_T01,right,MST,0.0131130245771398,-0.0526836725258761,-0.3067630435556904,-0.3455193040900231,False
path_efficiency,P18,P18_T09,left,CON,0.3326818689812743,0.4587008966171041,2.229151837050407,2.5107815547827776,False
path_efficiency,P18,P18_T10,right,MST,0.0238258435289041,0.1510450299841076,0.0006990873490994,0.0007874096291365,False
path_efficiency,P18,P18_T14,right,MST,0.0268748823661921,0.2189545974874356,0.0366533000709176,0.041284056209356,False
path_efficiency,P19,P19_T05,right,CON,0.005056919708808,-0.1581009388893534,-1.009206368369009,-1.136708900916794,False
path_efficiency,P19,P19_T06,right,ATG,0.009091479214669,-0.2955994037011156,-0.3751748949941425,-0.4225742681643798,False
path_efficiency,P19,P19_T08,right,ATG,0.0217850531670928,-0.2276898361977877,0.3023995049241268,0.3406044785821257,False
path_efficiency,P19,P19_T13,right,CON,0.0299089015658984,0.0456277636206304,0.3025261446882995,0.3407471179388092,False
path_efficiency,P20,P20_T01,left,ATG,0.0246366714984838,-0.7701718695644303,0.9507475501435722,1.0708644303539274,False
path_efficiency,P20,P20_T02,left,CON,0.0118577365517221,-0.6326734047526681,0.1875658125942385,0.2112627658385965,False
path_efficiency,P20,P20_T03,left,MST,0.0082967685813651,-1.0106301193528997,0.2622850099056134,0.2954219421133766,False
path_efficiency,P20,P20_T04,left,MST,0.0127678860216487,-0.9427205518495716,0.560556951867401,0.6313773838825775,False
path_efficiency,P20,P20_T07,left,MST,0.0480558078975765,-0.8748109843462437,1.6374885733500315,1.844367906124761,False
path_efficiency,P20,P20_T08,left,ATG,0.0036761996983071,-0.6343527345577744,-0.8021898569575963,-0.903538046537035,False
path_efficiency,P20,P20_T09,left,CON,0.0015338668616411,-0.4968542697460121,-1.676308558402881,-1.888092385008446,False
path_efficiency,P20,P20_T10,left,MST,0.001517186382493,-0.8069014168429158,-1.375467578579906,-1.549243334662118,False
path_efficiency,P20,P20_T11,left,ATG,0.0011945372846118,-0.5664431670544465,-1.8171992189678012,-2.0467830878614364,False
path_efficiency,P20,P20_T12,left,CON,0.0029005876452037,-0.4289447022426842,-1.2074611528233825,-1.3600110769651188,False
path_efficiency,P20,P20_T13,left,MST,0.0140913667176659,-0.7389918493395878,0.4408700839057079,0.4965693481834169,False
path_efficiency,P20,P20_T14,left,CON,0.0062718201455987,-0.3610351347393563,-0.6242423167374791,-0.7031087198856832,False
path_efficiency,P20,P20_T15,left,ATG,0.0327103438009804,-0.4985335995511185,0.9243877827474468,1.0411743856173925,False
path_efficiency,P20,P20_T16,left,ATG,0.0126060002280076,-0.4985335995511185,0.1055051064045904,0.1188345588188168,False
path_efficiency,P21,P21_T01,left,MST,0.0658519294933543,-0.4576138393155131,1.5010037927226945,1.690639719461117,False
path_efficiency,P21,P21_T02,left,ATG,0.0028241316918577,-0.2171555895270438,-1.4417708947294563,-1.62392337235282,False
path_efficiency,P21,P21_T03,left,CON,0.0038164358911613,-0.0796571247152815,-1.32529479473635,-1.4927317511384088,False
path_efficiency,P21,P21_T04,left,CON,0.0243134057030283,-0.0117475572119536,0.1809410192748991,0.2038010000701172,False
path_efficiency,P21,P21_T05,left,MST,0.0163910425553916,-0.3897042718121852,0.2206312098560705,0.2485056257311841,False
path_efficiency,P21,P21_T06,left,ATG,0.0042330776490996,-0.1492460220237159,-1.1682510039768268,-1.3158471412260062,False
path_efficiency,P21,P21_T07,left,CON,0.0161500109447748,0.0561620102913743,-0.2378948854157384,-0.2679503837968001,False
path_efficiency,P21,P21_T08,left,ATG,0.0218469334907954,-0.0813364545203879,0.1584838223001138,0.1785065741816488,False
path_efficiency,P21,P21_T09,left,MST,0.0295346177569306,-0.3217947043088572,0.6590377628388128,0.7423002019595405,False
path_efficiency,P21,P21_T10,left,CON,0.0237029985368108,0.1240715777947022,0.0232211120010815,0.0261548534849948,False
path_efficiency,P21,P21_T11,left,ATG,0.0361805710921887,-0.01342688701706,0.527067425354865,0.5936568105019214,False
path_efficiency,P21,P21_T12,left,MST,0.0038398900341229,-0.2538851368055293,-1.1458964436171586,-1.2906683190015855,False
path_efficiency,P21,P21_T13,left,CON,0.1511959808310092,0.1919811452980301,1.630683729339339,1.8367033421676344,False
path_efficiency,P21,P21_T14,left,ATG,0.0241117426199856,0.0544826804862679,0.1075352273989766,0.1211211640926085,False
path_efficiency,P21,P21_T15,left,MST,0.0189182513480655,-0.1859755693022013,0.1396099229205037,0.157248157576051,False
path_efficiency,P22,P22_T01,right,CON,0.0138677802408527,0.1611956854365984,-0.4729537840853767,-0.532706483968157,False
path_efficiency,P22,P22_T02,right,MST,0.006887348197458,-0.2167610291636331,-0.6892929170918131,-0.7763777744124138,False
path_efficiency,P22,P22_T03,right,ATG,0.0074737347539284,0.023697220624836,-0.8605650266892158,-0.9692883005051096,False
path_efficiency,P22,P22_T05,right,CON,0.0912000381567792,0.2291052529399263,1.1111709133868688,1.2515555859283507,False
path_efficiency,P22,P22_T06,right,MST,0.022038116385649,-0.1488514616603052,0.2334878240877831,0.2629865369609255,False
path_efficiency,P22,P22_T07,right,CON,0.0422960680320434,0.2970148204432543,0.3532649458341443,0.397896229054248,False
path_efficiency,P22,P22_T08,right,ATG,0.0449448407047819,0.1595163556314919,0.5441552264194542,0.6129034741933181,False
path_efficiency,P22,P22_T09,right,MST,0.0211751959232456,-0.0809418941569772,0.1312581219219724,0.1478411950049973,False
path_efficiency,P22,P22_T10,right,CON,0.0518523130746446,0.3649243879465822,0.4650338427839842,0.5237859419916128,False
path_efficiency,P22,P22_T11,right,MST,0.0128078190473048,-0.0130323266536493,-0.3664720964104566,-0.4127719631819515,False
path_efficiency,P22,P22_T13,right,CON,0.0240209873188817,0.4328339554499101,-0.2740644101279501,-0.3086895447562638,False
path_efficiency,P22,P22_T14,right,MST,0.0409079705092097,0.0548772408496786,0.5661326362225199,0.637657496884053,False
path_efficiency,P22,P22_T15,right,ATG,0.0302823955073752,0.2953354906381478,0.0635751195051675,0.0716071623043397,False
path_efficiency,P25,P25_T01,left,MST,0.0086422025655344,-0.2671976893414889,-0.4465626872082726,-0.5029811516026435,False
path_efficiency,P25,P25_T02,left,CON,0.0231059676553859,0.1107590252587426,0.0145738436499679,0.0164150943917062,False
path_efficiency,P25,P25_T02,right,CON,0.0168170446811059,0.1131503057226498,-0.2602894762846101,-0.2931742939611566,False
path_efficiency,P25,P25_T04,left,ATG,0.0805513711358639,0.0411701279503083,1.1849359195115057,1.3346400190691825,False
path_efficiency,P25,P25_T05,left,MST,0.0119652572873294,-0.1992881218381609,-0.2381395674254973,-0.2682259787861942,False
path_efficiency,P25,P25_T05,right,MST,0.027931673928356,-0.1968968413742538,0.4858419413860165,0.5472229233993996,False
path_efficiency,P25,P25_T06,left,CON,0.0991181521621423,0.1786685927620706,1.2389555886194572,1.3954845010543937,False
path_efficiency,P25,P25_T07,left,MST,0.001129788423543,-0.131378554334833,-2.299167324155522,-2.589642756900469,False
path_efficiency,P25,P25_T07,right,MST,0.0059988371874975,-0.1289872738709258,-0.8939314633513269,-1.0068702329368222,False
path_efficiency,P25,P25_T08,left,ATG,0.1686211849281682,0.1090796954536362,1.8227207536646457,2.053002209969006,False
path_efficiency,P25,P25_T09,left,CON,0.0178569855196697,0.2465781602653985,-0.3423862395765019,-0.3856431135160394,False
path_efficiency,P25,P25_T10,left,MST,0.0081281951534326,-0.063468986831505,-0.702275509996743,-0.7910005803860451,False
path_efficiency,P25,P25_T10,right,MST,0.0117576010327018,-0.0610777063675979,-0.3912444127467163,-0.4406739992355496,False
path_efficiency,P25,P25_T12,left,ATG,0.1230955729921514,0.1769892629569642,1.4454414869222751,1.6280577049808989,False
path_efficiency,P25,P25_T12,right,ATG,0.0291697179613248,0.1793805434208713,0.1470953851477615,0.1656793286505573,False
path_efficiency,P25,P25_T14,right,MST,0.0374369661547316,0.00683186113573,0.5366024710976055,0.6043965082546598,False
path_efficiency,P25,P25_T15,left,ATG,0.0141147079016415,0.2448988304602921,-0.541609353634579,-0.6100359573544712,False
path_efficiency,P25,P25_T16,left,ATG,0.0222405884960533,0.2448988304602921,-0.1524001779442278,-0.171654325814921,False
path_efficiency,P26,P26_T02,left,CON,0.0020244376010392,-0.5753295350104564,-1.3641356946284315,-1.5364797872296792,False
path_efficiency,P26,P26_T02,right,CON,0.0024144872223187,-0.5729382545465493,-1.2180774396364695,-1.3719686191421707,False
path_efficiency,P26,P26_T06,right,MST,0.0095807461809074,-0.9508949691467808,0.3246016917425541,0.3656116764827001,False
path_efficiency,P26,P26_T09,left,ATG,0.0028188616235484,-0.6449184323188908,-1.015582711589427,-1.1438908275485724,False
path_efficiency,P26,P26_T12,right,MST,0.0255765797324085,-0.815075834140125,1.0279373645808476,1.1578063600533686,False
path_efficiency,P26,P26_T14,right,MST,0.0232473849623587,-0.7471662666367971,0.8777503466737975,0.9886448035988696,False
path_efficiency,P26,P26_T18,right,MST,0.0033672488035158,-0.6792566991334691,-0.8313430146204622,-0.9363743968057776,False
path_efficiency,P27,P27_T01,right,ATG,0.0290117089170129,-0.0366526312905741,0.3584255841826177,0.4037088593833676,False
path_efficiency,P27,P27_T02,right,CON,0.0318172303639208,0.1008458335211881,0.3009600760117144,0.3389831930767434,False
path_efficiency,P27,P27_T03,right,MST,0.0042658989443139,-0.2771108810790433,-1.0338654562355083,-1.1644834032830838,False
path_efficiency,P27,P27_T04,left,MST,0.0144498289926846,-0.2115925940396225,-0.0651057482437544,-0.0733311697677116,False
path_efficiency,P27,P27_T04,right,MST,0.0195454699232775,-0.2092013135757154,0.1907927462766279,0.214897388403819,False
path_efficiency,P27,P27_T05,left,ATG,0.0150213872740237,0.0288656557488466,-0.272464904292066,-0.3068879583040735,False
path_efficiency,P27,P27_T05,right,ATG,0.0158982657945527,0.0312569362127538,-0.2264123155287862,-0.2550171128573867,False
path_efficiency,P27,P27_T06,right,CON,0.0522987953319007,0.168755401024516,0.6688064755504903,0.7533030880271429,False
path_efficiency,P27,P27_T07,left,MST,0.0115863928021977,-0.1436830265362946,-0.3211160544189916,-0.361685665812093,False
path_efficiency,P27,P27_T07,right,MST,0.0028431740550005,-0.1412917460723875,-1.5119693328263228,-1.7029906393817853,False
path_efficiency,P27,P27_T08,left,ATG,0.0219593646943615,0.0967752232521746,-0.0152159911374154,-0.0171383704109237,False
path_efficiency,P27,P27_T09,left,CON,0.0790790732033539,0.2342736880639369,0.974979676573497,1.0981580292295987,False
path_efficiency,P27,P27_T09,right,CON,0.0562438355676383,0.236664968527844,0.6655394311619143,0.7496232871929622,False
path_efficiency,P27,P27_T10,left,MST,0.0184215379940176,-0.0757734590329667,0.0066150607193596,0.0074508035576047,False
path_efficiency,P27,P27_T10,right,MST,0.0272234564913059,-0.0733821785690595,0.3401247869719693,0.3830959503340155,False
path_efficiency,P27,P27_T11,left,ATG,0.0113129652980331,0.1646847907555025,-0.6497930936370269,-0.7318875667472952,False
path_efficiency,P27,P27_T11,right,ATG,0.0389242698667292,0.1670760712194097,0.4104099606593587,0.4622609110764411,False
path_efficiency,P27,P27_T12,right,CON,0.0650198220802752,0.304574536031172,0.7273765608028888,0.819272883027003,False
path_efficiency,P27,P27_T13,right,MST,0.0248647116977533,-0.0054726110657316,0.193990370509158,0.2184989985807131,False
path_efficiency,P27,P27_T14,left,CON,0.0335596347893943,0.3700928230705927,0.0780482570818502,0.0879088274773373,False
path_efficiency,P27,P27_T14,right,CON,0.0244649660001328,0.3724841035344999,-0.1979359348701493,-0.2229430431972042,False
path_efficiency,P27,P27_T15,left,ATG,0.0179757460886151,0.2325943582588305,-0.3227283215287983,-0.363501625789966,False
path_efficiency,P27,P27_T15,right,ATG,0.0353479913318374,0.2349856387227376,0.2583577607070671,0.2909985265860642,False
path_efficiency,P28,P28_T01,left,MST,0.1220041815165505,0.0331255516464629,1.580772811335151,1.7804867084577438,False
path_efficiency,P28,P28_T01,right,MST,0.0242222643276398,0.03551683211037,0.1304408632794521,0.1469206843914889,False
path_efficiency,P28,P28_T02,right,ATG,0.0680570867605384,0.2759750818988393,0.7970916222495084,0.8977957038871246,False
path_efficiency,P28,P28_T04,right,CON,0.0136473231637031,0.4134735467106016,-0.7388910302735512,-0.8322420837245662,False
path_efficiency,P28,P28_T05,right,CON,0.0753217719869586,0.4813831142139295,0.6835246130721488,0.7698807062924978,False
path_efficiency,P28,P28_T06,right,MST,0.045385636743582,0.1034263996136979,0.608837913522871,0.6857581335277564,False
path_efficiency,P28,P28_T08,left,CON,0.0118005569782333,0.5469014012533504,-0.9961212391959462,-1.121970604303878,False
path_efficiency,P28,P28_T08,right,CON,0.036783058315618,0.5492926817172575,-0.0212428136065059,-0.0239266180474621,False
path_efficiency,P28,P28_T09,right,ATG,0.0257742672016919,0.4117942169054952,-0.1922894037241983,-0.2165831326634654,False
path_efficiency,P28,P28_T10,left,MST,0.0347394362634129,0.1689446866531188,0.3092695314277014,0.3483424601495311,False
path_efficiency,P28,P28_T10,right,MST,0.0156858539005391,0.1713359671170259,-0.3779803511339431,-0.4257341639648757,False
path_efficiency,P28,P28_T11,left,CON,0.0241353295335316,0.6148109687566783,-0.45195077771854,-0.5090499702644444,False
path_efficiency,P28,P28_T11,right,CON,0.0182030773985391,0.6172022492205854,-0.6965767331364338,-0.784581823445459,False
path_efficiency,P28,P28_T13,left,MST,0.0582929267714448,0.2368542541564467,0.6972599969357389,0.7853514103869284,False
path_efficiency,P28,P28_T13,right,MST,0.0202677684803689,0.2392455346203538,-0.2265282486704584,-0.2551476929232488,False
path_efficiency,P28,P28_T14,left,CON,0.1237123484111491,0.6827205362600063,0.9445033747164244,1.0638313695158397,False
path_efficiency,P28,P28_T14,right,CON,0.0927169161987739,0.6851118167239134,0.6704359627366443,0.7551384436555705,False
path_efficiency,P28,P28_T15,right,ATG,0.0341469857492637,0.5476133519121511,-0.0843754066669164,-0.0950353453791219,False
path_efficiency,P28,P28_T16,left,MST,0.0188057945169731,0.3047638216597746,-0.3562379460211695,-0.4012448363172803,False
path_efficiency,P28,P28_T16,right,MST,0.022890975595705,0.3071551021236818,-0.1898658999467656,-0.2138534448597059,False
path_efficiency,P29,P29_T01,right,CON,0.1305532013757181,0.230611436775215,1.4484469961896125,1.6314429285021212,False
path_efficiency,P29,P29_T02,right,MST,0.0089935558783331,-0.1473452778250165,-0.5326159169395345,-0.5999062952144967,False
path_efficiency,P29,P29_T03,right,ATG,0.039217425116563,0.0931129719634528,0.4909372055827972,0.5529619202453703,False
path_efficiency,P29,P29_T04,right,ATG,0.0229698722031201,0.1610225394667807,-0.0407729812223005,-0.0459242154280142,False
path_efficiency,P29,P29_T05,right,CON,0.0205054399236435,0.298521004278543,-0.275798997087903,-0.3106432784014242,False
path_efficiency,P29,P29_T06,right,MST,0.0300727991479657,-0.0794357103216885,0.4323258374742149,0.4869456267378211,False
path_efficiency,P29,P29_T07,right,CON,0.0548707439833023,0.3664305717818709,0.5137736346486771,0.5786834901818465,False
path_efficiency,P29,P29_T08,right,ATG,0.0227387202521511,0.2289321069701086,-0.1173841019073394,-0.1322143395506284,False
path_efficiency,P29,P29_T09,right,MST,0.0125596656124043,-0.0115261428183606,-0.3846374382326752,-0.4332323034896357,False
path_efficiency,P29,P29_T10,right,CON,0.0325778848726761,0.4343401392851987,-0.0120122087072027,-0.0135298240133131,False
path_efficiency,P29,P29_T11,right,MST,0.0103939197351277,0.0563834246849673,-0.613501021471152,-0.691010375761734,False
path_efficiency,P29,P29_T13,right,CON,0.0034099530493431,0.5022497067885268,-2.0022189304669094,-2.255178079706349,False
path_efficiency,P29,P29_T14,right,MST,0.0214685018183848,0.1242929921882952,-0.0621603553366644,-0.0700136576719475,False
path_efficiency,P29,P29_T15,right,ATG,0.0321546531975257,0.3647512419767645,0.0462160357362716,0.0520549422130676,False
path_efficiency,P30,P30_T01,left,ATG,0.0362231795598357,0.1614262283223781,0.3532409108089595,0.3978691574582716,False
path_efficiency,P30,P30_T01,right,ATG,0.0166679604443369,0.1638175087862852,-0.3185699222130674,-0.3588178567770962,False
path_efficiency,P30,P30_T05,right,ATG,0.024221142382304,0.2317270762896131,-0.0658092869403106,-0.0741235931248961,False
path_efficiency,P30,P30_T09,right,MST,0.0314527131019822,0.0591783940044718,0.3326243148351084,0.3746478730068511,False
path_efficiency,P30,P30_T10,left,CON,0.0785952793044742,0.5026533956441241,0.700999595938973,0.7895634681048216,False
path_efficiency,P30,P30_T10,right,CON,0.0434718412394528,0.5050446761080314,0.1693182215692235,0.1907097850127365,False
path_efficiency,P30,P30_T14,left,CON,0.0488283466193111,0.5705629631474521,0.2062040682590182,0.2322557676425361,False
mean_speed_norm_s,P4,P4_T03,right,MST,0.0778010958945907,0.3396041541095541,-0.3439664168265177,-0.4800968658197688,False
mean_speed_norm_s,P4,P4_T06,right,CON,0.046574834308474,-0.1987491666054431,-0.6111703095942298,-0.8530511578003174,False
mean_speed_norm_s,P4,P4_T07,right,CON,0.0609383152039672,-0.1138579043557718,-0.3225770391021647,-0.4502422849509734,False
mean_speed_norm_s,P4,P4_T09,right,MST,0.1214430591416975,0.5093866786088967,0.5738388845654756,0.8009451983922802,False
mean_speed_norm_s,P4,P4_T10,right,CON,0.0569896084818339,-0.0289666421061005,-0.5096376664190942,-0.7113352768823128,False
mean_speed_norm_s,P4,P4_T11,right,MST,0.0995081666983249,0.594277940858568,-0.0522889037522011,-0.0729831099215846,False
mean_speed_norm_s,P4,P4_T12,right,ATG,0.0611225092933378,-0.0194848194081054,-0.4121935490202269,-0.5753260240389895,False
mean_speed_norm_s,P4,P4_T13,right,MST,0.1163835778012452,0.6791692031082392,0.2801605019278059,0.3910386954138933,False
mean_speed_norm_s,P4,P4_T14,right,CON,0.1208271987938138,0.0559246201435708,1.0122497548365084,1.4128644860377286,False
mean_speed_norm_s,P4,P4_T15,right,ATG,0.0585795953082563,0.0654064428415658,-0.5628253919884266,-0.7855729323531879,False
mean_speed_norm_s,P6,P6_T01,left,CON,0.0642543674006809,-1.2262888143561108,0.8753605199514967,1.221799052269214,False
mean_speed_norm_s,P6,P6_T02,right,ATG,0.081954713275911,-0.148849599131431,0.249877204586076,0.3487702778323436,False
mean_speed_norm_s,P6,P6_T03,right,MST,0.0735987301482521,0.4649131611352425,-0.5763163257109175,-0.8044031282104097,False
mean_speed_norm_s,P6,P6_T08,right,ATG,0.0397311997816967,0.0209329253679115,-1.0106098276031945,-1.4105755302374776,False
mean_speed_norm_s,P6,P6_T10,right,CON,0.0489684660240198,0.0963423649195878,-0.8436671689989985,-1.1775625288318268,False
mean_speed_norm_s,P6,P6_T12,right,ATG,0.0727428656547495,0.1058241876175828,-0.2390789238574327,-0.3336983973217577,False
mean_speed_norm_s,P6,P6_T13,right,CON,0.123787468285479,0.1812336271692591,0.9592121021387994,1.338836297281586,False
mean_speed_norm_s,P6,P6_T14,right,MST,0.0949017346649104,0.8044782101339276,-0.3775225951780668,-0.5269334616831179,False
mean_speed_norm_s,P6,P6_T15,right,ATG,0.1000412926976953,0.1907154498672542,0.3645558671275714,0.5088349346396481,False
mean_speed_norm_s,P9,P9_T01,left,ATG,0.0738084608869604,-0.7807098978657472,0.6746588327230619,0.9416663233472824,False
mean_speed_norm_s,P9,P9_T10,left,CON,0.0502537543042789,-0.5355179338147285,-0.1782548499919429,-0.2488021812939594,False
mean_speed_norm_s,P9,P9_T12,right,ATG,0.1204068256811375,0.5419212814099514,0.515974724284002,0.7201803311394417,False
mean_speed_norm_s,P10,P10_T01,right,CON,0.1370689404998895,0.0636682013574117,1.3987025410970328,1.9522624109362248,False
mean_speed_norm_s,P10,P10_T02,right,ATG,0.0803339374821062,0.0731500240554067,-0.0131982008494622,-0.0184216090650572,False
mean_speed_norm_s,P10,P10_T04,right,MST,0.1189502638961109,0.7718040465717516,0.2504483141568651,0.3495674135454901,False
mean_speed_norm_s,P10,P10_T05,right,CON,0.0571928206572914,0.148559463607083,-0.6818965242660102,-0.9517684520887992,False
mean_speed_norm_s,P10,P10_T06,right,ATG,0.0490447071218912,0.158041286305078,-0.9033746953519456,-1.260900305037923,False
mean_speed_norm_s,P10,P10_T07,right,CON,0.1000383925730551,0.2334507258567543,0.3217483549631843,0.4490856352363017,False
mean_speed_norm_s,P10,P10_T09,right,MST,0.1394044255596527,0.8566953088214229,0.6618954749852521,0.923851653811246,False
mean_speed_norm_s,P10,P10_T10,right,MST,0.0728694194679001,0.8566953088214229,-0.9867178283068906,-1.3772278735500845,False
mean_speed_norm_s,P10,P10_T11,right,CON,0.109077460908258,0.3183419881064256,0.461082122055297,0.6435630656231274,False
mean_speed_norm_s,P10,P10_T13,right,ATG,0.0908073352117991,0.3278238108044206,-0.0035219537853716,-0.004915825764385,False
mean_speed_norm_s,P10,P10_T14,right,CON,0.0953488881350642,0.4032332503560969,0.0349100253231492,0.0487262503646856,False
mean_speed_norm_s,P10,P10_T16,right,ATG,0.0738459657582475,0.4127150730540919,-0.5178091650169032,-0.722740782402456,False
mean_speed_norm_s,P11,P11_T01,left,ATG,0.0300008177261027,-0.9055989716710432,-0.3417073548147409,-0.4769437423213967,False
mean_speed_norm_s,P11,P11_T01,right,ATG,0.0799671876928235,0.1623584208556414,-0.1117097915727393,-0.1559208056131284,False
mean_speed_norm_s,P11,P11_T02,left,MST,0.0351481087608121,-0.2918362114043699,-0.8188845711660958,-1.142971804376162,False
mean_speed_norm_s,P11,P11_T03,left,CON,0.0580593322351744,-0.9150807943690384,0.4041923065944663,0.564158156411932,False
mean_speed_norm_s,P11,P11_T04,left,CON,0.0710595924776795,-0.8301895321193671,0.6539072658677467,0.9127019776416636,False
mean_speed_norm_s,P11,P11_T05,left,ATG,0.0389759680355734,-0.8207077094213721,-0.1888788339102792,-0.2636307841231867,False
mean_speed_norm_s,P11,P11_T06,left,MST,0.0492806477891531,-0.2069449491546985,-0.5322266759620806,-0.7428642638794077,False
mean_speed_norm_s,P11,P11_T06,right,MST,0.1269018637357326,0.8610124433719862,0.3552622232144108,0.4958631760711257,False
mean_speed_norm_s,P11,P11_T07,left,CON,0.0610520989953805,-0.7452982698696958,0.3118017437106749,0.4352024866082602,False
mean_speed_norm_s,P11,P11_T08,left,ATG,0.0440936238106595,-0.7358164471717008,-0.1391392256340143,-0.1942058959005036,False
mean_speed_norm_s,P11,P11_T08,right,ATG,0.0964323763402077,0.3321409453549839,0.1330919870387377,0.1857653617249799,False
mean_speed_norm_s,P11,P11_T09,left,MST,0.0590682401311784,-0.1220536869050272,-0.3627203430171258,-0.5062729712343487,False
mean_speed_norm_s,P11,P11_T10,left,CON,0.0660215941973295,-0.6604070076200246,0.3549390877631654,0.4954121543731079,False
mean_speed_norm_s,P11,P11_T10,right,CON,0.1508546525979706,0.4075503849066603,1.3850145511503795,1.933157170565985,False
mean_speed_norm_s,P11,P11_T11,left,MST,0.0524140844087935,-0.0371624246553559,-0.6203080655813807,-0.8658053331949159,False
mean_speed_norm_s,P11,P11_T12,left,ATG,0.0322042654690425,-0.6509251849220296,-0.5378283566552499,-0.7506829031783427,False
mean_speed_norm_s,P11,P11_T13,left,CON,0.0517145218314145,-0.5755157453703532,-0.1001740073560845,-0.1398195423029302,False
mean_speed_norm_s,P11,P11_T13,right,CON,0.1274452624676781,0.4924416471563315,0.7370421528754905,1.02873888339816,False
mean_speed_norm_s,P11,P11_T14,left,MST,0.0409237008429941,0.0477288375943153,-1.005998103281974,-1.4041386390634203,False
mean_speed_norm_s,P11,P11_T14,right,MST,0.1516545991499265,1.115686230121,0.695917353429544,0.971338258349862,False
mean_speed_norm_s,P12,P12_T01,right,MST,0.0880407373342037,0.3158771783220904,-0.0611571458831511,-0.0853611068541958,False
mean_speed_norm_s,P12,P12_T02,right,CON,0.0714232792050085,-0.3073674046425779,0.1403873579509911,0.1959479974086608,False
mean_speed_norm_s,P12,P12_T03,right,ATG,0.0806787397790518,-0.2978855819445828,0.3665809859526748,0.5116615280315697,False
mean_speed_norm_s,P12,P12_T04,right,ATG,0.058789772202824,-0.2129943196949115,-0.2789850561306772,-0.3893980473286847,False
mean_speed_norm_s,P12,P12_T05,right,MST,0.1042851319160648,0.4007684405717618,0.2600047179180922,0.3629059235564469,False
mean_speed_norm_s,P12,P12_T06,right,CON,0.0566211741502167,-0.2224761423929067,-0.3256805456582712,-0.4545740560127667,False
mean_speed_norm_s,P12,P12_T07,right,MST,0.1264150401964489,0.485659702821433,0.7187756701837034,1.0032431353806983,False
mean_speed_norm_s,P12,P12_T08,right,ATG,0.0510422763799198,-0.1281030574452402,-0.5651059380169425,-0.7887560425264128,False
mean_speed_norm_s,P12,P12_T09,right,CON,0.0552149928317128,-0.1375848801432354,-0.4470604459452948,-0.6239920772223988,False
mean_speed_norm_s,P12,P12_T10,right,MST,0.1137919149475273,0.5705509650711043,0.3250968199474703,0.4537593111116816,False
mean_speed_norm_s,P12,P12_T11,right,CON,0.0889483481972776,-0.052693617893564,0.3302601645391073,0.4609661354826859,False
mean_speed_norm_s,P12,P12_T12,right,ATG,0.0755950277853107,-0.0432117951955689,-0.0172903669179632,-0.0241333181383653,False
mean_speed_norm_s,P12,P12_T13,right,CON,0.0818318863240624,0.0321976443561072,0.065719278237571,0.0917287792130838,False
mean_speed_norm_s,P12,P12_T14,right,MST,0.1015647656739218,0.6554422273207756,-0.0622506158580309,-0.0868873358176256,False
mean_speed_norm_s,P12,P12_T15,left,ATG,0.0349005205060445,-1.0262779254725825,-0.0909971520472912,-0.1270107933777255,False
mean_speed_norm_s,P12,P12_T15,right,ATG,0.0416330442012733,0.0416794670541023,-0.9812833814408726,-1.369642653655913,False
mean_speed_norm_s,P15,P15_T01,right,MST,0.0972395727822794,1.1044760543473695,-0.6190787794684134,-0.8640895365904787,False
mean_speed_norm_s,P15,P15_T02,right,CON,0.1483761413053685,0.4812314713827013,1.252261013595125,1.7478642053550535,False
mean_speed_norm_s,P15,P15_T03,right,ATG,0.1290659809774918,0.4907132940806964,0.778129741381625,1.0860875706563016,False
mean_speed_norm_s,P15,P15_T04,right,ATG,0.1153269824932923,0.5756045563303678,0.3577805277442526,0.4993781416398909,False
mean_speed_norm_s,P15,P15_T05,right,MST,0.1395215785898541,1.189367316597041,0.3320405511713358,0.4634511398327222,False
mean_speed_norm_s,P15,P15_T07,right,MST,0.1496743212843219,1.2742585788467125,0.4901904081250956,0.6841914416152635,False
mean_speed_norm_s,P15,P15_T08,right,ATG,0.093225297980513,0.660495818580039,-0.2755249174764532,-0.3845685010650661,False
mean_speed_norm_s,P15,P15_T09,left,CON,0.0334144566222439,-0.4169433966446408,-0.7397045774459746,-1.032455006918485,False
mean_speed_norm_s,P15,P15_T09,right,CON,0.0887115233416368,0.6510139958820439,-0.3794070027404063,-0.5295636549820835,False
mean_speed_norm_s,P15,P15_T12,right,ATG,0.0758129753356994,0.7453870808297103,-0.8003378022788827,-1.1170848422244892,False
mean_speed_norm_s,P15,P15_T13,right,CON,0.1156948085754892,0.8207965203813865,0.1216232941781058,0.1697577422944586,False
mean_speed_norm_s,P15,P15_T14,right,MST,0.161108872037924,1.444041103346055,0.5915768212002266,0.8257032194311442,False
mean_speed_norm_s,P15,P15_T15,right,ATG,0.1294012976518498,0.8302783430793816,0.4467008216331769,0.6234901255879534,False
mean_speed_norm_s,P16,P16_T01,right,CON,0.1023916952686748,-0.027635988702309,0.641388496012287,0.8952286957236892,False
mean_speed_norm_s,P16,P16_T02,right,ATG,0.0606232018814059,-0.018154166004314,-0.4264200881624234,-0.5951829534353137,False
mean_speed_norm_s,P16,P16_T07,right,CON,0.12046594034393,0.1421465357970335,0.917195091090715,1.2801903530018746,False
mean_speed_norm_s,P16,P16_T09,right,MST,0.1256682423322949,0.7653911187617021,0.4208725723826735,0.5874399157180968,False
mean_speed_norm_s,P16,P16_T10,right,CON,0.0825258905069978,0.2270377980467048,-0.1115493470642207,-0.1556968625131349,False
mean_speed_norm_s,P16,P16_T11,left,MST,0.0335684098581688,-0.2176750115153114,-0.9348913814370758,-1.3048902455387947,False
mean_speed_norm_s,P16,P16_T11,right,MST,0.0823396126793936,0.8502823810113733,-0.7395092018547886,-1.0321823081769874,False
mean_speed_norm_s,P17,P17_T01,right,ATG,0.0511965526148387,-0.3879901135973305,-0.3011973319139935,-0.4204012018944195,False
mean_speed_norm_s,P17,P17_T02,left,MST,0.0160088399656529,-0.8421847458573419,-0.7798828365619872,-1.0885344825070016,False
mean_speed_norm_s,P17,P17_T02,right,MST,0.0778957210133071,0.2257726466693427,-0.2277294654142513,-0.3178572013189766,False
mean_speed_norm_s,P17,P17_T03,left,CON,0.0341504756875847,-1.4654293288220104,0.3282890702415721,0.4582149477265884,False
mean_speed_norm_s,P17,P17_T03,right,CON,0.0558413635133979,-0.3974719362953256,-0.1709138557524365,-0.2385558660899795,False
mean_speed_norm_s,P17,P17_T04,left,CON,0.0330456780007126,-1.3805380665723392,0.2141106251947253,0.2988484778342293,False
mean_speed_norm_s,P17,P17_T04,right,CON,0.0404011037353378,-0.3125806740456543,-0.6594481229060183,-0.920435721309352,False
mean_speed_norm_s,P17,P17_T05,left,ATG,0.0238209352049436,-1.371056243874344,-0.0411404437245797,-0.0574224608112456,False
mean_speed_norm_s,P17,P17_T05,right,ATG,0.0349483020970014,-0.3030988513476592,-0.8129112030372657,-1.1346343761368074,False
mean_speed_norm_s,P17,P17_T06,right,MST,0.070705513680222,0.3106639089190141,-0.4960056823886761,-0.6923082077041909,False
mean_speed_norm_s,P17,P17_T07,left,CON,0.0277261327769915,-1.295646804322668,-0.0122368586167225,-0.0170797996024453,False
mean_speed_norm_s,P17,P17_T07,right,CON,0.0490252377644903,-0.227689411795983,-0.5181525173741621,-0.7232200221843879,False
mean_speed_norm_s,P17,P17_T08,left,ATG,0.0602128748429861,-1.2861649816246727,0.830988441167478,1.1598659828996556,False
mean_speed_norm_s,P17,P17_T08,right,ATG,0.0612675387712536,-0.2182075890979879,-0.2097261608852928,-0.2927287886137586,False
mean_speed_norm_s,P17,P17_T10,left,CON,0.0260657883039002,-1.2107555420729963,-0.141429611847635,-0.1974027406762849,False
mean_speed_norm_s,P17,P17_T10,right,CON,0.055219386086108,-0.1427981495463117,-0.4417331014081675,-0.6165563471909206,False
mean_speed_norm_s,P17,P17_T11,right,MST,0.1074144953446168,0.4804464334183566,0.2578633042297892,0.359917009668681,False
mean_speed_norm_s,P17,P17_T12,left,ATG,0.0659051023488361,-1.2012737193750014,0.8928114688550902,1.2461565053935455,False
mean_speed_norm_s,P17,P17_T12,right,ATG,0.0951120428465368,-0.1333163268483166,0.5655343654939862,0.789354027326375,False
mean_speed_norm_s,P17,P17_T13,right,CON,0.1005804533096459,-0.0579068872966404,0.6266042850303186,0.8745933865515119,False
mean_speed_norm_s,P17,P17_T14,right,MST,0.1083740737506171,0.565337695668028,0.1967037318504775,0.2745525159919798,False
mean_speed_norm_s,P18,P18_T01,left,MST,0.0419397391836699,-0.5010180711608896,-0.4305195410616036,-0.6009048332241328,False
mean_speed_norm_s,P18,P18_T01,right,MST,0.1345676146231125,0.5669393213657951,0.8350910340809935,1.1655922454158782,False
mean_speed_norm_s,P18,P18_T09,left,CON,0.0244860436915742,-0.9544801296262156,-0.4399225431330289,-0.6140292302668386,False
mean_speed_norm_s,P18,P18_T10,right,MST,0.1055294736607322,0.8216131081148089,-0.1299824760589881,-0.181425209888695,False
mean_speed_norm_s,P18,P18_T14,right,MST,0.123184838173173,0.9065043703644804,0.2192443280243837,0.3060139292213401,False
mean_speed_norm_s,P19,P19_T05,right,CON,0.0412681749861142,-0.7288830805832853,-0.2203202548565442,-0.3075156720505889,False
mean_speed_norm_s,P19,P19_T06,right,ATG,0.0413742438928814,-0.7194012578852902,-0.2270111415921366,-0.316854588858078,False
mean_speed_norm_s,P19,P19_T08,right,ATG,0.0229611643172717,-0.6345099956356189,-0.8007057548557991,-1.1175984181734953,False
mean_speed_norm_s,P19,P19_T13,right,CON,0.0284241480415699,-0.4742092938342714,-0.8150712155048858,-1.1376492495811503,False
mean_speed_norm_s,P20,P20_T01,left,ATG,0.0903243377686779,-0.100095255894498,0.412262122349739,0.5754217364078925,False
mean_speed_norm_s,P20,P20_T02,left,CON,0.1149045161296803,-0.1095770785924932,1.0325816528153235,1.4412430719062428,False
mean_speed_norm_s,P20,P20_T03,left,MST,0.1651359556445042,0.5136675043721752,1.6168167606985575,2.256698972469007,False
mean_speed_norm_s,P20,P20_T04,left,MST,0.1116888333636488,0.5985587666218465,0.2453034322293783,0.3423863587460475,False
mean_speed_norm_s,P20,P20_T07,left,MST,0.146635781093426,0.6834500288715177,1.008486739905233,1.4076121951565248,False
mean_speed_norm_s,P20,P20_T08,left,ATG,0.0049747708136761,0.0696872686048444,-1.990949425342516,-2.7789008820436725,False
mean_speed_norm_s,P20,P20_T09,left,CON,0.0045581052111342,0.0602054459068492,-1.9928299752826175,-2.7815256910020305,False
mean_speed_norm_s,P20,P20_T10,left,MST,0.0065588175067404,0.7683412911211891,-2.646449824308844,-3.693826501791212,True
mean_speed_norm_s,P20,P20_T11,left,ATG,0.0751915643142055,0.1545785308545156,-0.225360462870154,-0.3145506264881153,False
mean_speed_norm_s,P20,P20_T12,left,CON,0.0688335840532549,0.1450967081565205,-0.3783837650299266,-0.5281354538736082,False
mean_speed_norm_s,P20,P20_T13,left,MST,0.2000029378168898,0.8532325533708603,2.08516669541086,2.9104062088812066,False
mean_speed_norm_s,P20,P20_T14,left,CON,0.1590073456378524,0.2299879704061919,1.7559933893453694,2.450957074248741,False
mean_speed_norm_s,P20,P20_T15,left,ATG,0.0550469682825998,0.239469793104187,-0.8284783969234971,-1.1563625467627143,False
mean_speed_norm_s,P20,P20_T16,left,ATG,0.2042466214355449,0.239469793104187,2.795654824118718,3.902081869958414,True
mean_speed_norm_s,P21,P21_T01,left,MST,0.0567949336544197,-0.6593945585814232,0.1157433399366694,0.1615506980471679,False
mean_speed_norm_s,P21,P21_T02,left,ATG,0.0280806503187364,-1.2731573188480965,-0.0252763415055603,-0.0352798754255421,False
mean_speed_norm_s,P21,P21_T03,left,CON,0.0515653842170312,-1.2826391415460916,0.603063712610764,0.8417362397913628,False
mean_speed_norm_s,P21,P21_T04,left,CON,0.037097381410732,-1.1977478792964205,0.1385746436598502,0.1934178711892678,False
mean_speed_norm_s,P21,P21_T05,left,MST,0.037076247937338,-0.5745032963317518,-0.4852282838293311,-0.6772654738298497,False
mean_speed_norm_s,P21,P21_T06,left,ATG,0.0447114385368712,-1.188266056598425,0.3295186606263175,0.459931169023437,False
mean_speed_norm_s,P21,P21_T07,left,CON,0.0482247242027371,-1.112856617046749,0.3460978992236337,0.4830719179421437,False
mean_speed_norm_s,P21,P21_T08,left,ATG,0.0598630932305556,-1.103374794348754,0.6391571378222557,0.8921142402967933,False
mean_speed_norm_s,P21,P21_T09,left,MST,0.0278886373672976,-0.4896120340820805,-0.8139395097065544,-1.1360696523291227,False
mean_speed_norm_s,P21,P21_T10,left,CON,0.0498165762901774,-1.0279653547970775,0.3027847954245296,0.4226169305781765,False
mean_speed_norm_s,P21,P21_T11,left,ATG,0.0363185556655674,-1.0184835320990826,-0.0612737321008955,-0.0855238340130077,False
mean_speed_norm_s,P21,P21_T12,left,MST,0.0321837205618108,-0.4047207718324092,-0.7845781373661787,-1.0950880269517498,False
mean_speed_norm_s,P21,P21_T13,left,CON,0.0481319474104969,-0.9430740925474064,0.173890157374132,0.2427100887419863,False
mean_speed_norm_s,P21,P21_T14,left,ATG,0.0398844708341366,-0.9335922698494112,-0.0520458212273907,-0.0726438234314273,False
mean_speed_norm_s,P21,P21_T15,left,MST,0.034229478792971,-0.3198295095827379,-0.8152176472948556,-1.1378536341954086,False
mean_speed_norm_s,P22,P22_T01,right,CON,0.0741096113969648,0.0026620547401561,-0.1010299155688384,-0.141014190472841,False
mean_speed_norm_s,P22,P22_T02,right,MST,0.0963051895530241,0.6259066377048246,-0.1638522756683161,-0.2286995478557741,False
mean_speed_norm_s,P22,P22_T03,right,ATG,0.096044043257259,0.0121438774381513,0.4433829283365555,0.6188591206557603,False
mean_speed_norm_s,P22,P22_T05,right,CON,0.0737382589958688,0.0875533169898274,-0.1953957413355775,-0.272726866405258,False
mean_speed_norm_s,P22,P22_T06,right,MST,0.1330498939553918,0.7107978999544959,0.6545550505671203,0.9136061339449578,False
mean_speed_norm_s,P22,P22_T07,right,CON,0.1157762204868405,0.1724445792394988,0.7719745133193276,1.0774963083802367,False
mean_speed_norm_s,P22,P22_T08,right,ATG,0.1028608179694051,0.1819264019374939,0.4434835837398319,0.6189996121144518,False
mean_speed_norm_s,P22,P22_T09,right,MST,0.1317137647750013,0.7956891622041672,0.5373340566377341,0.7499929756808462,False
mean_speed_norm_s,P22,P22_T10,right,CON,0.0503086858243292,0.2573358414891701,-0.9696755714472188,-1.3534408591656235,False
mean_speed_norm_s,P22,P22_T11,right,MST,0.0902526429506328,0.8805804244538384,-0.5702153009527837,-0.7958875211005849,False
mean_speed_norm_s,P22,P22_T13,right,CON,0.0786941643310136,0.3422271037388414,-0.3238952778682533,-0.4520822387052972,False
mean_speed_norm_s,P22,P22_T14,right,MST,0.1239026036137444,0.9654716867035098,0.1777810830168571,0.2481409131330553,False
mean_speed_norm_s,P22,P22_T15,right,ATG,0.0727128234320371,0.3517089264368365,-0.4857310047312411,-0.6779671549172531,False
mean_speed_norm_s,P25,P25_T01,left,MST,0.0439610154055997,-0.5069070050402475,-0.3715288796185905,-0.5185676331779151,False
mean_speed_norm_s,P25,P25_T02,left,CON,0.0466829249787495,-1.130151588004916,0.3230618221930837,0.4509189290393701,False
mean_speed_norm_s,P25,P25_T02,right,CON,0.1294779752406797,-0.0621941954782313,1.3410335271070903,1.8717699223760644,False
mean_speed_norm_s,P25,P25_T04,left,ATG,0.0328869042906341,-1.0357785030572495,-0.1348604589987327,-0.1882337359724344,False
mean_speed_norm_s,P25,P25_T05,left,MST,0.0574473641841245,-0.4220157427905763,-0.1047249925380305,-0.1461716558098326,False
mean_speed_norm_s,P25,P25_T05,right,MST,0.0526328831176503,0.6459416497361085,-1.2977162780237412,-1.811309149162443,False
mean_speed_norm_s,P25,P25_T06,left,CON,0.0472270188114755,-1.0452603257552449,0.2524099800153625,0.3523054414004748,False
mean_speed_norm_s,P25,P25_T07,left,MST,0.0491762155977692,-0.337124480540905,-0.4047743059298968,-0.564970491695787,False
mean_speed_norm_s,P25,P25_T07,right,MST,0.0798626313369387,0.7308329119857797,-0.682837100328167,-0.9530812768223088,False
mean_speed_norm_s,P25,P25_T08,left,ATG,0.0488405531557239,-0.9508872408075784,0.2002210651176198,0.2794618925909468,False
mean_speed_norm_s,P25,P25_T09,left,CON,0.0677700527185174,-0.9603690635055736,0.699804614245269,0.9767639674974932,False
mean_speed_norm_s,P25,P25_T10,left,MST,0.0499871268984826,-0.2522332182912337,-0.4684964079991377,-0.6539116789464007,False
mean_speed_norm_s,P25,P25_T10,right,MST,0.1024704667772996,0.815724174235451,-0.2000138854843935,-0.2791727181608053,False
mean_speed_norm_s,P25,P25_T12,left,ATG,0.0298894415239247,-0.8659959785579071,-0.3842733012503244,-0.5363558723279223,False
mean_speed_norm_s,P25,P25_T12,right,ATG,0.0906078601463232,0.2019614139687776,0.1173294157133222,0.1637644897782011,False
mean_speed_norm_s,P25,P25_T14,right,MST,0.1009864625644706,0.9006154364851223,-0.3218120098371231,-0.4491744825887674,False
mean_speed_norm_s,P25,P25_T15,left,ATG,0.0834278318599164,-0.7811047163082357,0.9194126418206396,1.2832855364359308,False
mean_speed_norm_s,P25,P25_T16,left,ATG,0.0691222481386966,-0.7811047163082357,0.5552166166514968,0.7749528572141979,False
mean_speed_norm_s,P26,P26_T02,left,CON,0.0163584676579126,-1.536233537928928,-0.0764069010306547,-0.1066462070636385,False
mean_speed_norm_s,P26,P26_T02,right,CON,0.0531491805922778,-0.4682761454022434,-0.1700626969524232,-0.2373678469921518,False
mean_speed_norm_s,P26,P26_T06,right,MST,0.0643527823344354,0.154968437562425,-0.5033631090611865,-0.7025774587507329,False
mean_speed_norm_s,P26,P26_T09,left,ATG,0.0368590457112975,-1.4418604529812618,0.3763897494628838,0.5253522733731237,False
mean_speed_norm_s,P26,P26_T12,right,MST,0.1025772391985603,0.3247509620617676,0.2936128175141437,0.4098149893631848,False
mean_speed_norm_s,P26,P26_T14,right,MST,0.0689312604025859,0.4096422243114389,-0.6404254446198506,-0.8938845006729111,False
mean_speed_norm_s,P26,P26_T18,right,MST,0.082597440986639,0.4945334865611102,-0.3772340858356521,-0.526530769954283,False
mean_speed_norm_s,P27,P27_T01,right,ATG,0.0631740794878017,-0.1216722291563806,-0.257082725182932,-0.3588275034390373,False
mean_speed_norm_s,P27,P27_T02,right,CON,0.0798222283496477,-0.1311540518543757,0.1781246847944881,0.2486205010476334,False
mean_speed_norm_s,P27,P27_T03,right,MST,0.0817698853485196,0.4920905311102926,-0.395743962943322,-0.5523662397890705,False
mean_speed_norm_s,P27,P27_T04,left,MST,0.0552867468056252,-0.4909755991667207,-0.0918066244905386,-0.1281406280475055,False
mean_speed_norm_s,P27,P27_T04,right,MST,0.1092519803779224,0.576981793359964,0.2067534786851304,0.2885796178297515,False
mean_speed_norm_s,P27,P27_T05,left,ATG,0.0398227576956721,-1.1047383594333942,0.1174741508678524,0.1639665062852339,False
mean_speed_norm_s,P27,P27_T05,right,ATG,0.0892611158108658,-0.0367809669067093,0.3222161345468513,0.4497385463957253,False
mean_speed_norm_s,P27,P27_T06,right,CON,0.0309342787515819,-0.0462627896047044,-1.176223158792372,-1.6417331007220326,False
mean_speed_norm_s,P27,P27_T07,left,MST,0.0973331647806901,-0.4060843369170494,0.8938186468660279,1.2475622909084076,False
mean_speed_norm_s,P27,P27_T07,right,MST,0.124346833786614,0.6618730556096353,0.4922075098386307,0.6870068449899374,False
mean_speed_norm_s,P27,P27_T08,left,ATG,0.0553164551405782,-1.0198470971837228,0.4378362177076781,0.6111172067413089,False
mean_speed_norm_s,P27,P27_T09,left,CON,0.0502054154576503,-1.029328919881718,0.3142950099321518,0.438682504540328,False
mean_speed_norm_s,P27,P27_T09,right,CON,0.0814054693931457,0.0386284726449668,0.0484863855951693,0.0676756817538676,False
mean_speed_norm_s,P27,P27_T10,left,MST,0.091273564411244,-0.3211930746673781,0.6572035356564052,0.9173028012018004,False
mean_speed_norm_s,P27,P27_T10,right,MST,0.1072414021765886,0.7467643178593065,-0.0127376007675618,-0.0177787188150237,False
mean_speed_norm_s,P27,P27_T11,left,ATG,0.0406382964995593,-0.9349558349340517,-0.0308270246640647,-0.0430273340645074,False
mean_speed_norm_s,P27,P27_T11,right,ATG,0.0760905065869563,0.1330015575926332,-0.1808847826352686,-0.2524729536647823,False
mean_speed_norm_s,P27,P27_T12,right,CON,0.0479155851632642,0.1235197348946381,-0.8983602880082705,-1.2539013623159765,False
mean_speed_norm_s,P27,P27_T13,right,MST,0.1188880835015464,0.8316555801089779,0.1890741265396706,0.2639033670693752,False
mean_speed_norm_s,P27,P27_T14,left,CON,0.0474836478611527,-0.8595463953823753,0.0734096929266692,0.1024628038401232,False
mean_speed_norm_s,P27,P27_T14,right,CON,0.0703761918773566,0.2084109971443094,-0.4021815315378138,-0.5613515835741705,False
mean_speed_norm_s,P27,P27_T15,left,ATG,0.0569636759138834,-0.8500645726843802,0.3107880206349528,0.4337875657100121,False
mean_speed_norm_s,P27,P27_T15,right,ATG,0.0495082822345696,0.2178928198423045,-0.951120897908432,-1.3275428639646167,False
mean_speed_norm_s,P28,P28_T01,left,MST,0.0492552872076627,0.1425535215964661,-0.8823873926240813,-1.2316069270546293,False
mean_speed_norm_s,P28,P28_T01,right,MST,0.1868168064920283,1.210510914123151,1.4251421478014905,1.9891659331737448,False
mean_speed_norm_s,P28,P28_T02,right,ATG,0.1344661320485966,0.5967481538564774,0.8028312935866384,1.1205651743244864,False
mean_speed_norm_s,P28,P28_T04,right,CON,0.0528092928099823,0.5872663311584824,-1.2344494486096238,-1.7230034163170431,False
mean_speed_norm_s,P28,P28_T05,right,CON,0.110383493429827,0.6721575934081536,0.1395130492206842,0.1947276664093385,False
mean_speed_norm_s,P28,P28_T06,right,MST,0.1711965589345236,1.2954021763728223,0.9772359519570264,1.363993386417126,False
mean_speed_norm_s,P28,P28_T08,left,CON,0.0566716646042161,-0.3109085368688598,-0.2359388906296203,-0.3293156435484351,False
mean_speed_norm_s,P28,P28_T08,right,CON,0.0748155516336692,0.757048855657825,-0.8374146173489664,-1.1688354255342086,False
mean_speed_norm_s,P28,P28_T09,right,ATG,0.1082203773332189,0.76653067835582,-0.0082889918099008,-0.0115694986314499,False
mean_speed_norm_s,P28,P28_T10,left,MST,0.0479309962091791,0.3123360460958088,-1.0867736511075896,-1.51688245778777,False
mean_speed_norm_s,P28,P28_T10,right,MST,0.1109741699292731,1.3802934386224934,-0.5540511805704709,-0.7733261803572651,False
mean_speed_norm_s,P28,P28_T11,left,CON,0.0289484653809973,-0.2260172746191885,-1.049297693733601,-1.4645747649471583,False
mean_speed_norm_s,P28,P28_T11,right,CON,0.0669168490067363,0.8419401179074963,-1.1244071364348305,-1.569410022897695,False
mean_speed_norm_s,P28,P28_T13,left,MST,0.0830001560168595,0.39722730834548,-0.2697373823235481,-0.3764904523027276,False
mean_speed_norm_s,P28,P28_T13,right,MST,0.2122993192771265,1.4651847008721648,1.7525498689204568,2.446150723155981,False
mean_speed_norm_s,P28,P28_T14,left,CON,0.0583634974486786,-0.1411260123695171,-0.3618868763633542,-0.5051096462448545,False
mean_speed_norm_s,P28,P28_T14,right,CON,0.1116417552323586,0.9268313801571676,-0.0841295383986411,-0.1174252070324141,False
mean_speed_norm_s,P28,P28_T15,right,ATG,0.1757022632960691,0.9363132028551626,1.4415320976399193,2.0120424791487013,False
mean_speed_norm_s,P28,P28_T16,left,MST,0.1005622232296251,0.4821185705951513,0.0861249724049534,0.1202103673431776,False
mean_speed_norm_s,P28,P28_T16,right,MST,0.2537792945267282,1.5500759631218362,2.589484752676582,3.6143165525229928,True
mean_speed_norm_s,P29,P29_T01,right,CON,0.0483575220767799,-0.2237880142377637,-0.5394996948418548,-0.7530157013407826,False
mean_speed_norm_s,P29,P29_T02,right,MST,0.1135382783283957,0.3994565687269047,0.4899509396707382,0.6838571995242465,False
mean_speed_norm_s,P29,P29_T03,right,ATG,0.0654424273518858,-0.2143061915397686,-0.106051985040476,-0.1480238277377442,False
mean_speed_norm_s,P29,P29_T04,right,ATG,0.0618259199753424,-0.1294149292900973,-0.2841063586302457,-0.3965461907481564,False
mean_speed_norm_s,P29,P29_T05,right,CON,0.0717378844926608,-0.1388967519880924,-0.0200390054488353,-0.0279697762324959,False
mean_speed_norm_s,P29,P29_T06,right,MST,0.1066293874690029,0.4843478309765761,0.234529812066296,0.3273488986313376,False
mean_speed_norm_s,P29,P29_T07,right,CON,0.0450273727175216,-0.0540054897384211,-0.7964571239973605,-1.1116683207588098,False
mean_speed_norm_s,P29,P29_T08,right,ATG,0.0487325318352258,-0.044523667040426,-0.7089645857137463,-0.9895491505208478,False
mean_speed_norm_s,P29,P29_T09,right,MST,0.1206987799330426,0.5692390932262473,0.4957957742510722,0.6920152249185356,False
mean_speed_norm_s,P29,P29_T10,right,CON,0.0668565969797695,0.0308857725112501,-0.3149001812463655,-0.4395271825002247,False
mean_speed_norm_s,P29,P29_T11,right,MST,0.1350259628339937,0.6541303554759186,0.7589668478683638,1.0593406422769684,False
mean_speed_norm_s,P29,P29_T13,right,CON,0.0959956528564241,0.1157770347609214,0.3385400442375034,0.4725229157324554,False
mean_speed_norm_s,P29,P29_T14,right,MST,0.117860157583836,0.7390216177255899,0.2565242907086837,0.3580480592033882,False
mean_speed_norm_s,P29,P29_T15,right,ATG,0.0752841361654387,0.1252588574589166,-0.1936818277300132,-0.2703346428913785,False
mean_speed_norm_s,P30,P30_T01,left,ATG,0.0375911727968831,-1.1884316332273004,0.1423010852887138,0.1986191142733566,False
mean_speed_norm_s,P30,P30_T01,right,ATG,0.0838972319672202,-0.1204742407006156,0.2706506605377045,0.37776517560939,False
mean_speed_norm_s,P30,P30_T05,right,ATG,0.0950171526576873,-0.0355829784509443,0.4654267582485186,0.649627164085812,False
mean_speed_norm_s,P30,P30_T09,right,MST,0.0803960829324897,0.6630710440654002,-0.6015431152216911,-0.8396138406123878,False
mean_speed_norm_s,P30,P30_T10,left,CON,0.0336648099482431,-0.9432396691762818,-0.2067712910447808,-0.2886044797279564,False
mean_speed_norm_s,P30,P30_T10,right,CON,0.0665182770584655,0.124717723350403,-0.4174224744733881,-0.5826243839917694,False
mean_speed_norm_s,P30,P30_T14,left,CON,0.0522046831063016,-0.8583484069266104,0.1954255829691525,0.2727685183632676,False
log_dimensionless_jerk,P4,P4_T03,right,MST,-25.46880410198063,0.3759229118178423,0.1965986149001084,0.2365313946985568,False
log_dimensionless_jerk,P4,P4_T06,right,CON,-24.28802736313806,0.3983592362949614,0.6105841221269938,0.7346049414482021,False
log_dimensionless_jerk,P4,P4_T07,right,CON,-27.07040399422324,0.519406193490628,-0.5388451412943963,-0.64829445955997,False
log_dimensionless_jerk,P4,P4_T09,right,MST,-23.84601414551225,0.6180168262091756,0.5542971438855049,0.6668850469128752,False
log_dimensionless_jerk,P4,P4_T10,right,CON,-24.08157484368564,0.6404531506862947,0.4447962389568125,0.5351425024565084,False
log_dimensionless_jerk,P4,P4_T11,right,MST,-23.631745630062333,0.7390637834048424,0.5124450547059651,0.6165320318129736,False
log_dimensionless_jerk,P4,P4_T12,right,ATG,-27.830474459934663,0.5292057232465247,-0.8295710595520236,-0.99807213706515,False
log_dimensionless_jerk,P4,P4_T13,right,MST,-23.600247141871204,0.8601107406005091,0.4030401187833075,0.4849049494256388,False
log_dimensionless_jerk,P4,P4_T14,right,CON,-25.0006549453596,0.7615001078819614,-0.0159479770520886,-0.0191873033117133,False
log_dimensionless_jerk,P4,P4_T15,right,ATG,-24.991870138515992,0.6502526804421913,0.0985463652088618,0.1185629370642761,False
log_dimensionless_jerk,P6,P6_T01,left,CON,-25.880789361839167,-0.6207815973242002,1.0410310171925896,1.252483485431131,False
log_dimensionless_jerk,P6,P6_T02,right,ATG,-26.0966530889085,-0.103843267195032,0.4443082197149228,0.5345553575675042,False
log_dimensionless_jerk,P6,P6_T03,right,MST,-27.98770983813945,0.1060147929632855,-0.4644952237718047,-0.5588427119152741,False
log_dimensionless_jerk,P6,P6_T08,right,ATG,-27.407779216257698,0.1382506471963013,-0.2823854054173287,-0.3397430537331894,False
log_dimensionless_jerk,P6,P6_T10,right,CON,-28.969565360808826,0.370545031831738,-1.091924875862178,-1.3137148190233106,False
log_dimensionless_jerk,P6,P6_T12,right,ATG,-26.879701571091267,0.259297604391968,-0.2082518465982758,-0.2505516112077803,False
log_dimensionless_jerk,P6,P6_T13,right,CON,-24.13225405901903,0.4915919890274046,0.574926072958622,0.6917040893424529,False
log_dimensionless_jerk,P6,P6_T14,right,MST,-26.789094178696462,0.5902026217459523,-0.5056678538336958,-0.6083782573050268,False
log_dimensionless_jerk,P6,P6_T15,right,ATG,-24.342567904629448,0.3803445615876346,0.6084403009588581,0.7320256709322778,False
log_dimensionless_jerk,P9,P9_T01,left,ATG,-28.12591091549589,-0.217453392039301,-0.192106946883335,-0.2311273866333416,False
log_dimensionless_jerk,P9,P9_T10,left,CON,-26.42879656264541,0.256934906987469,-0.0392320808106847,-0.0472008350404335,False
log_dimensionless_jerk,P9,P9_T12,right,ATG,-21.872969176313937,0.7738732371166372,1.1276894310307777,1.3567438104488128,False
log_dimensionless_jerk,P10,P10_T01,right,CON,-23.96680190488044,-0.0048462929320372,1.132516416771277,1.3625512454094837,False
log_dimensionless_jerk,P10,P10_T02,right,ATG,-27.762239338333863,-0.1160937203718072,-0.1590515249749579,-0.1913578030566195,False
log_dimensionless_jerk,P10,P10_T04,right,MST,-24.770707131420544,0.2148112969821769,0.6157308602044009,0.7407970763023354,False
log_dimensionless_jerk,P10,P10_T05,right,CON,-28.74619203385106,0.1162006642636293,-0.7550204499037906,-0.9083789330480015,False
log_dimensionless_jerk,P10,P10_T06,right,ATG,-27.394080511923743,0.0049532368238593,-0.1440248756246514,-0.173278965978952,False
log_dimensionless_jerk,P10,P10_T07,right,CON,-25.87513839849344,0.237247621459296,0.1850904267611824,0.2226856827522309,False
log_dimensionless_jerk,P10,P10_T09,right,MST,-27.02503430862071,0.3358582541778436,-0.3385283068610155,-0.4072896068340146,False
log_dimensionless_jerk,P10,P10_T10,right,MST,-26.28609215871236,0.3358582541778436,-0.0654110646443275,-0.0786972500131877,False
log_dimensionless_jerk,P10,P10_T11,right,CON,-28.215471250430635,0.3582945786549627,-0.8009569292742036,-0.963645952800638,False
log_dimensionless_jerk,P10,P10_T13,right,ATG,-25.74185893726204,0.2470471512151927,0.2245517476688466,0.2701623207523493,False
log_dimensionless_jerk,P10,P10_T14,right,CON,-24.08358911534898,0.4793415358506294,0.6051633674726296,0.7280831322311486,False
log_dimensionless_jerk,P10,P10_T16,right,ATG,-27.22315061054281,0.3680941084108594,-0.4439890786682192,-0.5341713931284835,False
log_dimensionless_jerk,P11,P11_T01,left,ATG,-28.40397714415875,-1.2014210588297416,0.689085852435526,0.8290518111047434,False
log_dimensionless_jerk,P11,P11_T01,right,ATG,-27.702863046776883,-0.5732353012608034,0.3200358726536945,0.3850410205118202,False
log_dimensionless_jerk,P11,P11_T02,left,MST,-36.49877780867739,-0.9915629986714238,-2.512656801207341,-3.023023422064094,True
log_dimensionless_jerk,P11,P11_T03,left,CON,-29.49863889603728,-1.0901736313899717,0.1732451846856258,0.2084344550409014,False
log_dimensionless_jerk,P11,P11_T04,left,CON,-27.99968079860347,-0.9691266741943048,0.6062217079752337,0.7293564410755377,False
log_dimensionless_jerk,P11,P11_T05,left,ATG,-30.6564384883538,-1.0803741016340749,-0.2644836920865596,-0.3182051745178552,False
log_dimensionless_jerk,P11,P11_T06,left,MST,-29.83740467000816,-0.8705160414757573,-0.1716221715895993,-0.2064817782562138,False
log_dimensionless_jerk,P11,P11_T06,right,MST,-25.833547391068155,-0.242330283906819,0.6800406061955946,0.8181693096709977,False
log_dimensionless_jerk,P11,P11_T07,left,CON,-28.066414614915463,-0.8480797169986383,0.4605095508366667,0.5540474758011261,False
log_dimensionless_jerk,P11,P11_T08,left,ATG,-29.5538942779644,-0.9593271444384082,0.0219759927477033,0.0264397194107432,False
log_dimensionless_jerk,P11,P11_T08,right,ATG,-25.439863919978176,-0.33114138686947,0.9143593702704502,1.1000825067646214,False
log_dimensionless_jerk,P11,P11_T09,left,MST,-31.96351225993392,-0.7494690842800906,-1.078490646326948,-1.2975518513936404,False
log_dimensionless_jerk,P11,P11_T10,left,CON,-28.89768897453142,-0.7270327598029716,0.0322188389683071,0.0387630753177686,False
log_dimensionless_jerk,P11,P11_T10,right,CON,-23.809005355873524,-0.0988470022340333,1.284839632512275,1.5458140963837586,False
log_dimensionless_jerk,P11,P11_T11,left,MST,-33.324601203873605,-0.6284221270844239,-1.7026038568504789,-2.0484338869050887,False
log_dimensionless_jerk,P11,P11_T12,left,ATG,-33.46767500583575,-0.8382801872427416,-1.5456266916718353,-1.8595717841156256,False
log_dimensionless_jerk,P11,P11_T13,left,CON,-27.88916350501372,-0.6059858026073048,0.283928659788521,0.3415997713350822,False
log_dimensionless_jerk,P11,P11_T13,right,CON,-25.42625076089867,0.0221999549616333,0.566049529844582,0.6810245577296156,False
log_dimensionless_jerk,P11,P11_T14,left,MST,-32.702609356528114,-0.5073751698887573,-1.5937590721156938,-1.9174807326722163,False
log_dimensionless_jerk,P11,P11_T14,right,MST,-24.91286268601541,0.1208105876801809,0.6571900640021449,0.7906774038028861,False
log_dimensionless_jerk,P12,P12_T01,right,MST,-24.842669342551364,0.5370156034860059,0.2669289091484208,0.3211470599542129,False
log_dimensionless_jerk,P12,P12_T02,right,CON,-24.229241084349155,0.4384049707674582,0.5922661323027056,0.7125662323585459,False
log_dimensionless_jerk,P12,P12_T03,right,ATG,-28.26012546547884,0.3271575433276882,-0.786324347061194,-0.9460412251140112,False
log_dimensionless_jerk,P12,P12_T04,right,ATG,-26.97422101099263,0.4482045005233548,-0.4320936679669463,-0.5198598066246121,False
log_dimensionless_jerk,P12,P12_T05,right,MST,-22.798798279880515,0.6580625606816725,0.9013083789773708,1.084380620083887,False
log_dimensionless_jerk,P12,P12_T06,right,CON,-25.016592923513567,0.5594519279631249,0.1802094350435003,0.2168132722111797,False
log_dimensionless_jerk,P12,P12_T07,right,MST,-24.03004298370136,0.7791095178773392,0.325186341759324,0.3912376442343492,False
log_dimensionless_jerk,P12,P12_T08,right,ATG,-27.45752934114444,0.5692514577190215,-0.7317741464575978,-0.880410879567525,False
log_dimensionless_jerk,P12,P12_T09,right,CON,-26.061336122427218,0.6804988851587915,-0.3269805799643735,-0.3933963250840461,False
log_dimensionless_jerk,P12,P12_T10,right,MST,-22.36598383119609,0.9001564750730059,0.8191851586801387,0.9855766694868252,False
log_dimensionless_jerk,P12,P12_T11,right,CON,-22.74331044704453,0.8015458423544582,0.7783337174754937,0.9364275522944668,False
log_dimensionless_jerk,P12,P12_T12,right,ATG,-24.6656638676839,0.6902984149146881,0.1790683329502675,0.2154403913811549,False
log_dimensionless_jerk,P12,P12_T13,right,CON,-23.593257826196968,0.9225927995501249,0.3431413508560892,0.4128396445619762,False
log_dimensionless_jerk,P12,P12_T14,right,MST,-23.206966705776303,1.0212034322686725,0.3873061241895199,0.465975092329041,False
log_dimensionless_jerk,P12,P12_T15,left,ATG,-27.90423685385036,0.1831596145414165,-0.5107879532457564,-0.614538342692939,False
log_dimensionless_jerk,P12,P12_T15,right,ATG,-28.87382345262647,0.8113453721103548,-1.49733845963953,-1.8014753276582287,False
log_dimensionless_jerk,P15,P15_T01,right,MST,-27.736572807787034,0.1765258138027482,-0.4421845627558651,-0.532000346980871,False
log_dimensionless_jerk,P15,P15_T02,right,CON,-26.53938155131963,0.0779151810842006,0.0989148012021486,0.1190062091564705,False
log_dimensionless_jerk,P15,P15_T03,right,ATG,-23.96809264577472,-0.0333322463555693,1.160525304982727,1.39624925185768,False
log_dimensionless_jerk,P15,P15_T04,right,ATG,-26.11472798164576,0.0877147108400973,0.2460696580124856,0.2960509128320315,False
log_dimensionless_jerk,P15,P15_T05,right,MST,-22.461379964589145,0.2975727709984149,1.3865099065919528,1.668135465431397,False
log_dimensionless_jerk,P15,P15_T07,right,MST,-22.608578690989688,0.4186197281940815,1.211057458767133,1.4570454116771192,False
log_dimensionless_jerk,P15,P15_T08,right,ATG,-25.990985698398624,0.208761668035764,0.1707585559852455,0.2054427465037011,False
log_dimensionless_jerk,P15,P15_T09,left,CON,-31.500459408697427,-0.3081766620934042,-1.3486360880010584,-1.6225687805469886,False
log_dimensionless_jerk,P15,P15_T09,right,CON,-30.431464403409723,0.320009095475534,-1.5817151815046129,-1.9029905072691364,False
log_dimensionless_jerk,P15,P15_T12,right,ATG,-29.72294137837888,0.3298086252314306,-1.3296405514667422,-1.5997149025998214,False
log_dimensionless_jerk,P15,P15_T13,right,CON,-23.44422875163498,0.5621030098668673,0.758713138310787,0.912821674109722,False
log_dimensionless_jerk,P15,P15_T14,right,MST,-23.46868999781716,0.6607136425854149,0.6510614891888723,0.7833040031874527,False
log_dimensionless_jerk,P15,P15_T15,right,ATG,-25.56656116692453,0.4508555824270973,0.085534374332384,0.1029079724991291,False
log_dimensionless_jerk,P16,P16_T01,right,CON,-25.673816876051017,-0.0638870960253113,0.5606347296445378,0.6745099124256226,False
log_dimensionless_jerk,P16,P16_T02,right,ATG,-27.83085564924031,-0.1751345234650814,-0.125371702586568,-0.1508369918252015,False
log_dimensionless_jerk,P16,P16_T07,right,CON,-24.71739118004896,0.1782068183660219,0.6720412191882843,0.8085451006371039,False
log_dimensionless_jerk,P16,P16_T09,right,MST,-24.470838111729893,0.2768174510845695,0.6645580097568207,0.7995419142995764,False
log_dimensionless_jerk,P16,P16_T10,right,CON,-24.76894982414183,0.2992537755616886,0.5319378924394351,0.6399842219419476,False
log_dimensionless_jerk,P16,P16_T11,left,MST,-32.45741044433243,-0.230321349288702,-1.7801859732718892,-2.141774352249394,False
log_dimensionless_jerk,P16,P16_T11,right,MST,-27.98752817281073,0.3978644082802361,-0.7562776945449071,-0.9098915471047776,False
log_dimensionless_jerk,P17,P17_T01,right,ATG,-28.570383329932188,-0.3833768235364941,-0.1904630602561843,-0.2291495965210164,False
log_dimensionless_jerk,P17,P17_T02,left,MST,-29.23214506056138,-0.8017045209471149,-0.0167262809524871,-0.0201236949905363,False
log_dimensionless_jerk,P17,P17_T02,right,MST,-27.13086132445474,-0.1735187633781766,0.1317344407616994,0.1584921186704758,False
log_dimensionless_jerk,P17,P17_T03,left,CON,-25.93616982527952,-0.9003151536656624,1.3000956377054655,1.5641688756771286,False
log_dimensionless_jerk,P17,P17_T03,right,CON,-28.04435265981534,-0.2721293960967241,-0.1072865453595628,-0.1290784078981494,False
log_dimensionless_jerk,P17,P17_T04,left,CON,-30.996386962318123,-0.7792681964699958,-0.6912364962892482,-0.8316392901186686,False
log_dimensionless_jerk,P17,P17_T04,right,CON,-32.58280708994738,-0.1510824389010575,-1.9057722006150304,-2.292869442738695,False
log_dimensionless_jerk,P17,P17_T05,left,ATG,-29.41963113129194,-0.8905156239097657,0.0027888986441401,0.0033553750432399,False
log_dimensionless_jerk,P17,P17_T05,right,ATG,-28.954640006062995,-0.2623298663408275,-0.4535334812659173,-0.5456544387193444,False
log_dimensionless_jerk,P17,P17_T06,right,MST,-30.614337308468823,-0.0524718061825099,-1.276825150812706,-1.5361717266491175,False
log_dimensionless_jerk,P17,P17_T07,left,CON,-27.28145365748364,-0.6582212392743291,0.5607771296218418,0.6746812364466687,False
log_dimensionless_jerk,P17,P17_T07,right,CON,-30.28763650718433,-0.0300354817053908,-1.1785109917941017,-1.417888161105679,False
log_dimensionless_jerk,P17,P17_T08,left,ATG,-27.52901593353772,-0.7694686667140991,0.5805241248272852,0.6984392080855965,False
log_dimensionless_jerk,P17,P17_T08,right,ATG,-25.36907338461948,-0.1412829091451608,0.7506654790359064,0.9031393878265074,False
log_dimensionless_jerk,P17,P17_T10,left,CON,-30.253839053260723,-0.5371742820786625,-0.6588804592727773,-0.7927111493160867,False
log_dimensionless_jerk,P17,P17_T10,right,CON,-27.870753086744955,0.0910114754902758,-0.4062640224875269,-0.488783687024682,False
log_dimensionless_jerk,P17,P17_T11,right,MST,-24.59494198019944,0.1896221082088234,0.7058838534992055,0.8492617938747581,False
log_dimensionless_jerk,P17,P17_T12,left,ATG,-27.81685376661537,-0.6484217095184325,0.3530906593162584,0.4248098398126685,False
log_dimensionless_jerk,P17,P17_T12,right,ATG,-24.50591883568236,-0.0202359519494942,0.948645376705312,1.1413326291258703,False
log_dimensionless_jerk,P17,P17_T13,right,CON,-26.633159252090262,0.2120584326859424,-0.0698892246145623,-0.0840850063001843,False
log_dimensionless_jerk,P17,P17_T14,right,MST,-23.535840392934944,0.31066906540449,0.9762868965192154,1.1745886479258625,False
log_dimensionless_jerk,P18,P18_T01,left,MST,-26.33102010855588,-0.392286917683721,0.6461284801580236,0.7773690096641257,False
log_dimensionless_jerk,P18,P18_T01,right,MST,-25.750047584626685,0.2358988398852172,0.2326734881285666,0.279933735465995,False
log_dimensionless_jerk,P18,P18_T09,left,CON,-25.969520075019485,-0.2488036360109352,0.6362576771250688,0.765493265730905,False
log_dimensionless_jerk,P18,P18_T10,right,MST,-27.34535661422161,0.5990397114722172,-0.7201027191885532,-0.8663687716336894,False
log_dimensionless_jerk,P18,P18_T14,right,MST,-23.54801309104176,0.720086668667884,0.5623701944594104,0.6765978819330409,False
log_dimensionless_jerk,P19,P19_T05,right,CON,-30.78866746205731,-0.6501680534771208,-0.7435623247124403,-0.894593452750911,False
log_dimensionless_jerk,P19,P19_T06,right,ATG,-29.0965742760456,-0.7614154809168907,-0.006907584136607,-0.0083106410015119,False
log_dimensionless_jerk,P19,P19_T08,right,ATG,-32.14625767110724,-0.6403685237212241,-1.255134955383045,-1.5100758552266829,False
log_dimensionless_jerk,P19,P19_T13,right,CON,-30.71649271839868,-0.2870271818901208,-1.0800269985102269,-1.299400264846826,False
log_dimensionless_jerk,P20,P20_T01,left,ATG,-28.322561484613068,-0.8418479569028623,0.3596044436285029,0.4326466930322276,False
log_dimensionless_jerk,P20,P20_T02,left,CON,-24.134561521565864,-0.7306005294630923,1.7962657401029238,2.1611202142581605,False
log_dimensionless_jerk,P20,P20_T03,left,MST,-27.22016194395959,-0.6319898967445448,0.5571995547388222,0.6703769905741883,False
log_dimensionless_jerk,P20,P20_T04,left,MST,-32.26667189445935,-0.510942939548878,-1.4290663247642477,-1.7193358716437317,False
log_dimensionless_jerk,P20,P20_T07,left,MST,-25.55569028006288,-0.3898959823532114,0.930303881032059,1.119265639718766,False
log_dimensionless_jerk,P20,P20_T08,left,ATG,-30.440487569265635,-0.599754042511529,-0.6652870571920787,-0.8004190446229543,False
log_dimensionless_jerk,P20,P20_T09,left,CON,-29.07085827913123,-0.4885066150717589,-0.2703116705359093,-0.3252169221418057,False
log_dimensionless_jerk,P20,P20_T10,left,MST,-31.965571409619187,-0.2688490251575447,-1.5598717789427583,-1.8767103095396531,False
log_dimensionless_jerk,P20,P20_T11,left,ATG,-28.08297562364193,-0.4787070853158623,0.0850158756699592,0.1022841572609851,False
log_dimensionless_jerk,P20,P20_T12,left,CON,-28.164040232564805,-0.3674596578760923,-0.0561934945729602,-0.0676074226213724,False
log_dimensionless_jerk,P20,P20_T13,left,MST,-27.685618496995964,-0.147802067961878,-0.0990236764806216,-0.1191371989982783,False
log_dimensionless_jerk,P20,P20_T14,left,CON,-28.014874240680324,-0.2464127006804256,-0.1221078485722075,-0.1469101892762546,False
log_dimensionless_jerk,P20,P20_T15,left,ATG,-26.83629015043202,-0.3576601281201956,0.4247509951184887,0.5110257024243187,False
log_dimensionless_jerk,P20,P20_T16,left,ATG,-27.35292144586533,-0.3576601281201956,0.2338011153896343,0.2812904044786223,False
log_dimensionless_jerk,P21,P21_T01,left,MST,-29.41610609807187,-0.78896515886551,-0.0974586939737602,-0.1172543398783662,False
log_dimensionless_jerk,P21,P21_T02,left,ATG,-32.650180666777764,-0.9988232190238276,-1.0829330795794714,-1.3028966242121491,False
log_dimensionless_jerk,P21,P21_T03,left,CON,-30.93119215517754,-0.8875757915840575,-0.5588325278186349,-0.6723416503978068,False
log_dimensionless_jerk,P21,P21_T04,left,CON,-26.51345005834381,-0.7665288343883909,0.9529432446966029,1.1465034728305772,False
log_dimensionless_jerk,P21,P21_T05,left,MST,-28.91562170883078,-0.6679182016698433,-0.0335237602609388,-0.0403330500272794,False
log_dimensionless_jerk,P21,P21_T06,left,ATG,-34.07767418716407,-0.8777762618281608,-1.7315898011098083,-2.0833074073813003,False
log_dimensionless_jerk,P21,P21_T07,left,CON,-24.98207747912667,-0.6454818771927242,1.39790034572649,1.6818395113937248,False
log_dimensionless_jerk,P21,P21_T08,left,ATG,-26.88365157195241,-0.7567293046324942,0.8063151195306804,0.970092489644596,False
log_dimensionless_jerk,P21,P21_T09,left,MST,-31.18836948371521,-0.5468712444741766,-0.9945912855180388,-1.1966109936132745,False
log_dimensionless_jerk,P21,P21_T10,left,CON,-26.57370658982672,-0.5244349199970575,0.6885781718577555,0.8284410113024028,False
log_dimensionless_jerk,P21,P21_T11,left,ATG,-29.926674876805563,-0.6356823474368276,-0.4394506443072721,-0.5287111196179701,False
log_dimensionless_jerk,P21,P21_T12,left,MST,-30.35683684378314,-0.4258242872785099,-0.8082990261599102,-0.9724793640495958,False
log_dimensionless_jerk,P21,P21_T13,left,CON,-25.06114246944781,-0.4033879628013909,1.1265835589965345,1.35541331554807,False
log_dimensionless_jerk,P21,P21_T14,left,ATG,-26.49564871563782,-0.5146353902411609,0.7076292785615786,0.8513617467383868,False
log_dimensionless_jerk,P21,P21_T15,left,MST,-29.23812998260669,-0.3047773300828432,-0.5158655332130399,-0.620647272158008,False
log_dimensionless_jerk,P22,P22_T01,right,CON,-31.92967812161172,0.2029473895149759,-2.0184018292105628,-2.4283762119477137,False
log_dimensionless_jerk,P22,P22_T02,right,MST,-25.9808628191915,0.3015580222335235,0.0817036758023128,0.0982991889303953,False
log_dimensionless_jerk,P22,P22_T03,right,ATG,-23.826920336627555,0.0916999620752059,1.0876711889187465,1.3085971303465511,False
log_dimensionless_jerk,P22,P22_T05,right,CON,-24.70752502003274,0.3239943467106426,0.5299002799781889,0.6375327330667152,False
log_dimensionless_jerk,P22,P22_T06,right,MST,-24.17836408999104,0.4226049794291902,0.6268705515560495,0.7541994430141032,False
log_dimensionless_jerk,P22,P22_T07,right,CON,-22.599967654277865,0.4450413039063092,1.187818571442151,1.429086280667913,False
log_dimensionless_jerk,P22,P22_T08,right,ATG,-21.645421689159924,0.3337938764665392,1.6518716435381546,1.987397031803104,False
log_dimensionless_jerk,P22,P22_T09,right,MST,-25.94233394824938,0.5436519366248569,-0.1461497476673164,-0.17583543845493,False
log_dimensionless_jerk,P22,P22_T10,right,CON,-26.583105873243344,0.566088261101976,-0.4054190381160413,-0.4877670708497027,False
log_dimensionless_jerk,P22,P22_T11,right,MST,-26.16263491162642,0.6646988938205235,-0.3486212001129546,-0.4194325515777393,False
log_dimensionless_jerk,P22,P22_T13,right,CON,-25.721329865006865,0.6871352182976426,-0.2079486569689907,-0.2501868382112392,False
log_dimensionless_jerk,P22,P22_T14,right,MST,-24.623390257652822,0.7857458510161901,0.0992454647417511,0.1194040365177562,False
log_dimensionless_jerk,P22,P22_T15,right,ATG,-26.70457173555219,0.5758877908578726,-0.4601130448501132,-0.5535704321858723,False
log_dimensionless_jerk,P25,P25_T01,left,MST,-32.95308606107283,-0.3128131457398201,-1.8808987179272496,-2.2629437001074946,False
log_dimensionless_jerk,P25,P25_T02,left,CON,-26.222713891194665,-0.4114237784583677,0.7052959379209254,0.8485544618736336,False
log_dimensionless_jerk,P25,P25_T02,right,CON,-24.81993739996637,0.2167619791105705,0.595584389433431,0.7165584882932974,False
log_dimensionless_jerk,P25,P25_T04,left,ATG,-27.78042010526077,-0.401624248702471,0.119759287982754,0.1440845930123147,False
log_dimensionless_jerk,P25,P25_T05,left,MST,-27.75846124507189,-0.1917661885441534,-0.0819826519383392,-0.0986348302296763,False
log_dimensionless_jerk,P25,P25_T05,right,MST,-27.747435474704773,0.4364195690247848,-0.706093221759015,-0.8495136886631497,False
log_dimensionless_jerk,P25,P25_T06,left,CON,-28.27661937496129,-0.2903768212627011,-0.174886225690625,-0.2104088215330926,False
log_dimensionless_jerk,P25,P25_T07,left,MST,-27.9723347782103,-0.0707192313484867,-0.2820784894301794,-0.3393737974872459,False
log_dimensionless_jerk,P25,P25_T07,right,MST,-25.51808902019412,0.5574665262204515,-0.0031609869746096,-0.003803041329199,False
log_dimensionless_jerk,P25,P25_T08,left,ATG,-27.698600903796027,-0.2805772915068044,0.0289531753067751,0.0348340955491623,False
log_dimensionless_jerk,P25,P25_T09,left,CON,-22.67905748199764,-0.1693298640670343,1.772957687032373,2.1330778686735465,False
log_dimensionless_jerk,P25,P25_T10,left,MST,-24.6772613912233,0.0503277258471798,0.8147525110290375,0.9802436699046309,False
log_dimensionless_jerk,P25,P25_T10,right,MST,-26.080251291030866,0.6785134834161182,-0.3319863326520338,-0.3994188378333345,False
log_dimensionless_jerk,P25,P25_T12,left,ATG,-27.90743751591737,-0.1595303343111377,-0.1692809873873614,-0.2036650566588468,False
log_dimensionless_jerk,P25,P25_T12,right,ATG,-28.060472668195164,0.4686554232578005,-0.854029411949252,-1.0274984288398132,False
log_dimensionless_jerk,P25,P25_T14,right,MST,-23.83853549306556,0.7995604406117848,0.3755176821733198,0.4517922018095344,False
log_dimensionless_jerk,P25,P25_T15,left,ATG,-23.228283872931367,-0.038483377115471,1.4391139867494966,1.7314243978219963,False
log_dimensionless_jerk,P25,P25_T16,left,ATG,-26.09800319731772,-0.038483377115471,0.3784493218504285,0.4553193112041375,False
log_dimensionless_jerk,P26,P26_T02,left,CON,-32.15774869338823,-1.535652829409186,-0.3640977972099766,-0.4380527290312083,False
log_dimensionless_jerk,P26,P26_T02,right,CON,-30.287189554262586,-0.907467071840248,-0.3009142053046952,-0.3620353922711598,False
log_dimensionless_jerk,P26,P26_T06,right,MST,-33.93062599859916,-0.8088564391217004,-1.7461597728316027,-2.100836807239105,False
log_dimensionless_jerk,P26,P26_T09,left,ATG,-26.8109595650506,-1.5258532996532894,1.6023064957919169,1.9277642946609097,False
log_dimensionless_jerk,P26,P26_T12,right,MST,-30.444634565637667,-0.5667625247303669,-0.6998113285355494,-0.8419558278600677,False
log_dimensionless_jerk,P26,P26_T14,right,MST,-30.60648535467964,-0.4457155675347003,-0.8806792624602083,-1.0595613521369451,False
log_dimensionless_jerk,P26,P26_T18,right,MST,-31.582874689967493,-0.3246686103390336,-1.362605298778209,-1.6393753939081068,False
log_dimensionless_jerk,P27,P27_T01,right,ATG,-27.866441272208704,0.0239994689922264,-0.3376583446916137,-0.4062429394128421,False
log_dimensionless_jerk,P27,P27_T02,right,CON,-27.14440136785508,0.1352468964319965,-0.1820356964807785,-0.219010480798143,False
log_dimensionless_jerk,P27,P27_T03,right,MST,-27.214623643843986,0.233857529150544,-0.306600883777986,-0.3688771393057112,False
log_dimensionless_jerk,P27,P27_T04,left,MST,-27.55511612777861,-0.2732812712227275,0.0746899483622261,0.0898608449762317,False
log_dimensionless_jerk,P27,P27_T04,right,MST,-25.855679179441875,0.3549044863462107,0.0746258004598095,0.0897836674598322,False
log_dimensionless_jerk,P27,P27_T05,left,ATG,-26.89491793776641,-0.483139331381045,0.5285610330786156,0.6359214605907481,False
log_dimensionless_jerk,P27,P27_T05,right,ATG,-24.31590798429828,0.1450464261878931,0.8535920952945095,1.026972285162129,False
log_dimensionless_jerk,P27,P27_T06,right,CON,-26.086446969631098,0.2562938536276631,0.0879433389128089,0.1058062419110313,False
log_dimensionless_jerk,P27,P27_T07,left,MST,-25.09961130594411,-0.1522343140270608,0.8612116083748174,1.0361394609162655,False
log_dimensionless_jerk,P27,P27_T07,right,MST,-22.016648223037382,0.4759514435418774,1.372506627702658,1.6512878641005295,False
log_dimensionless_jerk,P27,P27_T08,left,ATG,-27.452297967221803,-0.3620923741853784,0.2015032311498483,0.2424322283468591,False
log_dimensionless_jerk,P27,P27_T09,left,CON,-29.452606770211208,-0.2508449467456084,-0.6490697631451746,-0.780907721101678,False
log_dimensionless_jerk,P27,P27_T09,right,CON,-24.079054490668536,0.3773408108233298,0.7088401157006137,0.8528185270793587,False
log_dimensionless_jerk,P27,P27_T10,left,MST,-26.60169422010055,-0.0311873568313941,0.1849862205725119,0.2225603103778885,False
log_dimensionless_jerk,P27,P27_T10,right,MST,-23.869041528464592,0.5969984007375441,0.5668045169991253,0.6819328966044054,False
log_dimensionless_jerk,P27,P27_T11,left,ATG,-27.295363718104685,-0.2410454169897118,0.1384600694252208,0.1665838457094258,False
log_dimensionless_jerk,P27,P27_T11,right,ATG,-23.474401346515567,0.3871403405792264,0.9225238440714738,1.1099053347439394,False
log_dimensionless_jerk,P27,P27_T12,right,CON,-27.43338292270556,0.4983877680189965,-0.6519858024876077,-0.7844160614478805,False
log_dimensionless_jerk,P27,P27_T13,right,MST,-25.95110497758773,0.7180453579332107,-0.3237849915521579,-0.3895516541314661,False
log_dimensionless_jerk,P27,P27_T14,left,CON,-27.973206423374663,-0.0087510323542751,-0.3443688534592478,-0.4143164754280977,False
log_dimensionless_jerk,P27,P27_T14,right,CON,-30.54550317728456,0.6194347252146631,-1.9232901938853064,-2.3139456613206195,False
log_dimensionless_jerk,P27,P27_T15,left,ATG,-25.39237350422577,-0.1199984597940451,0.7207691723005851,0.867170593580249,False
log_dimensionless_jerk,P27,P27_T15,right,ATG,-28.973114250226544,0.5081872977748931,-1.2308788316186965,-1.4808928684244749,False
log_dimensionless_jerk,P28,P28_T01,left,MST,-26.618871013103657,-0.3814404705383234,0.5288906934071929,0.6363180809704735,False
log_dimensionless_jerk,P28,P28_T01,right,MST,-23.485748814092368,0.2467452870306147,1.0587248087443817,1.2737712101456586,False
log_dimensionless_jerk,P28,P28_T02,right,ATG,-27.282601368028217,0.0368872268722971,-0.1347555369020892,-0.1621268547746336,False
log_dimensionless_jerk,P28,P28_T04,right,CON,-30.42312050398823,0.1481346543120671,-1.4067567874232965,-1.6924948586232893,False
log_dimensionless_jerk,P28,P28_T05,right,CON,-25.14679300310449,0.2691816115077338,0.422357057890634,0.5081455126955509,False
log_dimensionless_jerk,P28,P28_T06,right,MST,-23.132645801901266,0.3677922442262814,1.0681867431040288,1.2851550366887432,False
log_dimensionless_jerk,P28,P28_T08,left,CON,-28.21532724994797,-0.2379571888655377,-0.2046519383522383,-0.2462204956571711,False
log_dimensionless_jerk,P28,P28_T08,right,CON,-25.689155191174866,0.3902285687034005,0.1008499359760359,0.1213344052489496,False
log_dimensionless_jerk,P28,P28_T09,right,ATG,-29.25113574709494,0.2789811412636305,-1.1044310094521033,-1.3287611774211787,False
log_dimensionless_jerk,P28,P28_T10,left,MST,-26.92458389602749,-0.1393465561469901,0.1738035501079866,0.2091062347081668,False
log_dimensionless_jerk,P28,P28_T10,right,MST,-27.864240553944164,0.4888392014219481,-0.8016846790720003,-0.9645215219126172,False
log_dimensionless_jerk,P28,P28_T11,left,CON,-29.579032892798267,-0.116910231669871,-0.8297322957495359,-0.9982661232877532,False
log_dimensionless_jerk,P28,P28_T11,right,CON,-30.501494197595715,0.5112755258990671,-1.7988650241322708,-2.164247460485157,False
log_dimensionless_jerk,P28,P28_T13,left,MST,-27.06166411152007,-0.0182995989513234,0.002090961749655,0.0025156743813202,False
log_dimensionless_jerk,P28,P28_T13,right,MST,-25.60178826222445,0.6098861586176147,-0.0865163376303475,-0.1040893905296076,False
log_dimensionless_jerk,P28,P28_T14,left,CON,-25.67977060877468,0.0041367255257955,0.4904103744487006,0.5900217043844935,False
log_dimensionless_jerk,P28,P28_T14,right,CON,-25.160263284753952,0.6323224830947338,0.054237493213195,0.0652541215572086,False
log_dimensionless_jerk,P28,P28_T15,right,ATG,-22.75231178536928,0.5210750556549638,1.0554775580807365,1.2698643833920822,False
log_dimensionless_jerk,P28,P28_T16,left,MST,-25.35883280934544,0.1027473582443431,0.5104201868002829,0.614095876145983,False
log_dimensionless_jerk,P28,P28_T16,right,MST,-20.4240581248848,0.7309331158132815,1.7061553585595437,2.0527067636643994,False
log_dimensionless_jerk,P29,P29_T01,right,CON,-29.54393749674418,0.0556932083153705,-0.989364276756584,-1.190322283628839,False
log_dimensionless_jerk,P29,P29_T02,right,MST,-24.75813891189358,0.1543038410339181,0.680883601926659,0.81918353327626,False
log_dimensionless_jerk,P29,P29_T03,right,ATG,-27.09437183041397,-0.0555542191243995,0.0272566220703145,0.0327929412744779,False
log_dimensionless_jerk,P29,P29_T04,right,ATG,-29.10989952141222,0.0654927380712671,-0.8387408899760742,-1.009104528012828,False
log_dimensionless_jerk,P29,P29_T05,right,CON,-27.12838494814519,0.1767401655110371,-0.2176092052891494,-0.2618096208482427,False
log_dimensionless_jerk,P29,P29_T06,right,MST,-24.590043406634727,0.2753507982295847,0.6219657042669969,0.7482983313981719,False
log_dimensionless_jerk,P29,P29_T07,right,CON,-27.64352948115704,0.2977871227067038,-0.5290565263247322,-0.6365175975911397,False
log_dimensionless_jerk,P29,P29_T08,right,ATG,-29.59810372414877,0.1865396952669338,-1.140230910957642,-1.371832694672094,False
log_dimensionless_jerk,P29,P29_T09,right,MST,-23.94577338034834,0.3963977554252514,0.7390446312748983,0.8891581330252594,False
log_dimensionless_jerk,P29,P29_T10,right,CON,-26.01679986999335,0.4188340799023705,-0.0488549212501912,-0.0587782506355263,False
log_dimensionless_jerk,P29,P29_T11,right,MST,-23.636931861584788,0.5174447126209182,0.7321472646759734,0.8808597849304882,False
log_dimensionless_jerk,P29,P29_T13,right,CON,-26.264067524512768,0.5398810370980371,-0.2612934168769901,-0.314366895976701,False
log_dimensionless_jerk,P29,P29_T14,right,MST,-23.719530624906,0.6384916698165848,0.5805713324426856,0.6984960044323901,False
log_dimensionless_jerk,P29,P29_T15,right,ATG,-27.862143866406782,0.4286336096582671,-0.7407041396103556,-0.8911547179009923,False
log_dimensionless_jerk,P30,P30_T01,left,ATG,-29.796905263761687,-0.739838426603676,-0.2873309744283955,-0.345693158398779,False
log_dimensionless_jerk,P30,P30_T01,right,ATG,-27.62386672833523,-0.1116526690347378,-0.1123492687529182,-0.1351694631469964,False
log_dimensionless_jerk,P30,P30_T05,right,ATG,-25.85990126221856,0.0093942881609288,0.4185754927184476,0.5035958423696678,False
log_dimensionless_jerk,P30,P30_T09,right,MST,-24.90332403183548,0.340299305514913,0.4412268872729019,0.530848150065501,False
log_dimensionless_jerk,P30,P30_T10,left,CON,-27.457960460004543,-0.2654501275769061,0.1027680948434671,0.1236421773174223,False
log_dimensionless_jerk,P30,P30_T10,right,CON,-28.427695363806425,0.3627356299920321,-0.8838372259355062,-1.0633607558387403,False
log_dimensionless_jerk,P30,P30_T14,left,CON,-24.68967349452518,-0.1444031703812394,1.0048958229325693,1.2090085713257157,False
stillness_fraction_observed_tracking,P4,P4_T03,right,MST,0.4589493582021561,-0.3612479947316445,0.2997836731791476,0.3430550120601233,False
stillness_fraction_observed_tracking,P4,P4_T06,right,CON,0.5317882595500294,0.1377508709219901,-0.0128658771192491,-0.0147229620062414,False
stillness_fraction_observed_tracking,P4,P4_T07,right,CON,0.4401233711161445,0.1087415734030397,-0.218781171370793,-0.2503604568827997,False
stillness_fraction_observed_tracking,P4,P4_T09,right,MST,0.2851446375016184,-0.4192665897695453,-0.1238819259561694,-0.1417632760057898,False
stillness_fraction_observed_tracking,P4,P4_T10,right,CON,0.5656688559855336,0.0797322758840893,0.1325357159172069,0.1516661702760706,False
stillness_fraction_observed_tracking,P4,P4_T11,right,MST,0.4483078377167029,-0.4482758872884957,0.3594002791941638,0.4112767910468769,False
stillness_fraction_observed_tracking,P4,P4_T12,right,ATG,0.4953994524160054,-0.1078797587728874,0.1397314438522593,0.1599005431068605,False
stillness_fraction_observed_tracking,P4,P4_T13,right,MST,0.390530708503648,-0.4772851848074462,0.2367422459986445,0.2709140667833237,False
stillness_fraction_observed_tracking,P4,P4_T14,right,CON,0.4246438782561313,0.0507229783651389,-0.2010312712753371,-0.2300485028436157,False
stillness_fraction_observed_tracking,P4,P4_T15,right,ATG,0.6525993795123134,-0.1368890562918378,0.5829944635004366,0.6671449801991383,False
stillness_fraction_observed_tracking,P6,P6_T01,left,CON,0.5362442249110614,0.7832160533435927,-0.6468992097060654,-0.7402738575919049,False
stillness_fraction_observed_tracking,P6,P6_T02,right,ATG,0.4236348334187427,-0.0893188314852258,-0.0636268958333595,-0.072810921575497,False
stillness_fraction_observed_tracking,P6,P6_T03,right,MST,0.4877210256117683,-0.4297149600008342,0.4419528536578505,0.5057451592802279,False
stillness_fraction_observed_tracking,P6,P6_T08,right,ATG,0.5133249261274099,-0.1473374265231267,0.2249724270935051,0.2574453700940441,False
stillness_fraction_observed_tracking,P6,P6_T10,right,CON,0.5403941568158414,0.0112653106148996,0.135711573698103,0.1553004373386249,False
stillness_fraction_observed_tracking,P6,P6_T12,right,ATG,0.6258796472127236,-0.1763467240420771,0.548458159215641,0.6276236408370294,False
stillness_fraction_observed_tracking,P6,P6_T13,right,CON,0.1997247116782458,-0.0177439869040507,-0.8247736426794553,-0.9438230205658622,False
stillness_fraction_observed_tracking,P6,P6_T14,right,MST,0.4959847855487503,-0.5457521500766358,0.579098667194813,0.6626868573319505,False
stillness_fraction_observed_tracking,P6,P6_T15,right,ATG,0.3453086512227125,-0.2053560215610275,-0.1594483713996399,-0.1824634490377419,False
stillness_fraction_observed_tracking,P9,P9_T01,left,ATG,0.5292186448933508,0.4647021827160654,-0.3464035474139578,-0.3964040865719527,False
stillness_fraction_observed_tracking,P9,P9_T10,left,CON,0.6545675316676602,0.5652863248161909,-0.1136313789489689,-0.1300331457759271,False
stillness_fraction_observed_tracking,P9,P9_T12,right,ATG,0.2899638293874336,-0.3072485600126275,-0.2208821192553954,-0.2527646595341537,False
stillness_fraction_observed_tracking,P10,P10_T01,right,CON,0.3303446191145714,0.0668751107625976,-0.4743898723956684,-0.5428641982735448,False
stillness_fraction_observed_tracking,P10,P10_T02,right,ATG,0.2388739456115503,-0.120736923894379,-0.5754881645240443,-0.6585552079191305,False
stillness_fraction_observed_tracking,P10,P10_T04,right,MST,0.3206834552558918,-0.4901423499289378,0.0545339658148216,0.062405500946378,False
stillness_fraction_observed_tracking,P10,P10_T05,right,CON,0.5162284688946053,0.0378658132436472,0.0471902471643061,0.0540017761420815,False
stillness_fraction_observed_tracking,P10,P10_T06,right,ATG,0.6964665568357814,-0.1497462214133295,0.7235604135660311,0.8280004837147628,False
stillness_fraction_observed_tracking,P10,P10_T07,right,CON,0.4618401825648604,0.0088565157246968,-0.06289212681997,-0.0719700946215918,False
stillness_fraction_observed_tracking,P10,P10_T09,right,MST,0.1724759317655326,-0.5191516474478882,-0.4383842138708551,-0.5016614153185135,False
stillness_fraction_observed_tracking,P10,P10_T10,right,MST,0.4611181467842403,-0.5191516474478882,0.4632612187966525,0.5301292138958537,False
stillness_fraction_observed_tracking,P10,P10_T11,right,CON,0.4370799575893958,-0.0201527817942535,-0.0977775614551224,-0.1118909584650778,False
stillness_fraction_observed_tracking,P10,P10_T13,right,ATG,0.3788311252450636,-0.2077648164512303,-0.0643348534572311,-0.0736210671335248,False
stillness_fraction_observed_tracking,P10,P10_T14,right,CON,0.3923881117346245,-0.0491620793132039,-0.186403172946185,-0.21330895730564,False
stillness_fraction_observed_tracking,P10,P10_T16,right,ATG,0.5492000974686914,-0.2367741139701807,0.4064206393321604,0.4650841583499399,False
stillness_fraction_observed_tracking,P11,P11_T01,left,ATG,0.7880527705976499,0.4412030571437185,0.4407695861908419,0.5043910967628793,False
stillness_fraction_observed_tracking,P11,P11_T01,right,ATG,0.0596558302771496,-0.2437197930281232,-1.473183217669466,-1.6858252524057848,False
stillness_fraction_observed_tracking,P11,P11_T02,left,MST,0.7054016973890596,0.1008069286281101,0.5002204087723957,0.5724231628237665,False
stillness_fraction_observed_tracking,P11,P11_T03,left,CON,0.6099868171254021,0.6288150918006953,-0.2996835450972716,-0.3429404313027016,False
stillness_fraction_observed_tracking,P11,P11_T04,left,CON,0.633776091081595,0.5998057942817449,-0.2060713840251749,-0.2358161149415124,False
stillness_fraction_observed_tracking,P11,P11_T05,left,ATG,0.7518129941313476,0.4121937596247681,0.3389550307891966,0.3878804370568222,False
stillness_fraction_observed_tracking,P11,P11_T06,left,MST,0.653963405580514,0.0717976311091597,0.3781523008572687,0.432735514764442,False
stillness_fraction_observed_tracking,P11,P11_T06,right,MST,0.1291416956824179,-0.6131252190626819,-0.5617167739819875,-0.6427960289805672,False
stillness_fraction_observed_tracking,P11,P11_T07,left,CON,0.58076313122639,0.5707964967627944,-0.3191354644270494,-0.3652000772317236,False
stillness_fraction_observed_tracking,P11,P11_T08,left,ATG,0.6901972190638779,0.3831844621058177,0.1718053674999684,0.1966040771822634,False
stillness_fraction_observed_tracking,P11,P11_T08,right,ATG,0.2225180272673693,-0.301738388066024,-0.4533409342712717,-0.5187770168552209,False
stillness_fraction_observed_tracking,P11,P11_T09,left,MST,0.6066346105256576,0.0427883335902093,0.2773614277848089,0.3173962976191497,False
stillness_fraction_observed_tracking,P11,P11_T10,left,CON,0.595374567628907,0.541787199243844,-0.251616204325442,-0.2879349602131404,False
stillness_fraction_observed_tracking,P11,P11_T10,right,CON,0.1524431418186029,-0.1431356509279977,-0.9084921673330172,-1.039625634431096,False
stillness_fraction_observed_tracking,P11,P11_T11,left,MST,0.6209530578818816,0.0137790360712589,0.3449353719874295,0.3947239919446743,False
stillness_fraction_observed_tracking,P11,P11_T12,left,ATG,0.7703084730395605,0.3541751645868672,0.4619306330710192,0.5286065689255207,False
stillness_fraction_observed_tracking,P11,P11_T13,left,CON,0.6186008522113422,0.5127779017248936,-0.1604358418697317,-0.1835934528516051,False
stillness_fraction_observed_tracking,P11,P11_T13,right,CON,0.2793165472015452,-0.1721449484469481,-0.3893708960995637,-0.4455734231312638,False
stillness_fraction_observed_tracking,P11,P11_T14,left,MST,0.6181547920358685,-0.0152302614476914,0.3663656110946185,0.4192475120463669,False
stillness_fraction_observed_tracking,P11,P11_T14,right,MST,0.1892469531592717,-0.7001531116195332,-0.185070633740974,-0.2117840768868152,False
stillness_fraction_observed_tracking,P12,P12_T01,right,MST,0.2739989000192571,-0.5166797947294731,-0.0618005119135692,-0.0707209139677257,False
stillness_fraction_observed_tracking,P12,P12_T02,right,CON,0.6546914055805331,0.0113283684431118,0.4406763582818677,0.5042844121622861,False
stillness_fraction_observed_tracking,P12,P12_T03,right,ATG,0.2411899192661783,-0.1762836662138648,-0.5118361258405757,-0.5857155143272794,False
stillness_fraction_observed_tracking,P12,P12_T04,right,ATG,0.4478002346144029,-0.2052929637328152,0.1151069843750916,0.1317217428629071,False
stillness_fraction_observed_tracking,P12,P12_T05,right,MST,0.2550333978961043,-0.5456890922484235,-0.0950469409707603,-0.1087661950873382,False
stillness_fraction_observed_tracking,P12,P12_T06,right,CON,0.5930496386934077,-0.0176809290758385,0.301696371496108,0.3452437928473948,False
stillness_fraction_observed_tracking,P12,P12_T07,right,MST,0.3034162299449781,-0.574698389767374,0.0877303621284431,0.1003935275021691,False
stillness_fraction_observed_tracking,P12,P12_T08,right,ATG,0.5916529293804791,-0.2343022612517656,0.514625055262941,0.5889070030647351,False
stillness_fraction_observed_tracking,P12,P12_T09,right,CON,0.466067906398476,-0.0466902265947889,0.0035071027959441,0.0040133246057056,False
stillness_fraction_observed_tracking,P12,P12_T10,right,MST,0.2330375061095704,-0.6037076872863244,-0.1131861109993063,-0.1295236070134534,False
stillness_fraction_observed_tracking,P12,P12_T11,right,CON,0.3840729674287023,-0.0756995241137393,-0.1822169908984056,-0.2085185338724445,False
stillness_fraction_observed_tracking,P12,P12_T12,right,ATG,0.19507661469674,-0.2633115587707161,-0.5979362154694784,-0.6842434527329505,False
stillness_fraction_observed_tracking,P12,P12_T13,right,CON,0.3362799468495576,-0.1047088216326897,-0.2857538919015356,-0.3270001457815455,False
stillness_fraction_observed_tracking,P12,P12_T14,right,MST,0.2747369045389979,-0.6327169848052748,0.056603177803715,0.0647733868831834,False
stillness_fraction_observed_tracking,P12,P12_T15,left,ATG,0.5856378597769587,0.3926019938821752,-0.1281381218162439,-0.14663381917655,False
stillness_fraction_observed_tracking,P12,P12_T15,right,ATG,0.5213930243555024,-0.2923208562896665,0.390584062138118,0.4469616998361745,False
stillness_fraction_observed_tracking,P15,P15_T01,right,MST,0.3723366904342714,-0.7576930546986786,0.4679140656667584,0.5354536614290061,False
stillness_fraction_observed_tracking,P15,P15_T02,right,CON,0.3382444999248805,-0.2296848915260936,-0.1551666669333832,-0.1775637153006354,False
stillness_fraction_observed_tracking,P15,P15_T03,right,ATG,0.1152748626881823,-0.4172969261830704,-0.8401475131950711,-0.961415984449501,False
stillness_fraction_observed_tracking,P15,P15_T04,right,ATG,0.2019762302807478,-0.4463062237020208,-0.3872562048718012,-0.4431534933967649,False
stillness_fraction_observed_tracking,P15,P15_T05,right,MST,0.1543930832390648,-0.7867023522176291,-0.2553407788271589,-0.292197146799405,False
stillness_fraction_observed_tracking,P15,P15_T07,right,MST,0.1366811674923767,-0.8157116497365795,-0.3173556267057082,-0.3631633343881769,False
stillness_fraction_observed_tracking,P15,P15_T08,right,ATG,0.1481629041861217,-0.4753155212209712,-0.5977095578443155,-0.6839840789201301,False
stillness_fraction_observed_tracking,P15,P15_T09,left,CON,0.7231619786375805,0.3972193636078472,0.2593786543477928,0.2968178568625597,False
stillness_fraction_observed_tracking,P15,P15_T09,right,CON,0.2524494089060122,-0.2877034865639944,-0.3617443867296013,-0.4139592514701274,False
stillness_fraction_observed_tracking,P15,P15_T12,right,ATG,0.2228421741747231,-0.5043248187399216,-0.2495589810872556,-0.2855807935058539,False
stillness_fraction_observed_tracking,P15,P15_T13,right,CON,0.1513823470720821,-0.3457220816018952,-0.7111622180092103,-0.8138127093067575,False
stillness_fraction_observed_tracking,P15,P15_T14,right,MST,0.1085777569652627,-0.8737302447744804,-0.4267389412320175,-0.4883352421377194,False
stillness_fraction_observed_tracking,P15,P15_T15,right,ATG,0.1657747543902283,-0.5333341162588721,-0.4546492377663337,-0.5202741633359386,False
stillness_fraction_observed_tracking,P16,P16_T01,right,CON,0.5434505000092005,0.2195547768650545,-0.0647178597193515,-0.0740593572394449,False
stillness_fraction_observed_tracking,P16,P16_T02,right,ATG,0.5505513216875493,0.0319427422080778,0.1411889832906604,0.1615684665274932,False
stillness_fraction_observed_tracking,P16,P16_T07,right,CON,0.6332988846352154,0.1615361818271537,0.2308860240445748,0.2642125467446404,False
stillness_fraction_observed_tracking,P16,P16_T09,right,MST,0.3862963777134058,-0.3664719813454313,0.1145492885876363,0.1310835482172066,False
stillness_fraction_observed_tracking,P16,P16_T10,right,CON,0.6585833061057954,0.1325268843082033,0.3304978932950637,0.3782025804401607,False
stillness_fraction_observed_tracking,P16,P16_T11,left,MST,0.8434217164867343,0.28944157130746,0.8291775167193065,0.9488625580624542,False
stillness_fraction_observed_tracking,P16,P16_T11,right,MST,0.4662117694372545,-0.3954812788643817,0.3526672197644918,0.403571869163198,False
stillness_fraction_observed_tracking,P17,P17_T01,right,ATG,0.5740943607765187,0.135835921808004,0.0983768687070467,0.1125767708522446,False
stillness_fraction_observed_tracking,P17,P17_T02,left,MST,0.8334016372493658,0.4803626434642374,0.5910263912639278,0.6763362515133833,False
stillness_fraction_observed_tracking,P17,P17_T02,right,MST,0.4871983584221734,-0.2045602067076042,0.2154625645106954,0.2465628360706307,False
stillness_fraction_observed_tracking,P17,P17_T03,left,CON,0.788308392227799,1.0083708066368224,-0.1254206939506014,-0.1435241526649137,False
stillness_fraction_observed_tracking,P17,P17_T03,right,CON,0.6832518133465022,0.3234479564649807,0.2109308740410003,0.2413770328804584,False
stillness_fraction_observed_tracking,P17,P17_T04,left,CON,0.8943016635402532,0.979361509117872,0.4275253747489375,0.4892351909467069,False
stillness_fraction_observed_tracking,P17,P17_T04,right,CON,0.692630139984728,0.2944386589460304,0.2678308467866556,0.3064900546453782,False
stillness_fraction_observed_tracking,P17,P17_T05,left,ATG,0.881810379882775,0.7917494744608954,0.534846842380902,0.6120476409455838,False
stillness_fraction_observed_tracking,P17,P17_T05,right,ATG,0.6964614662694193,0.1068266242890536,0.4669721950188599,0.5343758394013841,False
stillness_fraction_observed_tracking,P17,P17_T06,right,MST,0.6214498445188937,-0.2335695042265546,0.5936317145869263,0.6793176321019708,False
stillness_fraction_observed_tracking,P17,P17_T07,left,CON,0.8486562963658353,0.9503522115989216,0.1939243187565212,0.2219157194395103,False
stillness_fraction_observed_tracking,P17,P17_T07,right,CON,0.697769759580342,0.2654293614270799,0.3123251359791044,0.3574067331744339,False
stillness_fraction_observed_tracking,P17,P17_T08,left,ATG,0.8050701931417807,0.762740176941945,0.1863048201834395,0.2131964081202491,False
stillness_fraction_observed_tracking,P17,P17_T08,right,ATG,0.631848950368081,0.0778173267701032,0.3106222993069037,0.3554581058561972,False
stillness_fraction_observed_tracking,P17,P17_T10,left,CON,0.8039801053479821,0.9213429140799712,0.0232769239480631,0.026636758903656,False
stillness_fraction_observed_tracking,P17,P17_T10,right,CON,0.6046794222478135,0.2364200639081295,0.0785035048666963,0.0898348483198174,False
stillness_fraction_observed_tracking,P17,P17_T11,right,MST,0.3036289756926111,-0.2915880992644555,-0.194737448029543,-0.2228462173202145,False
stillness_fraction_observed_tracking,P17,P17_T12,left,ATG,0.6601253283411531,0.7337308794229945,-0.2663231524055033,-0.304764736823283,False
stillness_fraction_observed_tracking,P17,P17_T12,right,ATG,0.4542189001107591,0.0488080292511528,-0.122444028453674,-0.1401178296750118,False
stillness_fraction_observed_tracking,P17,P17_T13,right,CON,0.6101935734413515,0.2074107663891791,0.1222756584347589,0.1399251568110865,False
stillness_fraction_observed_tracking,P17,P17_T14,right,MST,0.290658195307877,-0.3205973967834059,-0.2053817198815132,-0.2350269033790138,False
stillness_fraction_observed_tracking,P18,P18_T01,left,MST,0.6343222620779544,0.2180635324071025,0.177173604651175,0.2027471757743881,False
stillness_fraction_observed_tracking,P18,P18_T01,right,MST,0.2563627386723941,-0.4668593177647391,-0.1694175098212643,-0.1938715516378313,False
stillness_fraction_observed_tracking,P18,P18_T09,left,CON,0.782039741938555,0.6880531005417868,0.1711699978532055,0.1958769970864017,False
stillness_fraction_observed_tracking,P18,P18_T10,right,MST,0.2251892919039513,-0.5538872103215904,-0.1913766621967854,-0.2190003293431893,False
stillness_fraction_observed_tracking,P18,P18_T14,right,MST,0.2907892711518057,-0.5828965078405408,0.0573232021264769,0.0655973408701007,False
stillness_fraction_observed_tracking,P19,P19_T05,right,CON,0.6937305367236154,0.2224221029865015,0.343150468597403,0.3926814522443025,False
stillness_fraction_observed_tracking,P19,P19_T06,right,ATG,0.4974191818218238,0.0348100683295248,0.0021995198351628,0.0025170026625411,False
stillness_fraction_observed_tracking,P19,P19_T08,right,ATG,0.7231133624482472,0.0058007708105744,0.6506422252398354,0.7445571470234523,False
stillness_fraction_observed_tracking,P19,P19_T13,right,CON,0.9442535349571264,0.1353942104296503,1.7146273793786613,1.9621199182513689,False
stillness_fraction_observed_tracking,P20,P20_T01,left,ATG,0.4555484816084886,0.9521748648071426,-1.0223877394957643,-1.1699611075658742,False
stillness_fraction_observed_tracking,P20,P20_T02,left,CON,0.4029125001212383,1.1397868994641194,-1.3473001713953423,-1.5417720106139023,False
stillness_fraction_observed_tracking,P20,P20_T03,left,MST,0.1983894437634513,0.6117787362915342,-1.4596430872725967,-1.6703307141364585,False
stillness_fraction_observed_tracking,P20,P20_T04,left,MST,0.508130007464819,0.5827694387725838,-0.5184065376241506,-0.5932343116978996,False
stillness_fraction_observed_tracking,P20,P20_T07,left,MST,0.2826419523265533,0.5537601412536334,-1.1047677511784868,-1.2642320049820956,False
stillness_fraction_observed_tracking,P20,P20_T08,left,ATG,1.0,0.8941562697692418,7.969349008123599,9.119659823700298,True
stillness_fraction_observed_tracking,P20,P20_T09,left,CON,1.0,1.0817683044262183,7.781736973466622,8.904967515312268,True
stillness_fraction_observed_tracking,P20,P20_T10,left,MST,0.966266571362112,0.5247508437346831,1.660669986047,1.9003742133441364,False
stillness_fraction_observed_tracking,P20,P20_T11,left,ATG,0.8495731737366272,0.8651469722502914,0.2836982955108715,0.3246478407440107,False
stillness_fraction_observed_tracking,P20,P20_T12,left,CON,0.774406633407058,1.052759006907268,-0.2217725008384892,-0.2537835604685746,False
stillness_fraction_observed_tracking,P20,P20_T13,left,MST,0.1807527704963653,0.4957415462157326,-1.4169362858752472,-1.6214595327507333,False
stillness_fraction_observed_tracking,P20,P20_T14,left,CON,0.1750943841622805,1.0237497093883177,-1.9696431612722145,-2.2539451574488845,False
stillness_fraction_observed_tracking,P20,P20_T15,left,ATG,0.3305098890094306,0.8361376747313409,-1.243175547548454,-1.42261784284105,False
stillness_fraction_observed_tracking,P20,P20_T16,left,ATG,0.1643265730629273,0.8361376747313409,-1.830829829573374,-2.0950952485294154,False
stillness_fraction_observed_tracking,P21,P21_T01,left,MST,0.3573223319297607,0.0900297657523714,-0.4211772608115439,-0.4819707783112323,False
stillness_fraction_observed_tracking,P21,P21_T02,left,ATG,0.6788000781629566,0.4304258942679798,0.0908697775575882,0.1039860920554212,False
stillness_fraction_observed_tracking,P21,P21_T03,left,CON,0.5405292500191666,0.6180379289249565,-0.4707137933154989,-0.5386575070291291,False
stillness_fraction_observed_tracking,P21,P21_T04,left,CON,0.5989809317320214,0.589028631406006,-0.2892867585955461,-0.331042953094792,False
stillness_fraction_observed_tracking,P21,P21_T05,left,MST,0.5573918276397624,0.061020468233421,0.1297855642270605,0.1485190565215915,False
stillness_fraction_observed_tracking,P21,P21_T06,left,ATG,0.4831048403651121,0.4014165967490293,-0.4009768316891149,-0.4588545812791367,False
stillness_fraction_observed_tracking,P21,P21_T07,left,CON,0.5697904934253644,0.5600193338870556,-0.337029424365343,-0.3856768849822454,False
stillness_fraction_observed_tracking,P21,P21_T08,left,ATG,0.5548779607513195,0.3724072992300789,-0.1881027000595054,-0.2152537973570468,False
stillness_fraction_observed_tracking,P21,P21_T09,left,MST,0.610043371945663,0.0320111707144706,0.297272143306036,0.34018096324428,False
stillness_fraction_observed_tracking,P21,P21_T10,left,CON,0.4782578928188841,0.5310100363681052,-0.5429661569941268,-0.6213389126917114,False
stillness_fraction_observed_tracking,P21,P21_T11,left,ATG,0.6484439600806338,0.3433980017111285,0.0910384038810772,0.1041790582194043,False
stillness_fraction_observed_tracking,P21,P21_T12,left,MST,0.5979912972021,0.0030018731955201,0.2941108374572832,0.3365633485671073,False
stillness_fraction_observed_tracking,P21,P21_T13,left,CON,0.5913014521710177,0.5020007388491547,-0.2226065688058016,-0.2547380193740611,False
stillness_fraction_observed_tracking,P21,P21_T14,left,ATG,0.6047035317623547,0.3143887041921781,0.0005992541414852,0.000685751610667,False
stillness_fraction_observed_tracking,P21,P21_T15,left,MST,0.5587689419014716,-0.0260074243234302,0.2203781917120697,0.2521879941420071,False
stillness_fraction_observed_tracking,P22,P22_T01,right,CON,0.5915899942186661,-0.0160751882718933,0.2962316856208362,0.3389903239410817,False
stillness_fraction_observed_tracking,P22,P22_T02,right,MST,0.2969518539127405,-0.5440833514444784,0.0374697439976825,0.0428781972770518,False
stillness_fraction_observed_tracking,P22,P22_T03,right,ATG,0.14199878470687,-0.2036872229288701,-0.9010692443365628,-1.03113127277669,False
stillness_fraction_observed_tracking,P22,P22_T05,right,CON,0.1689465002202687,-0.0450844857908437,-0.9283678496006096,-1.0623702100369117,False
stillness_fraction_observed_tracking,P22,P22_T06,right,MST,0.3262979868531785,-0.5730926489634288,0.1538631046692142,0.1760719944089897,False
stillness_fraction_observed_tracking,P22,P22_T07,right,CON,0.4326334889482152,-0.0740937833097941,-0.0553873210294384,-0.0633820310566985,False
stillness_fraction_observed_tracking,P22,P22_T08,right,ATG,0.3113766246196367,-0.2617058179667709,-0.2013914441320252,-0.2304606637274441,False
stillness_fraction_observed_tracking,P22,P22_T09,right,MST,0.1337428832761364,-0.6021019464823792,-0.5470081491297284,-0.6259643335697761,False
stillness_fraction_observed_tracking,P22,P22_T10,right,CON,0.5751265778816632,-0.1031030808287445,0.3400117969337852,0.389089738813092,False
stillness_fraction_observed_tracking,P22,P22_T11,right,MST,0.2269371253746237,-0.6311112440013297,-0.1077749386470446,-0.1233313758726494,False
stillness_fraction_observed_tracking,P22,P22_T13,right,CON,0.5509261947111305,-0.132112378347695,0.306211349140386,0.3504104708515148,False
stillness_fraction_observed_tracking,P22,P22_T14,right,MST,0.2961194649668592,-0.6601205415202801,0.1509594908393509,0.1727492675010889,False
stillness_fraction_observed_tracking,P22,P22_T15,right,ATG,0.5218907476202732,-0.3197244130046717,0.4192610028426209,0.4797779240651429,False
stillness_fraction_observed_tracking,P25,P25_T01,left,MST,0.522296215473101,0.0594726269631037,0.0411014010746543,0.0470340545628296,False
stillness_fraction_observed_tracking,P25,P25_T02,left,CON,0.6554421932884552,0.5874807901356889,-0.13335480437854,-0.1526034875055283,False
stillness_fraction_observed_tracking,P25,P25_T02,right,CON,0.2550874023412693,-0.0974420600361529,-0.5431125209066555,-0.6215064030464904,False
stillness_fraction_observed_tracking,P25,P25_T04,left,ATG,0.6893289430456566,0.3708594579597616,0.1815400028233934,0.2077438280661709,False
stillness_fraction_observed_tracking,P25,P25_T05,left,MST,0.5566223775879506,0.0304633294441533,0.1583519378292253,0.1812087541848407,False
stillness_fraction_observed_tracking,P25,P25_T05,right,MST,0.6349428515870804,-0.6544595207276884,1.0514052928867983,1.2031671091567873,False
stillness_fraction_observed_tracking,P25,P25_T06,left,CON,0.5344266471783227,0.5584714926167385,-0.4268193621773761,-0.488427271193496,False
stillness_fraction_observed_tracking,P25,P25_T07,left,MST,0.3526925081660327,0.0014540319252029,-0.3455099726842868,-0.3953815315861755,False
stillness_fraction_observed_tracking,P25,P25_T07,right,MST,0.2953628678598504,-0.6834688182466389,0.1719886766210079,0.1968138454863943,False
stillness_fraction_observed_tracking,P25,P25_T08,left,ATG,0.5622657424349508,0.3418501604408112,-0.1384170817684495,-0.1583964635293069,False
stillness_fraction_observed_tracking,P25,P25_T09,left,CON,0.5548138444901843,0.529462195097788,-0.3453233187951343,-0.3951679357238151,False
stillness_fraction_observed_tracking,P25,P25_T10,left,MST,0.5549706640679343,-0.0275552655937474,0.2120994856441237,0.2427143240789804,False
stillness_fraction_observed_tracking,P25,P25_T10,right,MST,0.1351577252129047,-0.7124781157655893,-0.42887031978934,-0.4907742678822936,False
stillness_fraction_observed_tracking,P25,P25_T12,left,ATG,0.7040693463084061,0.3128408629218608,0.2840987757452486,0.3251061270481883,False
stillness_fraction_observed_tracking,P25,P25_T12,right,ATG,0.1708474809507227,-0.3720819872499809,-0.5927651506370017,-0.6783259866826602,False
stillness_fraction_observed_tracking,P25,P25_T14,right,MST,0.2155318850294209,-0.7414874132845397,-0.0396674344718737,-0.0453931065252199,False
stillness_fraction_observed_tracking,P25,P25_T15,left,ATG,0.3410912379614351,0.2838315654029104,-0.6605804282613874,-0.7559298489496745,False
stillness_fraction_observed_tracking,P25,P25_T16,left,ATG,0.354421475626834,0.2838315654029104,-0.623058088041289,-0.7129914636125999,False
stillness_fraction_observed_tracking,P26,P26_T02,left,CON,0.8069606179381845,0.6003212209051524,0.3564425558033599,0.4078921443023013,False
stillness_fraction_observed_tracking,P26,P26_T02,right,CON,0.2454474680988247,-0.0846016292666893,-0.58875508766835,-0.6737371036875193,False
stillness_fraction_observed_tracking,P26,P26_T06,right,MST,0.3059909228032805,-0.6126097924392744,0.1334002482525876,0.1526554908337754,False
stillness_fraction_observed_tracking,P26,P26_T09,left,ATG,0.6413270744932131,0.3836998887292252,0.0308962767129004,0.0353559033684367,False
stillness_fraction_observed_tracking,P26,P26_T12,right,MST,0.0333012547298267,-0.6706283874771752,-1.4361094864061286,-1.6434002290855267,False
stillness_fraction_observed_tracking,P26,P26_T14,right,MST,0.1400586047597357,-0.6996376849961257,-0.4153436756495152,-0.475295162501703,False
stillness_fraction_observed_tracking,P26,P26_T18,right,MST,0.2089770600696158,-0.7286469825150761,-0.0775368385773577,-0.0887286516012623,False
stillness_fraction_observed_tracking,P27,P27_T01,right,ATG,0.4650350059572316,-0.2377969318960136,0.1919635873916889,0.2196719724239507,False
stillness_fraction_observed_tracking,P27,P27_T02,right,CON,0.4065135967111226,-0.0501848972390368,-0.147785912426656,-0.1691176088150264,False
stillness_fraction_observed_tracking,P27,P27_T03,right,MST,0.4997320260538476,-0.5781930604116219,0.6211088422466668,0.7107608600160437,False
stillness_fraction_observed_tracking,P27,P27_T04,left,MST,0.3541849908518781,0.0777204922412693,-0.4176069427647159,-0.4778851138465064,False
stillness_fraction_observed_tracking,P27,P27_T04,right,MST,0.282687466829937,-0.6072023579305723,0.0563380502626928,0.0644699903345379,False
stillness_fraction_observed_tracking,P27,P27_T05,left,ATG,0.5448786693770853,0.4181166207568777,-0.2596040151714248,-0.2970757466910786,False
stillness_fraction_observed_tracking,P27,P27_T05,right,ATG,0.1521423021423023,-0.266806229414964,-0.7863092608196147,-0.8998066175280378,False
stillness_fraction_observed_tracking,P27,P27_T06,right,CON,0.6010051858699231,-0.0791941947579872,0.3843206125826752,0.4397941721986825,False
stillness_fraction_observed_tracking,P27,P27_T07,left,MST,0.2583502246036009,0.0487111947223189,-0.6783492582165495,-0.7762634652200966,False
stillness_fraction_observed_tracking,P27,P27_T07,right,MST,0.3243606435408676,-0.6362116554495227,0.2113471682375873,0.2418534157638763,False
stillness_fraction_observed_tracking,P27,P27_T08,left,ATG,0.5194638720536802,0.3891073232379273,-0.2957786909405503,-0.338471943157163,False
stillness_fraction_observed_tracking,P27,P27_T09,left,CON,0.460255100704538,0.576719357894904,-0.6348273921480583,-0.7264595711965449,False
stillness_fraction_observed_tracking,P27,P27_T09,right,CON,0.6517447435953688,-0.1082034922769377,0.5519036969061629,0.6315665139142741,False
stillness_fraction_observed_tracking,P27,P27_T10,left,MST,0.3672550074468763,0.0197018972033685,-0.3234017589955527,-0.3700821767774694,False
stillness_fraction_observed_tracking,P27,P27_T10,right,MST,0.2882385801780859,-0.6652209529684732,0.1317311702046544,0.150745494923088,False
stillness_fraction_observed_tracking,P27,P27_T11,left,ATG,0.4965026768187211,0.3600980257189768,-0.3254289341129889,-0.372401958161776,False
stillness_fraction_observed_tracking,P27,P27_T11,right,ATG,0.3968137251648782,-0.3248248244528648,0.1010865601660637,0.1156775842697811,False
stillness_fraction_observed_tracking,P27,P27_T12,right,CON,0.4954839711679176,-0.1372127897958881,0.1692803219529638,0.1937145618147525,False
stillness_fraction_observed_tracking,P27,P27_T13,right,MST,0.4276912195953226,-0.6942302504874236,0.5518772129912938,0.6315362072613517,False
stillness_fraction_observed_tracking,P27,P27_T14,left,CON,0.3940072661420976,0.5187007628570032,-0.7499336248995827,-0.8581804539451264,False
stillness_fraction_observed_tracking,P27,P27_T14,right,CON,0.6072213074258925,-0.1662220873148385,0.4879418556106837,0.5583723002190681,False
stillness_fraction_observed_tracking,P27,P27_T15,left,ATG,0.2863192851016903,0.3310887282000265,-0.870562855789331,-0.9962215347646154,False
stillness_fraction_observed_tracking,P27,P27_T15,right,ATG,0.5462359711282454,-0.3538341219718152,0.5158417840253765,0.5902993567437888,False
stillness_fraction_observed_tracking,P28,P28_T01,left,MST,0.6552536285466798,0.1504609656489696,0.3031320477650379,0.3468866973275793,False
stillness_fraction_observed_tracking,P28,P28_T01,right,MST,0.185794098593854,-0.5344618845228721,-0.365230383118959,-0.417948423130847,False
stillness_fraction_observed_tracking,P28,P28_T02,right,ATG,0.2010723860589802,-0.1940657560072638,-0.6430826045471572,-0.7359063564704027,False
stillness_fraction_observed_tracking,P28,P28_T04,right,CON,0.556929366357498,-0.006453721350287,0.1960631627076133,0.2243632881468233,False
stillness_fraction_observed_tracking,P28,P28_T05,right,CON,0.4356755746226132,-0.0354630188692374,-0.086112614850232,-0.0985422715409904,False
stillness_fraction_observed_tracking,P28,P28_T06,right,MST,0.2950562100161636,-0.5634711820418226,0.0510501030570423,0.0584187708896295,False
stillness_fraction_observed_tracking,P28,P28_T08,left,CON,0.6025256286137955,0.6204505337836539,-0.3112736844955682,-0.3562035132073825,False
stillness_fraction_observed_tracking,P28,P28_T08,right,CON,0.6008882233953733,-0.0644723163881879,0.3692873642607153,0.422590996556389,False
stillness_fraction_observed_tracking,P28,P28_T09,right,ATG,0.5607588315798555,-0.2520843510451646,0.4516102064144114,0.5167964724863046,False
stillness_fraction_observed_tracking,P28,P28_T10,left,MST,0.3956412229375468,0.0924423706110687,-0.3193095443704895,-0.3653992842014125,False
stillness_fraction_observed_tracking,P28,P28_T10,right,MST,0.462930671698869,-0.592480479560773,0.541245418641719,0.6193697997310974,False
stillness_fraction_observed_tracking,P28,P28_T11,left,CON,0.5466647942704708,0.5914412362647035,-0.4283289877585774,-0.4901547989686853,False
stillness_fraction_observed_tracking,P28,P28_T11,right,CON,0.5805797222437556,-0.0934816139071383,0.3446617706841575,0.3944108985150079,False
stillness_fraction_observed_tracking,P28,P28_T13,left,MST,0.3176175494446615,0.0634330730921183,-0.5080491107162179,-0.5813818743215341,False
stillness_fraction_observed_tracking,P28,P28_T13,right,MST,0.2432750787718935,-0.6214897770797234,-0.0593778110947595,-0.0679485159588516,False
stillness_fraction_observed_tracking,P28,P28_T14,left,CON,0.5931541334096985,0.562431938745753,-0.2781400719352529,-0.3182873327298626,False
stillness_fraction_observed_tracking,P28,P28_T14,right,CON,0.5311667496913529,-0.1224909114260887,0.2457824871028109,0.2812591932811331,False
stillness_fraction_observed_tracking,P28,P28_T15,right,ATG,0.4450977108253119,-0.3101029460830654,0.2129356367625856,0.2436711668215691,False
stillness_fraction_observed_tracking,P28,P28_T16,left,MST,0.4091570620573907,0.0344237755731679,-0.225406720540579,-0.2579423502735968,False
stillness_fraction_observed_tracking,P28,P28_T16,right,MST,0.0979284274362565,-0.6504990745986738,-0.723454061523874,-0.827878780618934,False
stillness_fraction_observed_tracking,P29,P29_T01,right,CON,0.6197263192985376,0.0692671199520382,0.2861220361719462,0.3274214286879369,False
stillness_fraction_observed_tracking,P29,P29_T02,right,MST,0.2638843709359473,-0.4587410432205467,-0.1525844608111337,-0.1746087886930057,False
stillness_fraction_observed_tracking,P29,P29_T03,right,ATG,0.4395199041663463,-0.1183449147049384,0.0067416376249942,0.0077147382718381,False
stillness_fraction_observed_tracking,P29,P29_T04,right,ATG,0.5235655961715026,-0.1473542122238888,0.2511765956885472,0.2874318976392772,False
stillness_fraction_observed_tracking,P29,P29_T05,right,CON,0.4572596728424967,0.0402578224330878,-0.1060674780834477,-0.121377457241841,False
stillness_fraction_observed_tracking,P29,P29_T06,right,MST,0.3255332880792115,-0.4877503407394971,0.0662986734093871,0.0758683485489079,False
stillness_fraction_observed_tracking,P29,P29_T07,right,CON,0.5847202779367766,0.0112485249141374,0.2508021516120206,0.2870034056009135,False
stillness_fraction_observed_tracking,P29,P29_T08,right,ATG,0.3788814838000636,-0.1763635097428392,-0.0955995435038344,-0.1093985613087464,False
stillness_fraction_observed_tracking,P29,P29_T09,right,MST,0.195926564887091,-0.5167596382584476,-0.3410381640701155,-0.3902642537111115,False
stillness_fraction_observed_tracking,P29,P29_T10,right,CON,0.4375031729387328,-0.0177607726048129,-0.0990715666451036,-0.1133717427964833,False
stillness_fraction_observed_tracking,P29,P29_T11,right,MST,0.282323309533943,-0.545768935777398,-0.006242311868864,-0.0071433388975005,False
stillness_fraction_observed_tracking,P29,P29_T13,right,CON,0.494946541140189,-0.0467700701237633,0.0774650820878161,0.0886465376451419,False
stillness_fraction_observed_tracking,P29,P29_T14,right,MST,0.308727047707172,-0.5747782332963485,0.1037737341577383,0.1187526300064136,False
stillness_fraction_observed_tracking,P29,P29_T15,right,ATG,0.5877952860062832,-0.23438210478074,0.5045260953760159,0.577350340325022,False
stillness_fraction_observed_tracking,P30,P30_T01,left,ATG,0.7460103731680595,0.5886960726347952,0.1427521327592676,0.1633572439286039,False
stillness_fraction_observed_tracking,P30,P30_T01,right,ATG,0.3853873893777588,-0.0962267775370466,-0.1581447862231231,-0.1809717019265371,False
stillness_fraction_observed_tracking,P30,P30_T05,right,ATG,0.2809587268986585,-0.125236075055997,-0.4310810341721821,-0.493304080934568,False
stillness_fraction_observed_tracking,P30,P30_T09,right,MST,0.5172904081844464,-0.4946415010905557,0.5824124066566386,0.6664789081764319,False
stillness_fraction_observed_tracking,P30,P30_T10,left,CON,0.8288731459474935,0.6892802147349206,0.3615088755692799,0.4136897461862421,False
stillness_fraction_observed_tracking,P30,P30_T10,right,CON,0.6253117604653924,0.0043573645630788,0.3662062371708038,0.4190651337908184,False
stillness_fraction_observed_tracking,P30,P30_T14,left,CON,0.5858735991545022,0.6602709172159702,-0.3951868103995088,-0.452228817433261,False
