participant,attempt_id,attempt_sequence,round,workbook_device,device_family,device_rep,ftis,attempt_start_ms,attempt_end_ms,duration_ms,needle_in_all_ms,primary_needle_in_ms,needle_in_event_count,needle_in_offset_sec,scheduled_slot_id,slot_attempt_index,slot_attempt_count,is_retry_attempt,has_retry_in_slot,scheduled_slot_first_attempt,scheduled_slot_last_attempt,included_participant,excluded_participant,workbook_id_raw,right_mapping_present,right_mapping_status,right_mapping_usable,right_video_id,right_local_start_sec,right_local_end_sec,right_needle_candidate_sec,right_candidate_within_attempt_window,left_mapping_present,left_mapping_status,left_mapping_usable,left_video_id,left_local_start_sec,left_local_end_sec,left_needle_candidate_sec,left_candidate_within_attempt_window,verified_grip_available,verified_grip,verified_grip_clock,verified_grip_local_sec,verified_review_device,verified_training_role,timing_hint_available,timing_hint_approx_sec,timing_hint_reason,needle_timing_available_from_workbook,immediate_right_gopro_candidate,immediate_left_gopro_candidate,grip_pipeline_status,final_resolution_status,final_grip,final_needle_sec,final_source_category,final_review_status_raw,final_decision_row_index,final_decision_score,final_decision_rule,final_attempt_id
P1,P1_T01,1,1,DEVICE2-1,DEVICE2,1,N,937,183691,182754.0,,,0,,P1_DEVICE2-1,1,1,False,False,True,True,True,False,P1,False,,False,,,,,False,False,,False,,,,,False,False,,,,,,False,,,False,False,False,MISSING_NEEDLE_TIMING_NO_USABLE_GOPRO,RESOLVED,TC,155.216,,LOCATED_FINAL,0,113700,HIGHEST_SCORE_MANUAL_FINAL_DECISION,P1_T01
P1,P1_T02,2,1,DEVICE3-1,DEVICE3,1,Y,195082,337585,142503.0,,,0,,P1_DEVICE3-1,1,1,False,False,True,True,True,False,P1,False,,False,,,,,False,False,,False,,,,,False,False,,,,,,False,,,False,False,False,MISSING_NEEDLE_TIMING_NO_USABLE_GOPRO,RESOLVED,TC,403.894,,LOCATED,1,112700,HIGHEST_SCORE_MANUAL_FINAL_DECISION,P1_T02
P1,P1_T03,3,1,DEVICE1-1,DEVICE1,1,Y,341687,596099,254412.0,394132,394132.0,1,52.445,P1_DEVICE1-1,1,1,False,False,True,True,True,False,P1,False,,False,,,,,False,False,,False,,,,,False,False,,,,,,False,,,True,False,False,NEEDLE_KNOWN_NO_USABLE_GOPRO_MAPPING,RESOLVED,IPG,560.499,,LOCATED,2,112700,HIGHEST_SCORE_MANUAL_FINAL_DECISION,P1_T03
P1,P1_T04,4,2,DEVICE1-2,DEVICE1,2,Y,613835,799256,185421.0,639035,639035.0,1,25.2,P1_DEVICE1-2,1,1,False,False,True,True,True,False,P1,False,,False,,,,,False,False,,False,,,,,False,False,,,,,,False,,,True,False,False,NEEDLE_KNOWN_NO_USABLE_GOPRO_MAPPING,RESOLVED,TC,152.402,GOPRO_LEFT,LOCATED,0,985200,HIGHEST_SCORE_MANUAL_FINAL_DECISION,P1_T04
P1,P1_T05,5,2,DEVICE3-2,DEVICE3,2,Y,808762,947479,138717.0,,,0,,P1_DEVICE3-2,1,1,False,False,True,True,True,False,P1,False,,False,,,,,False,False,,False,,,,,False,False,,,,,,False,,,False,False,False,MISSING_NEEDLE_TIMING_NO_USABLE_GOPRO,RESOLVED,OTHER,1026.374,,LOCATED,4,112700,HIGHEST_SCORE_MANUAL_FINAL_DECISION,P1_T05
P1,P1_T06,6,2,DEVICE2-2,DEVICE2,2,Y,959550,1072819,113269.0,,,0,,P1_DEVICE2-2,1,1,False,False,True,True,True,False,P1,False,,False,,,,,False,False,,False,,,,,False,False,,,,,,False,,,False,False,False,MISSING_NEEDLE_TIMING_NO_USABLE_GOPRO,RESOLVED,TC,989.034,CAE_OTHER,LOCATED,0,1141200,HIGHEST_SCORE_MANUAL_FINAL_DECISION,P1_T06
P1,P1_T07,7,3,DEVICE3-3,DEVICE3,3,Y,1093951,1186315,92364.0,,,0,,P1_DEVICE3-3,1,1,False,False,True,True,True,False,P1,False,,False,,,,,False,False,,False,,,,,False,False,,,,,,False,,,False,False,False,MISSING_NEEDLE_TIMING_NO_USABLE_GOPRO,RESOLVED,EPG,1127.016,GOPRO_LEFT,LOCATED,1,933200,HIGHEST_SCORE_MANUAL_FINAL_DECISION,P1_T07
P1,P1_T08,8,3,DEVICE2-3,DEVICE2,3,Y,1195141,1356029,160888.0,,,0,,P1_DEVICE2-3,1,1,False,False,True,True,True,False,P1,False,,False,,,,,False,True,validated,True,ee24600e36b9f4df;d6b8f5fb13132a26,0.367029128772856,133.127251350995,,False,False,,,,,,False,,,False,False,False,MISSING_NEEDLE_TIMING_LEFT_ONLY,RESOLVED,TC,1412.487,,LOCATED,7,112700,HIGHEST_SCORE_MANUAL_FINAL_DECISION,P1_T08
P1,P1_T09,9,3,DEVICE1-3,DEVICE1,3,Y,1370414,1558826,188412.0,1402314,1402314.0,1,31.9,P1_DEVICE1-3,1,1,False,False,True,True,True,False,P1,False,,False,,,,,False,False,,False,,,,,False,False,,,,,,False,,,True,False,False,NEEDLE_KNOWN_NO_USABLE_GOPRO_MAPPING,RESOLVED,TC,1413.368,CAE_OTHER,LOCATED,1,1141200,HIGHEST_SCORE_MANUAL_FINAL_DECISION,P1_T09
P1,P1_T10,10,4,DEVICE3-4,DEVICE3,4,Y,1569283,1737599,168316.0,,,0,,P1_DEVICE3-4,1,1,False,False,True,True,True,False,P1,False,,False,,,,,False,False,,False,,,,,False,False,,,,,,False,,,False,False,False,MISSING_NEEDLE_TIMING_NO_USABLE_GOPRO,RESOLVED,TC,1815.162,,LOCATED,9,112700,HIGHEST_SCORE_MANUAL_FINAL_DECISION,P1_T10
P1,P1_T11,11,4,DEVICE1-4,DEVICE1,4,Y,1754527,1903063,148536.0,1781443,1781443.0,1,26.916,P1_DEVICE1-4,1,1,False,False,True,True,True,False,P1,False,,False,,,,,False,False,,False,,,,,False,False,,,,,,False,,,True,False,False,NEEDLE_KNOWN_NO_USABLE_GOPRO_MAPPING,RESOLVED,TC,1816.935,CAE_OTHER,LOCATED,2,1141200,HIGHEST_SCORE_MANUAL_FINAL_DECISION,P1_T11
P1,P1_T12,12,4,DEVICE2-4,DEVICE2,4,Y,2041152,2114118,72966.0,,,0,,P1_DEVICE2-4,1,1,False,False,True,True,True,False,P1,False,,False,,,,,False,False,,False,,,,,False,False,,,,,,False,,,False,False,False,MISSING_NEEDLE_TIMING_NO_USABLE_GOPRO,RESOLVED,OTHER,2197.164,,LOCATED_FINAL,6,113700,HIGHEST_SCORE_MANUAL_FINAL_DECISION,P1_T12
P1,P1_T13,13,5,DEVICE1-5,DEVICE1,5,Y,2123376,2292777,169401.0,2157200,2157200.0,1,33.824,P1_DEVICE1-5,1,1,False,False,True,True,True,False,P1,False,,False,,,,,False,False,,False,,,,,False,False,,,,,,False,,,True,False,False,NEEDLE_KNOWN_NO_USABLE_GOPRO_MAPPING,RESOLVED,OTHER,2217.122,,LOCATED_FINAL,7,113700,HIGHEST_SCORE_MANUAL_FINAL_DECISION,P1_T13
P1,P1_T14,14,5,DEVICE2-5,DEVICE2,5,Y,2392067,2516011,123944.0,,,0,,P1_DEVICE2-5,1,1,False,False,True,True,True,False,P1,False,,False,,,,,False,False,,False,,,,,False,False,,,,,,False,,,False,False,False,MISSING_NEEDLE_TIMING_NO_USABLE_GOPRO,RESOLVED,OTHER,2600.879,,LOCATED,13,112700,HIGHEST_SCORE_MANUAL_FINAL_DECISION,P1_T14
P1,P1_T15,15,5,DEVICE3-5,DEVICE3,5,Y,2612295,2682253,69958.0,,,0,,P1_DEVICE3-5,1,1,False,False,True,True,True,False,P1,False,,False,,,,,False,False,,False,,,,,False,False,,,,,,False,,,False,False,False,MISSING_NEEDLE_TIMING_NO_USABLE_GOPRO,RESOLVED,TC,2561.902,CAE_OTHER,LOCATED,3,1141200,HIGHEST_SCORE_MANUAL_FINAL_DECISION,P1_T15
P10,P10_T01,1,1,DEVICE3-1,DEVICE3,1,Y,27242,139542,112300.0,,,0,,P10_DEVICE3-1,1,1,False,False,True,True,True,False,P10,True,validated,True,31ead97550db2307,31.362467,143.662467,,False,True,validated,True,984e82013ecfa499,29.694133,141.994133,,False,False,,,,,,False,,,False,False,False,MISSING_NEEDLE_TIMING_RIGHT_GOPRO_AVAILABLE,RESOLVED,IPG,68.867,,,0,104200,HIGHEST_SCORE_MANUAL_FINAL_DECISION,P10_T01
P10,P10_T02,2,1,DEVICE2-1,DEVICE2,1,Y,147769,352537,204768.0,,,0,,P10_DEVICE2-1,1,1,False,False,True,True,True,False,P10,True,validated,True,31ead97550db2307,151.889467,356.657467,,False,True,validated,True,984e82013ecfa499,150.221133,354.989133,,False,False,,,,,,False,,,False,False,False,MISSING_NEEDLE_TIMING_RIGHT_GOPRO_AVAILABLE,RESOLVED,EPG,191.663,,,1,104200,HIGHEST_SCORE_MANUAL_FINAL_DECISION,P10_T02
P10,P10_T03,3,1,DEVICE1-1,DEVICE1,1,Y,370742,524622,153880.0,412413,412413.0,1,41.671,P10_DEVICE1-1,1,1,False,False,True,True,True,False,P10,True,validated,True,31ead97550db2307,374.862467,528.742467,416.533467,True,True,validated,True,984e82013ecfa499,373.194133,527.074133,414.865133,True,False,,,,,,False,,,True,True,True,READY_RIGHT_GOPRO_GRIP_REVIEW,RESOLVED,IPG,415.535,,,2,104200,HIGHEST_SCORE_MANUAL_FINAL_DECISION,P10_T03
P10,P10_T04,4,2,DEVICE1-2,DEVICE1,2,Y,542533,693981,151448.0,578486,578486.0,1,35.953,P10_DEVICE1-2,1,1,False,False,True,True,True,False,P10,True,validated,True,31ead97550db2307,546.653467,698.101467,582.606467,True,True,validated,True,984e82013ecfa499,544.985133,696.433133,580.938133,True,True,IPG,GoPro-local,582.606467,MST,PRIMARY_GOPRO_TRAINING,False,,,True,True,True,ALREADY_VERIFIED_GRIP,RESOLVED,IPG,,,,18,100000,HIGHEST_SCORE_MANUAL_FINAL_DECISION,P10_T04
P10,P10_T05,5,2,DEVICE3-2,DEVICE3,2,N,713855,841029,127174.0,,,0,,P10_DEVICE3-2,1,1,False,False,True,True,True,False,P10,True,validated,True,31ead97550db2307,717.975467,845.149467,,False,True,validated,True,984e82013ecfa499,716.307133,843.481133,,False,False,,,,,,False,,,False,False,False,MISSING_NEEDLE_TIMING_RIGHT_GOPRO_AVAILABLE,RESOLVED,IPG,727.051,,,3,104200,HIGHEST_SCORE_MANUAL_FINAL_DECISION,P10_T05
P10,P10_T06,6,2,DEVICE2-2,DEVICE2,2,N,861878,1008954,147076.0,,,0,,P10_DEVICE2-2,1,1,False,False,True,True,True,False,P10,True,validated,True,31ead97550db2307,865.998467,1013.074467,,False,True,validated,True,984e82013ecfa499,864.330133,1011.406133,,False,False,,,,,,False,,,False,False,False,MISSING_NEEDLE_TIMING_RIGHT_GOPRO_AVAILABLE,RESOLVED,IPG,875.475,,,4,104200,HIGHEST_SCORE_MANUAL_FINAL_DECISION,P10_T06
P10,P10_T07,7,3,DEVICE3-3,DEVICE3,3,Y,1021548,1113922,92374.0,,,0,,P10_DEVICE3-3,1,1,False,False,True,True,True,False,P10,True,validated,True,31ead97550db2307,1025.668467,1118.042467,,False,True,validated,True,984e82013ecfa499,1024.000133,1116.374133,,False,False,,,,,,False,,,False,False,False,MISSING_NEEDLE_TIMING_RIGHT_GOPRO_AVAILABLE,RESOLVED,EPG,1047.957,,,5,104200,HIGHEST_SCORE_MANUAL_FINAL_DECISION,P10_T07
P10,P10_T08,8,3,DEVICE2-3,DEVICE2,3,N,1126862,1305444,178582.0,,,0,,P10_DEVICE2-3,1,1,False,False,True,True,True,False,P10,True,validated,True,31ead97550db2307,1130.982467,1309.564467,,False,True,validated,True,984e82013ecfa499,1129.314133,1307.896133,,False,False,,,,,,False,,,False,False,False,MISSING_NEEDLE_TIMING_RIGHT_GOPRO_AVAILABLE,RESOLVED,OTHER,1149.134,,,6,104200,HIGHEST_SCORE_MANUAL_FINAL_DECISION,P10_T08
P10,P10_T09,9,3,DEVICE1-3,DEVICE1,3,N,1317739,1514861,197122.0,1329028,1329028.0,1,11.289,P10_DEVICE1-3,1,2,False,True,True,False,True,False,P10,True,validated,True,31ead97550db2307,1321.859467,1518.981467,1333.148467,True,True,validated,True,984e82013ecfa499,1320.191133,1517.313133,1331.480133,True,False,,,,,,False,,,True,True,True,READY_RIGHT_GOPRO_GRIP_REVIEW,RESOLVED,IPG,1335.587,,,7,104200,HIGHEST_SCORE_MANUAL_FINAL_DECISION,P10_T09
P10,P10_T10,10,3,DEVICE1-3,DEVICE1,3,N,1557412,1829214,271802.0,1568701,1568701.0,1,11.289,P10_DEVICE1-3,2,2,True,True,False,True,True,False,P10,True,validated,True,31ead97550db2307,1561.532467,1833.334467,1572.821467,True,True,validated,True,984e82013ecfa499,1559.864133,1831.666133,1571.153133,True,False,,,,,,False,,,True,True,True,READY_RIGHT_GOPRO_GRIP_REVIEW,RESOLVED,EPG,1572.057,,,8,104200,HIGHEST_SCORE_MANUAL_FINAL_DECISION,P10_T10
P10,P10_T11,11,4,DEVICE3-4,DEVICE3,4,Y,1884137,1987755,103618.0,,,0,,P10_DEVICE3-4,1,1,False,False,True,True,True,False,P10,True,validated,True,31ead97550db2307,1888.257467,1991.875467,,False,True,validated,True,984e82013ecfa499,1886.589133,1990.207133,,False,False,,,,,,False,,,False,False,False,MISSING_NEEDLE_TIMING_RIGHT_GOPRO_AVAILABLE,RESOLVED,IPG,1896.532,,,9,104200,HIGHEST_SCORE_MANUAL_FINAL_DECISION,P10_T11
P10,P10_T12,12,4,DEVICE1-4,DEVICE1,4,Y,2012090,2205329,193239.0,2043895,2043895.0,1,31.805,P10_DEVICE1-4,1,1,False,False,True,True,True,False,P10,False,,False,,,,,False,False,,False,,,,,False,False,,,,,,False,,,True,False,False,NEEDLE_KNOWN_NO_USABLE_GOPRO_MAPPING,RESOLVED,IPG,2385.407,right,LOCATED,0,207200,HIGHEST_SCORE_MANUAL_FINAL_DECISION,P10_T12
P10,P10_T13,13,4,DEVICE2-4,DEVICE2,4,Y,11268,118712,107444.0,,,0,,P10_DEVICE2-4,1,1,False,False,True,True,True,False,P10,True,validated,True,dcb0ec1dd94213ac,9.994,117.438,,False,True,validated,True,b3449656d9c4d391,8.927333,116.371333,,False,False,,,,,,False,,,False,False,False,MISSING_NEEDLE_TIMING_RIGHT_GOPRO_AVAILABLE,RESOLVED,TC,29.061,,,10,104200,HIGHEST_SCORE_MANUAL_FINAL_DECISION,P10_T13
P10,P10_T14,14,5,DEVICE3-5,DEVICE3,5,Y,164274,222932,58658.0,,,0,,P10_DEVICE3-5,1,1,False,False,True,True,True,False,P10,True,validated,True,dcb0ec1dd94213ac,163.0,221.658,,False,True,validated,True,b3449656d9c4d391,161.933333,220.591333,,False,False,,,,,,False,,,False,False,False,MISSING_NEEDLE_TIMING_RIGHT_GOPRO_AVAILABLE,RESOLVED,IPG,179.533,,,11,104200,HIGHEST_SCORE_MANUAL_FINAL_DECISION,P10_T14
P10,P10_T15,15,5,DEVICE1-5,DEVICE1,5,Y,387452,545295,157843.0,410351,410351.0,1,22.899,P10_DEVICE1-5,1,1,False,False,True,True,True,False,P10,True,validated,True,dcb0ec1dd94213ac,386.178,544.021,409.077,True,True,validated,True,b3449656d9c4d391,385.111333,542.954333,408.010333,True,True,EPG,GoPro-local,406.667,MST,PRIMARY_GOPRO_TRAINING,False,,,True,True,True,ALREADY_VERIFIED_GRIP,RESOLVED,EPG,,,,2,602000,HIGHEST_SCORE_MANUAL_FINAL_DECISION,P10_T15
P10,P10_T16,16,5,DEVICE2-5,DEVICE2,5,Y,667841,875905,208064.0,,,0,,P10_DEVICE2-5,1,1,False,False,True,True,True,False,P10,True,validated,True,dcb0ec1dd94213ac,666.567,874.631,,False,True,validated,True,b3449656d9c4d391,665.500333,873.564333,,False,False,,,,,,False,,,False,False,False,MISSING_NEEDLE_TIMING_RIGHT_GOPRO_AVAILABLE,RESOLVED,IPG,684.167,,,12,104200,HIGHEST_SCORE_MANUAL_FINAL_DECISION,P10_T16
P11,P11_T01,1,1,DEVICE2-1,DEVICE2,1,Y,21784,169833,148049.0,,,0,,P11_DEVICE2-1,1,1,False,False,True,True,True,False,P11,True,validated,True,6ae0cb4f1de216ce,29.6296,177.6786,,False,True,validated,True,ceae79503e93efc4,30.263567,178.312567,,False,False,,,,,,False,,,False,False,False,MISSING_NEEDLE_TIMING_RIGHT_GOPRO_AVAILABLE,RESOLVED,IPG,42.843,,,13,104200,HIGHEST_SCORE_MANUAL_FINAL_DECISION,P11_T01
P11,P11_T02,2,1,DEVICE1-1,DEVICE1,1,Y,16786,301357,284571.0,88427,88427.0,1,71.641,P11_DEVICE1-1,1,1,False,False,True,True,True,False,P11,True,validated,True,3cd91e6797f42eed,35.2806,319.8516,106.9216,True,True,validated,True,367a2efa62899b4a,32.3777,316.9487,104.0187,True,True,EPG,GoPro-local,106.9216,MST,PRIMARY_GOPRO_TRAINING,False,,,True,True,True,ALREADY_VERIFIED_GRIP,RESOLVED,EPG,,,,3,602000,HIGHEST_SCORE_MANUAL_FINAL_DECISION,P11_T02
P11,P11_T03,3,1,DEVICE3-1,DEVICE3,1,Y,317174,445330,128156.0,,,0,,P11_DEVICE3-1,1,1,False,False,True,True,True,False,P11,True,validated,True,3cd91e6797f42eed,335.6686,463.8246,,False,True,validated,True,367a2efa62899b4a,332.7657,460.9217,,False,False,,,,,,False,,,False,False,False,MISSING_NEEDLE_TIMING_RIGHT_GOPRO_AVAILABLE,RESOLVED,IPG,361.294,,,14,104200,HIGHEST_SCORE_MANUAL_FINAL_DECISION,P11_T03
P11,P11_T04,4,2,DEVICE3-2,DEVICE3,2,Y,450815,559863,109048.0,,,0,,P11_DEVICE3-2,1,1,False,False,True,True,True,False,P11,True,validated,True,3cd91e6797f42eed,469.3096,578.3576,,False,True,validated,True,367a2efa62899b4a,466.4067,575.4547,,False,False,,,,,,False,,,False,False,False,MISSING_NEEDLE_TIMING_RIGHT_GOPRO_AVAILABLE,RESOLVED,IPG,473.18,,,15,104200,HIGHEST_SCORE_MANUAL_FINAL_DECISION,P11_T04
P11,P11_T05,5,2,DEVICE2-2,DEVICE2,2,N,575960,677206,101246.0,,,0,,P11_DEVICE2-2,1,1,False,False,True,True,True,False,P11,True,validated,True,3cd91e6797f42eed,594.4546,695.7006,,False,True,validated,True,367a2efa62899b4a,591.5517,692.7977,,False,False,,,,,,False,,,False,False,False,MISSING_NEEDLE_TIMING_RIGHT_GOPRO_AVAILABLE,RESOLVED,IPG,615.542,,,16,104200,HIGHEST_SCORE_MANUAL_FINAL_DECISION,P11_T05
P11,P11_T06,6,2,DEVICE1-2,DEVICE1,2,Y,693862,941556,247694.0,735441,735441.0,1,41.579,P11_DEVICE1-2,1,1,False,False,True,True,True,False,P11,True,validated,True,3cd91e6797f42eed,712.3566,960.0506,753.9355999999999,True,True,validated,True,367a2efa62899b4a,709.4537,957.1477,751.0327,True,False,,,,,,False,,,True,True,True,READY_RIGHT_GOPRO_GRIP_REVIEW,RESOLVED,IPG,752.304,,,17,104200,HIGHEST_SCORE_MANUAL_FINAL_DECISION,P11_T06
P11,P11_T07,7,3,DEVICE3-3,DEVICE3,3,Y,955649,1056604,100955.0,,,0,,P11_DEVICE3-3,1,1,False,False,True,True,True,False,P11,True,validated,True,3cd91e6797f42eed,974.1436,1075.0986,,False,True,validated,True,367a2efa62899b4a,971.2407,1072.1957,,False,False,,,,,,False,,,False,False,False,MISSING_NEEDLE_TIMING_RIGHT_GOPRO_AVAILABLE,RESOLVED,IPG,986.423,,,18,104200,HIGHEST_SCORE_MANUAL_FINAL_DECISION,P11_T07
P11,P11_T08,8,3,DEVICE2-3,DEVICE2,3,N,1077200,1210026,132826.0,,,0,,P11_DEVICE2-3,1,1,False,False,True,True,True,False,P11,True,validated,True,3cd91e6797f42eed,1095.6946,1228.5206,,False,True,validated,True,367a2efa62899b4a,1092.7917,1225.6177,,False,False,,,,,,False,,,False,False,False,MISSING_NEEDLE_TIMING_RIGHT_GOPRO_AVAILABLE,RESOLVED,IPG,1115.448,,,19,104200,HIGHEST_SCORE_MANUAL_FINAL_DECISION,P11_T08
P11,P11_T09,9,3,DEVICE1-3,DEVICE1,3,Y,1239142,1419644,180502.0,1272071,1272071.0,1,32.929,P11_DEVICE1-3,1,1,False,False,True,True,True,False,P11,True,validated,True,3cd91e6797f42eed,1257.6366,1438.1386,1290.5656,True,True,validated,True,367a2efa62899b4a,1254.7337,1435.2357,1287.6627,True,False,,,,,,False,,,True,True,True,READY_RIGHT_GOPRO_GRIP_REVIEW,RESOLVED,IPG,1288.667,,,20,104200,HIGHEST_SCORE_MANUAL_FINAL_DECISION,P11_T09
P11,P11_T10,10,4,DEVICE3-4,DEVICE3,4,Y,1434290,1520896,86606.0,,,0,,P11_DEVICE3-4,1,1,False,False,True,True,True,False,P11,True,validated,True,3cd91e6797f42eed,1452.7846,1539.3906,,False,True,validated,True,367a2efa62899b4a,1449.8817,1536.4877,,False,False,,,,,,False,,,False,False,False,MISSING_NEEDLE_TIMING_RIGHT_GOPRO_AVAILABLE,RESOLVED,IPG,1461.593,,,21,104200,HIGHEST_SCORE_MANUAL_FINAL_DECISION,P11_T10
P11,P11_T11,11,4,DEVICE1-4,DEVICE1,4,Y,1541955,1704163,162208.0,1580982,1580982.0,1,39.027,P11_DEVICE1-4,1,1,False,False,True,True,True,False,P11,True,validated,True,3cd91e6797f42eed,1560.4496,1722.6576,1599.4766,True,True,validated,True,367a2efa62899b4a,1557.5467,1719.7547,1596.5737,True,False,,,,,,False,,,True,True,True,READY_RIGHT_GOPRO_GRIP_REVIEW,RESOLVED,IPG,1597.411,,,22,104200,HIGHEST_SCORE_MANUAL_FINAL_DECISION,P11_T11
P11,P11_T12,12,4,DEVICE2-4,DEVICE2,4,N,1726234,1821574,95340.0,,,0,,P11_DEVICE2-4,1,1,False,False,True,True,True,False,P11,True,validated,True,3cd91e6797f42eed,1744.7286,1840.0686,,False,True,validated,True,367a2efa62899b4a,1741.8257,1837.1657,,False,False,,,,,,False,,,False,False,False,MISSING_NEEDLE_TIMING_RIGHT_GOPRO_AVAILABLE,RESOLVED,IPG,1753.137,,,23,104200,HIGHEST_SCORE_MANUAL_FINAL_DECISION,P11_T12
P11,P11_T13,13,5,DEVICE3-5,DEVICE3,5,Y,1885244,1978956,93712.0,,,0,,P11_DEVICE3-5,1,1,False,False,True,True,True,False,P11,True,validated,True,3cd91e6797f42eed,1903.7386,1997.4506,,False,True,validated,True,367a2efa62899b4a,1900.8357,1994.5477,,False,False,,,,,,False,,,False,False,False,MISSING_NEEDLE_TIMING_RIGHT_GOPRO_AVAILABLE,RESOLVED,IPG,1910.946,,,24,104200,HIGHEST_SCORE_MANUAL_FINAL_DECISION,P11_T13
P11,P11_T14,14,5,DEVICE1-5,DEVICE1,5,Y,2066470,2281122,214652.0,2104278,2104278.0,1,37.808,P11_DEVICE1-5,1,1,False,False,True,True,True,False,P11,True,validated,True,3cd91e6797f42eed,2084.9646,2299.6166,2122.7726,True,True,validated,True,367a2efa62899b4a,2082.0617,2296.7137,2119.8697,True,False,,,,,,False,,,True,True,True,READY_RIGHT_GOPRO_GRIP_REVIEW,RESOLVED,IPG,2120.74,,,25,104200,HIGHEST_SCORE_MANUAL_FINAL_DECISION,P11_T14
P11,P11_T15,15,5,DEVICE2-5,DEVICE2,5,N,2392017,2524219,132202.0,,,0,,P11_DEVICE2-5,1,1,False,False,True,True,True,False,P11,False,,False,,,,,False,False,,False,,,,,False,True,IPG,CAE-local,3133.802,ATG,SECONDARY_CAE_VALIDATION_PENDING_VIDEO_RESOLUTION,False,,,False,False,False,ALREADY_VERIFIED_GRIP,RESOLVED,IPG,,,,45,100000,HIGHEST_SCORE_MANUAL_FINAL_DECISION,P11_T15
P12,P12_T01,1,1,DEVICE1-1,DEVICE1,1,Y,42351,183810,141459.0,52523,52523.0,1,10.172,P12_DEVICE1-1,1,1,False,False,True,True,True,False,P12,True,validated,True,992e2525fb3893cc,54.2192,195.6782,64.3912,True,True,validated,True,1d28e8c2dd47979b,50.7157,192.1747,60.8877,True,False,,,,,,False,,,True,True,True,READY_RIGHT_GOPRO_GRIP_REVIEW,RESOLVED,OTHER,63.46,,,26,104200,HIGHEST_SCORE_MANUAL_FINAL_DECISION,P12_T01
P12,P12_T02,2,1,DEVICE3-1,DEVICE3,1,Y,215446,299085,83639.0,,,0,,P12_DEVICE3-1,1,1,False,False,True,True,True,False,P12,True,validated,True,992e2525fb3893cc,227.3142,310.9532,,False,True,validated,True,1d28e8c2dd47979b,223.8107,307.4497,,False,False,,,,,,False,,,False,False,False,MISSING_NEEDLE_TIMING_RIGHT_GOPRO_AVAILABLE,RESOLVED,IPG,256.944,,,27,104200,HIGHEST_SCORE_MANUAL_FINAL_DECISION,P12_T02
P12,P12_T03,3,1,DEVICE2-1,DEVICE2,1,Y,324274,444850,120576.0,,,0,,P12_DEVICE2-1,1,1,False,False,True,True,True,False,P12,True,validated,True,992e2525fb3893cc,336.1422,456.7182,,False,True,validated,True,1d28e8c2dd47979b,332.6387,453.2147,,False,False,,,,,,False,,,False,False,False,MISSING_NEEDLE_TIMING_RIGHT_GOPRO_AVAILABLE,RESOLVED,OTHER,359.365,,,28,104200,HIGHEST_SCORE_MANUAL_FINAL_DECISION,P12_T03
P12,P12_T04,4,2,DEVICE2-2,DEVICE2,2,Y,460389,540441,80052.0,,,0,,P12_DEVICE2-2,1,1,False,False,True,True,True,False,P12,True,validated,True,992e2525fb3893cc,472.2572,552.3092,,False,True,validated,True,1d28e8c2dd47979b,468.7537,548.8057,,False,False,,,,,,False,,,False,False,False,MISSING_NEEDLE_TIMING_RIGHT_GOPRO_AVAILABLE,RESOLVED,OTHER,480.799,,,29,104200,HIGHEST_SCORE_MANUAL_FINAL_DECISION,P12_T04
P12,P12_T05,5,2,DEVICE1-2,DEVICE1,2,Y,562702,674498,111796.0,575607,575607.0,1,12.905,P12_DEVICE1-2,1,1,False,False,True,True,True,False,P12,True,validated,True,992e2525fb3893cc,574.5702,686.3662,587.4752,True,True,validated,True,1d28e8c2dd47979b,571.0667,682.8627,583.9716999999999,True,True,EPG,GoPro-local,587.4752,MST,PRIMARY_GOPRO_TRAINING,False,,,True,True,True,ALREADY_VERIFIED_GRIP,RESOLVED,EPG,,,,50,100000,HIGHEST_SCORE_MANUAL_FINAL_DECISION,P12_T05
P12,P12_T06,6,2,DEVICE3-2,DEVICE3,2,Y,691885,737218,45333.0,,,0,,P12_DEVICE3-2,1,1,False,False,True,True,True,False,P12,True,validated,True,992e2525fb3893cc,703.7532,749.0862,,False,True,validated,True,1d28e8c2dd47979b,700.2497,745.5827,,False,False,,,,,,False,,,False,False,False,MISSING_NEEDLE_TIMING_RIGHT_GOPRO_AVAILABLE,RESOLVED,EPG,715.231,,,30,104200,HIGHEST_SCORE_MANUAL_FINAL_DECISION,P12_T06
P12,P12_T07,7,3,DEVICE1-3,DEVICE1,3,Y,758084,885230,127146.0,780452,780452.0,1,22.368,P12_DEVICE1-3,1,1,False,False,True,True,True,False,P12,True,validated,True,992e2525fb3893cc,769.9522,897.0982,792.3202,True,True,validated,True,1d28e8c2dd47979b,766.4487,893.5947,788.8167000000001,True,True,IPG,GoPro-local,792.3202,MST,PRIMARY_GOPRO_TRAINING,False,,,True,True,True,ALREADY_VERIFIED_GRIP,RESOLVED,IPG,,,,52,100000,HIGHEST_SCORE_MANUAL_FINAL_DECISION,P12_T07
P12,P12_T08,8,3,DEVICE2-3,DEVICE2,3,Y,899242,983594,84352.0,,,0,,P12_DEVICE2-3,1,1,False,False,True,True,True,False,P12,True,validated,True,992e2525fb3893cc,911.1102,995.4622,,False,True,validated,True,1d28e8c2dd47979b,907.6067,991.9587,,False,False,,,,,,False,,,False,False,False,MISSING_NEEDLE_TIMING_RIGHT_GOPRO_AVAILABLE,RESOLVED,TC,928.06,,,31,104200,HIGHEST_SCORE_MANUAL_FINAL_DECISION,P12_T08
P12,P12_T09,9,3,DEVICE3-3,DEVICE3,3,Y,1015039,1071863,56824.0,,,0,,P12_DEVICE3-3,1,1,False,False,True,True,True,False,P12,True,validated,True,992e2525fb3893cc,1026.9072,1083.7312,,False,True,validated,True,1d28e8c2dd47979b,1023.4037,1080.2277,,False,False,,,,,,False,,,False,False,False,MISSING_NEEDLE_TIMING_RIGHT_GOPRO_AVAILABLE,RESOLVED,TC,1038.919,,,32,104200,HIGHEST_SCORE_MANUAL_FINAL_DECISION,P12_T09
P12,P12_T10,10,4,DEVICE1-4,DEVICE1,4,Y,1084189,1171355,87166.0,1091514,1091514.0,1,7.325,P12_DEVICE1-4,1,1,False,False,True,True,True,False,P12,True,validated,True,992e2525fb3893cc,1096.0572,1183.2232,1103.3822,True,True,validated,True,1d28e8c2dd47979b,1092.5537,1179.7197,1099.8787,True,False,,,,,,False,,,True,True,True,READY_RIGHT_GOPRO_GRIP_REVIEW,RESOLVED,OTHER,1103.385,,,33,104200,HIGHEST_SCORE_MANUAL_FINAL_DECISION,P12_T10
P12,P12_T11,11,4,DEVICE3-4,DEVICE3,4,Y,1195245,1235482,40237.0,,,0,,P12_DEVICE3-4,1,1,False,False,True,True,True,False,P12,True,validated,True,992e2525fb3893cc,1207.1132,1247.3502,,False,True,validated,True,1d28e8c2dd47979b,1203.6097,1243.8467,,False,False,,,,,,False,,,False,False,False,MISSING_NEEDLE_TIMING_RIGHT_GOPRO_AVAILABLE,RESOLVED,TC,1214.053,,,34,104200,HIGHEST_SCORE_MANUAL_FINAL_DECISION,P12_T11
P12,P12_T12,12,4,DEVICE2-4,DEVICE2,4,Y,1243838,1302657,58819.0,,,0,,P12_DEVICE2-4,1,1,False,False,True,True,True,False,P12,True,validated,True,992e2525fb3893cc,1255.7062,1314.5252,,False,True,validated,True,1d28e8c2dd47979b,1252.2027,1311.0217,,False,False,,,,,,False,,,False,False,False,MISSING_NEEDLE_TIMING_RIGHT_GOPRO_AVAILABLE,RESOLVED,TC,1274.392,,,35,104200,HIGHEST_SCORE_MANUAL_FINAL_DECISION,P12_T12
P12,P12_T13,13,5,DEVICE3-5,DEVICE3,5,Y,1318471,1360687,42216.0,,,0,,P12_DEVICE3-5,1,1,False,False,True,True,True,False,P12,True,validated,True,992e2525fb3893cc,1330.3392,1372.5552,,False,True,validated,True,1d28e8c2dd47979b,1326.8357,1369.0517,,False,False,,,,,,False,,,False,False,False,MISSING_NEEDLE_TIMING_RIGHT_GOPRO_AVAILABLE,RESOLVED,TC,1338.214,,,36,104200,HIGHEST_SCORE_MANUAL_FINAL_DECISION,P12_T13
P12,P12_T14,14,5,DEVICE1-5,DEVICE1,5,Y,1471968,1573062,101094.0,1486207,1486207.0,1,14.239,P12_DEVICE1-5,1,1,False,False,True,True,True,False,P12,True,validated,True,992e2525fb3893cc,1483.8362,1584.9302,1498.0752,True,True,validated,True,1d28e8c2dd47979b,1480.3327,1581.4267,1494.5717,True,False,,,,,,False,,,True,True,True,READY_RIGHT_GOPRO_GRIP_REVIEW,RESOLVED,OTHER,1498.245,,,37,104200,HIGHEST_SCORE_MANUAL_FINAL_DECISION,P12_T14
P12,P12_T15,15,5,DEVICE2-5,DEVICE2,5,Y,1686172,1843965,157793.0,,,0,,P12_DEVICE2-5,1,1,False,False,True,True,True,False,P12,True,validated,True,992e2525fb3893cc,1698.0402,1855.8332,,False,True,validated,True,1d28e8c2dd47979b,1694.5367,1852.3297,,False,False,,,,,,False,,,False,False,False,MISSING_NEEDLE_TIMING_RIGHT_GOPRO_AVAILABLE,RESOLVED,TC,1711.654,,,38,104200,HIGHEST_SCORE_MANUAL_FINAL_DECISION,P12_T15
P13,P13_T01,1,1,DEVICE2-1,DEVICE2,1,Y,24350,197115,172765.0,,,0,,P13_DEVICE2-1,1,1,False,False,True,True,True,False,P13,True,validated,True,d5bf75b0ce62d655,134.3208,307.0858,,False,True,validated,True,5021a38c76c83405,134.587733,307.352733,,False,False,,,,,,False,,,False,False,False,MISSING_NEEDLE_TIMING_RIGHT_GOPRO_AVAILABLE,RESOLVED,IPG,146.199,,,39,104200,HIGHEST_SCORE_MANUAL_FINAL_DECISION,P13_T01
P13,P13_T02,2,1,DEVICE3-1,DEVICE3,1,N,235174,406259,171085.0,,,0,,P13_DEVICE3-1,1,1,False,False,True,True,True,False,P13,True,validated,True,d5bf75b0ce62d655,345.1448,516.2298,,False,True,validated,True,5021a38c76c83405,345.411733,516.496733,,False,False,,,,,,False,,,False,False,False,MISSING_NEEDLE_TIMING_RIGHT_GOPRO_AVAILABLE,RESOLVED,OTHER,352.752,,,40,104200,HIGHEST_SCORE_MANUAL_FINAL_DECISION,P13_T02
P13,P13_T03,3,1,DEVICE1-1,DEVICE1,1,Y,450961,666802,215841.0,503630,503630.0,1,52.669,P13_DEVICE1-1,1,1,False,False,True,True,True,False,P13,False,,False,,,,,False,False,,False,,,,,False,False,,,,,,False,,,True,False,False,NEEDLE_KNOWN_NO_USABLE_GOPRO_MAPPING,RESOLVED,EPG,792.405,right,LOCATED,0,283200,HIGHEST_SCORE_MANUAL_FINAL_DECISION,P13_T03
P13,P13_T04,4,2,DEVICE1-2,DEVICE1,2,Y,15951,238369,222418.0,106588,106588.0,1,90.637,P13_DEVICE1-2,1,1,False,False,True,True,True,False,P13,True,validated,True,fe50d34458bcbb57,66.770667,289.188667,157.407667,True,True,validated,True,1e6cc4c453b05957,67.471367,289.889367,158.108367,True,False,,,,,,False,,,True,True,True,READY_RIGHT_GOPRO_GRIP_REVIEW,RESOLVED,EPG,157.311,,,41,104200,HIGHEST_SCORE_MANUAL_FINAL_DECISION,P13_T04
P13,P13_T05,5,2,DEVICE2-2,DEVICE2,2,N,258823,392263,133440.0,,,0,,P13_DEVICE2-2,1,1,False,False,True,True,True,False,P13,True,validated,True,fe50d34458bcbb57,309.642667,443.082667,,False,True,validated,True,1e6cc4c453b05957,310.343367,443.783367,,False,False,,,,,,False,,,False,False,False,MISSING_NEEDLE_TIMING_RIGHT_GOPRO_AVAILABLE,RESOLVED,IPG,336.069,,,42,104200,HIGHEST_SCORE_MANUAL_FINAL_DECISION,P13_T05
P13,P13_T06,6,2,DEVICE3-2,DEVICE3,2,N,416861,532914,116053.0,,,0,,P13_DEVICE3-2,1,1,False,False,True,True,True,False,P13,True,validated,True,fe50d34458bcbb57,467.680667,583.733667,,False,True,validated,True,1e6cc4c453b05957,468.381367,584.434367,,False,False,,,,,,False,,,False,False,False,MISSING_NEEDLE_TIMING_RIGHT_GOPRO_AVAILABLE,RESOLVED,IPG,499.045,,,43,104200,HIGHEST_SCORE_MANUAL_FINAL_DECISION,P13_T06
P13,P13_T07,7,3,DEVICE1-3,DEVICE1,3,N,549635,697516,147881.0,601513,601513.0,1,51.878,P13_DEVICE1-3,1,1,False,False,True,True,True,False,P13,False,,False,,,,,False,False,,False,,,,,False,False,,,,,,False,,,True,False,False,NEEDLE_KNOWN_NO_USABLE_GOPRO_MAPPING,RESOLVED,IPG,591.544,right,LOCATED,0,217700,HIGHEST_SCORE_MANUAL_FINAL_DECISION,P13_T07
P13,P13_T08,8,3,DEVICE2-3,DEVICE2,3,Y,76647,144712,68065.0,,,0,,P13_DEVICE2-3,1,1,False,False,True,True,True,False,P13,True,validated,True,bfa5f17719bc60d2,99.777233,167.842233,,False,True,validated,True,5e3ac6ece30de048,86.230367,154.295367,,False,False,,,,,,False,,,False,False,False,MISSING_NEEDLE_TIMING_RIGHT_GOPRO_AVAILABLE,RESOLVED,OTHER,106.25,left,LOCATED,1,207200,HIGHEST_SCORE_MANUAL_FINAL_DECISION,P13_T08
P13,P13_T09,9,3,DEVICE3-3,DEVICE3,3,N,163358,319269,155911.0,,,0,,P13_DEVICE3-3,1,1,False,False,True,True,True,False,P13,True,validated,True,bfa5f17719bc60d2,186.488233,342.399233,,False,True,validated,True,5e3ac6ece30de048,172.941367,328.852367,,False,False,,,,,,False,,,False,False,False,MISSING_NEEDLE_TIMING_RIGHT_GOPRO_AVAILABLE,RESOLVED,IPG,255.424,left,LOCATED,2,207200,HIGHEST_SCORE_MANUAL_FINAL_DECISION,P13_T09
P13,P13_T10,10,4,DEVICE1-4,DEVICE1,4,Y,336618,471755,135137.0,354244,354244.0,1,17.626,P13_DEVICE1-4,1,1,False,False,True,True,True,False,P13,True,validated,True,bfa5f17719bc60d2,359.748233,494.885233,377.374233,True,True,validated,True,5e3ac6ece30de048,346.201367,481.338367,363.827367,True,False,,,,,,False,,,True,True,True,READY_RIGHT_GOPRO_GRIP_REVIEW,RESOLVED,EPG,355.544,left,LOCATED,0,207200,HIGHEST_SCORE_MANUAL_FINAL_DECISION,P13_T10
P13,P13_T11,11,4,DEVICE2-4,DEVICE2,4,N,480940,572006,91066.0,,,0,,P13_DEVICE2-4,1,1,False,False,True,True,True,False,P13,True,validated,True,bfa5f17719bc60d2,504.070233,595.136233,,False,True,validated,True,5e3ac6ece30de048,490.523367,581.589367,,False,False,,,,,,False,,,False,False,False,MISSING_NEEDLE_TIMING_RIGHT_GOPRO_AVAILABLE,RESOLVED,IPG,514.214,,,47,104200,HIGHEST_SCORE_MANUAL_FINAL_DECISION,P13_T11
P13,P13_T12,12,4,DEVICE3-4,DEVICE3,4,Y,586250,672426,86176.0,,,0,,P13_DEVICE3-4,1,1,False,False,True,True,True,False,P13,True,validated,True,bfa5f17719bc60d2,609.380233,695.556233,,False,True,validated,True,5e3ac6ece30de048,595.833367,682.009367,,False,False,,,,,,False,,,False,False,False,MISSING_NEEDLE_TIMING_RIGHT_GOPRO_AVAILABLE,RESOLVED,IPG,637.809,,,48,104200,HIGHEST_SCORE_MANUAL_FINAL_DECISION,P13_T12
P13,P13_T13,13,5,DEVICE1-5,DEVICE1,5,N,744966,921231,176265.0,802742,802742.0,1,57.776,P13_DEVICE1-5,1,1,False,False,True,True,True,False,P13,True,validated,True,bfa5f17719bc60d2,768.096233,944.361233,825.8722329999999,True,True,validated,True,5e3ac6ece30de048,754.549367,930.814367,812.3253669999999,True,False,,,,,,True,,insertion already finished,True,True,True,TIMING_REVIEW_REQUIRED_HINT_EXISTS,RESOLVED,EPG,784.513,,,1,105200,HIGHEST_SCORE_MANUAL_FINAL_DECISION,P13_T13
P13,P13_T14,14,5,DEVICE3-5,DEVICE3,5,N,941564,1002578,61014.0,,,0,,P13_DEVICE3-5,1,1,False,False,True,True,True,False,P13,True,validated,True,bfa5f17719bc60d2,964.694233,1025.708233,,False,True,validated,True,5e3ac6ece30de048,951.147367,1012.161367,,False,False,,,,,,False,,,False,False,False,MISSING_NEEDLE_TIMING_RIGHT_GOPRO_AVAILABLE,RESOLVED,IPG,965.164,GOPRO_RIGHT,LOCATED,11,882200,HIGHEST_SCORE_MANUAL_FINAL_DECISION,P13_T14
P13,P13_T15,15,5,DEVICE2-5,DEVICE2,5,N,1024321,1156743,132422.0,,,0,,P13_DEVICE2-5,1,1,False,False,True,True,True,False,P13,False,,False,,,,,False,False,,False,,,,,False,False,,,,,,False,,,False,False,False,MISSING_NEEDLE_TIMING_NO_USABLE_GOPRO,RESOLVED,IPG,1088.385,right,LOCATED,1,217700,HIGHEST_SCORE_MANUAL_FINAL_DECISION,P13_T15
P15,P15_T01,1,1,DEVICE1-1,DEVICE1,1,N,12472,327083,314611.0,32383,32383.0,1,19.911,P15_DEVICE1-1,1,1,False,False,True,True,True,False,P15,True,validated,True,18dc6beb33efb433,25.213733,339.824733,45.124733000000006,True,True,validated,True,154235aac5d49e38,26.181367,340.792367,46.092367,True,True,EPG,GoPro-local,45.124733000000006,MST,PRIMARY_GOPRO_TRAINING,False,,,True,True,True,ALREADY_VERIFIED_GRIP,RESOLVED,EPG,,,,4,602000,HIGHEST_SCORE_MANUAL_FINAL_DECISION,P15_T01
P15,P15_T02,2,1,DEVICE3-1,DEVICE3,1,Y,351802,470590,118788.0,,,0,,P15_DEVICE3-1,1,1,False,False,True,True,True,False,P15,True,validated,True,18dc6beb33efb433,364.543733,483.331733,,False,True,validated,True,154235aac5d49e38,365.511367,484.299367,,False,False,,,,,,False,,,False,False,False,MISSING_NEEDLE_TIMING_RIGHT_GOPRO_AVAILABLE,RESOLVED,IPG,383.763,,,51,104200,HIGHEST_SCORE_MANUAL_FINAL_DECISION,P15_T02
P15,P15_T03,3,1,DEVICE2-1,DEVICE2,1,Y,498468,608782,110314.0,,,0,,P15_DEVICE2-1,1,1,False,False,True,True,True,False,P15,True,validated,True,18dc6beb33efb433,511.209733,621.523733,,False,True,validated,True,154235aac5d49e38,512.177367,622.491367,,False,False,,,,,,False,,,False,False,False,MISSING_NEEDLE_TIMING_RIGHT_GOPRO_AVAILABLE,RESOLVED,IPG,519.084,,,52,104200,HIGHEST_SCORE_MANUAL_FINAL_DECISION,P15_T03
P15,P15_T04,4,2,DEVICE2-2,DEVICE2,2,Y,617285,773210,155925.0,,,0,,P15_DEVICE2-2,1,1,False,False,True,True,True,False,P15,True,validated,True,18dc6beb33efb433,630.026733,785.951733,,False,True,validated,True,154235aac5d49e38,630.994367,786.919367,,False,False,,,,,,False,,,False,False,False,MISSING_NEEDLE_TIMING_RIGHT_GOPRO_AVAILABLE,RESOLVED,EPG,667.664,,,53,104200,HIGHEST_SCORE_MANUAL_FINAL_DECISION,P15_T04
P15,P15_T05,5,2,DEVICE1-2,DEVICE1,2,Y,798507,954542,156035.0,813862,813862.0,1,15.355,P15_DEVICE1-2,1,1,False,False,True,True,True,False,P15,True,validated,True,18dc6beb33efb433,811.248733,967.283733,826.603733,True,True,validated,True,154235aac5d49e38,812.216367,968.251367,827.571367,True,False,,,,,,False,,,True,True,True,READY_RIGHT_GOPRO_GRIP_REVIEW,RESOLVED,IPG,828.275,,,54,104200,HIGHEST_SCORE_MANUAL_FINAL_DECISION,P15_T05
P15,P15_T06,6,2,DEVICE3-2,DEVICE3,2,Y,973506,1050758,77252.0,,,0,,P15_DEVICE3-2,1,1,False,False,True,True,True,False,P15,True,validated,True,18dc6beb33efb433,986.247733,1063.499733,,False,True,validated,True,154235aac5d49e38,987.215367,1064.467367,,False,False,,,,,,False,,,False,False,False,MISSING_NEEDLE_TIMING_RIGHT_GOPRO_AVAILABLE,RESOLVED,EPG,1007.069,,,55,104200,HIGHEST_SCORE_MANUAL_FINAL_DECISION,P15_T06
P15,P15_T07,7,3,DEVICE1-3,DEVICE1,3,Y,1084336,1201290,116954.0,1096943,1096943.0,1,12.607,P15_DEVICE1-3,1,1,False,False,True,True,True,False,P15,True,validated,True,18dc6beb33efb433,1097.077733,1214.031733,1109.684733,True,True,validated,True,154235aac5d49e38,1098.045367,1214.999367,1110.652367,True,True,EPG,GoPro-local,1109.684733,MST,PRIMARY_GOPRO_TRAINING,False,,,True,True,True,ALREADY_VERIFIED_GRIP,RESOLVED,EPG,,,,82,100000,HIGHEST_SCORE_MANUAL_FINAL_DECISION,P15_T07
P15,P15_T08,8,3,DEVICE2-3,DEVICE2,3,Y,1222559,1324829,102270.0,,,0,,P15_DEVICE2-3,1,1,False,False,True,True,True,False,P15,True,validated,True,18dc6beb33efb433,1235.300733,1337.570733,,False,True,validated,True,154235aac5d49e38,1236.268367,1338.538367,,False,False,,,,,,False,,,False,False,False,MISSING_NEEDLE_TIMING_RIGHT_GOPRO_AVAILABLE,RESOLVED,EPG,1243.442,,,56,104200,HIGHEST_SCORE_MANUAL_FINAL_DECISION,P15_T08
P15,P15_T09,9,3,DEVICE3-3,DEVICE3,3,N,1345258,1526070,180812.0,,,0,,P15_DEVICE3-3,1,1,False,False,True,True,True,False,P15,True,validated,True,18dc6beb33efb433,1357.999733,1538.811733,,False,True,validated,True,154235aac5d49e38,1358.967367,1539.779367,,False,False,,,,,,False,,,False,False,False,MISSING_NEEDLE_TIMING_RIGHT_GOPRO_AVAILABLE,RESOLVED,EPG,1394.57,,,57,104200,HIGHEST_SCORE_MANUAL_FINAL_DECISION,P15_T09
P15,P15_T10,10,4,DEVICE1-4,DEVICE1,4,Y,1576734,1690166,113432.0,1584974,1584974.0,1,8.24,P15_DEVICE1-4,1,1,False,False,True,True,True,False,P15,True,validated,True,18dc6beb33efb433,1589.475733,1702.907733,1597.715733,True,True,validated,True,154235aac5d49e38,1590.443367,1703.875367,1598.683367,True,False,,,,,,False,,,True,True,True,READY_RIGHT_GOPRO_GRIP_REVIEW,RESOLVED,IPG,1598.486,,,58,104200,HIGHEST_SCORE_MANUAL_FINAL_DECISION,P15_T10
P15,P15_T11,11,4,DEVICE3-4,DEVICE3,4,Y,1711000,1788878,77878.0,,,0,,P15_DEVICE3-4,1,1,False,False,True,True,True,False,P15,True,validated,True,18dc6beb33efb433,1723.741733,1801.619733,,False,True,validated,True,154235aac5d49e38,1724.709367,1802.587367,,False,False,,,,,,False,,,False,False,False,MISSING_NEEDLE_TIMING_RIGHT_GOPRO_AVAILABLE,RESOLVED,EPG,1740.559,,,59,104200,HIGHEST_SCORE_MANUAL_FINAL_DECISION,P15_T11
P15,P15_T12,12,4,DEVICE2-4,DEVICE2,4,N,1806215,1937243,131028.0,,,0,,P15_DEVICE2-4,1,1,False,False,True,True,True,False,P15,True,validated,True,18dc6beb33efb433,1818.956733,1949.984733,,False,True,validated,True,154235aac5d49e38,1819.924367,1950.952367,,False,False,,,,,,False,,,False,False,False,MISSING_NEEDLE_TIMING_RIGHT_GOPRO_AVAILABLE,RESOLVED,EPG,1840.845,,,60,104200,HIGHEST_SCORE_MANUAL_FINAL_DECISION,P15_T12
P15,P15_T13,13,5,DEVICE3-5,DEVICE3,5,N,1974239,2039769,65530.0,,,0,,P15_DEVICE3-5,1,1,False,False,True,True,True,False,P15,True,validated,True,18dc6beb33efb433,1986.980733,2052.510733,,False,True,validated,True,154235aac5d49e38,1987.948367,2053.478367,,False,False,,,,,,False,,,False,False,False,MISSING_NEEDLE_TIMING_RIGHT_GOPRO_AVAILABLE,RESOLVED,EPG,2002.196,,,61,104200,HIGHEST_SCORE_MANUAL_FINAL_DECISION,P15_T13
P15,P15_T14,14,5,DEVICE1-5,DEVICE1,5,Y,2113528,2271783,158255.0,2130598,2130598.0,1,17.07,P15_DEVICE1-5,1,1,False,False,True,True,True,False,P15,True,validated,True,18dc6beb33efb433,2126.269733,2284.524733,2143.3397330000003,True,True,validated,True,154235aac5d49e38,2127.237367,2285.492367,2144.3073670000003,True,False,,,,,,False,,,True,True,True,READY_RIGHT_GOPRO_GRIP_REVIEW,RESOLVED,IPG,2143.009,,,62,104200,HIGHEST_SCORE_MANUAL_FINAL_DECISION,P15_T14
P15,P15_T15,15,5,DEVICE2-5,DEVICE2,5,Y,2337240,2415226,77986.0,,,0,,P15_DEVICE2-5,1,1,False,False,True,True,True,False,P15,True,validated,True,18dc6beb33efb433,2349.981733,2427.967733,,False,True,validated,True,154235aac5d49e38,2350.949367,2428.935367,,False,False,,,,,,False,,,False,False,False,MISSING_NEEDLE_TIMING_RIGHT_GOPRO_AVAILABLE,RESOLVED,EPG,2363.862,,,63,104200,HIGHEST_SCORE_MANUAL_FINAL_DECISION,P15_T15
P16,P16_T01,1,1,DEVICE3-1,DEVICE3,1,Y,22275,248590,226315.0,,,0,,P16_DEVICE3-1,1,1,False,False,True,True,True,False,P16,True,validated,True,124151f7cdf76407,84.562367,310.877367,,False,True,validated,True,be2c49d9ef795c8a,84.195333,310.510333,,False,False,,,,,,False,,,False,False,False,MISSING_NEEDLE_TIMING_RIGHT_GOPRO_AVAILABLE,RESOLVED,IPG,124.602,,,64,104200,HIGHEST_SCORE_MANUAL_FINAL_DECISION,P16_T01
P16,P16_T02,2,1,DEVICE2-1,DEVICE2,1,N,270078,676068,405990.0,,,0,,P16_DEVICE2-1,1,1,False,False,True,True,True,False,P16,True,validated,True,124151f7cdf76407,332.365367,738.355367,,False,True,validated,True,be2c49d9ef795c8a,331.998333,737.988333,,False,False,,,,,,False,,,False,False,False,MISSING_NEEDLE_TIMING_RIGHT_GOPRO_AVAILABLE,RESOLVED,IPG,352.385,,,65,104200,HIGHEST_SCORE_MANUAL_FINAL_DECISION,P16_T02
P16,P16_T03,3,1,DEVICE1-1,DEVICE1,1,N,698581,1051697,353116.0,739727,739727.0,1,41.146,P16_DEVICE1-1,1,1,False,False,True,True,True,False,P16,False,,False,,,,,False,False,,False,,,,,False,False,,,,,,False,,,True,False,False,NEEDLE_KNOWN_NO_USABLE_GOPRO_MAPPING,RESOLVED,EPG,1030.12,right,LOCATED,5,207200,HIGHEST_SCORE_MANUAL_FINAL_DECISION,P16_T03
P16,P16_T04,4,2,DEVICE1-2,DEVICE1,2,N,58522,470494,411972.0,142575,142575.0,1,84.053,P16_DEVICE1-2,1,1,False,False,True,True,True,False,P16,True,validated,True,32ce8384ba8be6f2,95.171167,507.143167,179.224167,True,True,validated,True,bef6e16ec6479a4d,97.7404,509.7124,181.7934,True,False,,,,,,False,,,True,True,True,READY_RIGHT_GOPRO_GRIP_REVIEW,RESOLVED,EPG,177.959,,,66,104200,HIGHEST_SCORE_MANUAL_FINAL_DECISION,P16_T04
P16,P16_T05,5,2,DEVICE3-2,DEVICE3,2,Y,488709,616786,128077.0,,,0,,P16_DEVICE3-2,1,1,False,False,True,True,True,False,P16,True,validated,True,32ce8384ba8be6f2,525.358167,653.435167,,False,True,validated,True,bef6e16ec6479a4d,527.9274,656.0044,,False,False,,,,,,False,,,False,False,False,MISSING_NEEDLE_TIMING_RIGHT_GOPRO_AVAILABLE,RESOLVED,IPG,538.171,,,67,104200,HIGHEST_SCORE_MANUAL_FINAL_DECISION,P16_T05
P16,P16_T06,6,2,DEVICE2-2,DEVICE2,2,N,638208,917264,279056.0,,,0,,P16_DEVICE2-2,1,1,False,False,True,True,True,False,P16,False,,False,,,,,False,False,,False,,,,,False,False,,,,,,False,,,False,False,False,MISSING_NEEDLE_TIMING_NO_USABLE_GOPRO,RESOLVED,EPG,2242.656,right,LOCATED,6,207200,HIGHEST_SCORE_MANUAL_FINAL_DECISION,P16_T06
P16,P16_T07,7,3,DEVICE3-3,DEVICE3,3,Y,14822,158930,144108.0,,,0,,P16_DEVICE3-3,1,1,False,False,True,True,True,False,P16,True,validated,True,be0e1149f4731ff7,53.3605,197.4685,,False,True,validated,True,3838ce8acbe2c5e6,19.0571,163.1651,,False,False,,,,,,False,,,False,False,False,MISSING_NEEDLE_TIMING_RIGHT_GOPRO_AVAILABLE,RESOLVED,IPG,56.831,,,68,104200,HIGHEST_SCORE_MANUAL_FINAL_DECISION,P16_T07
P16,P16_T08,8,3,DEVICE2-3,DEVICE2,3,Y,178806,301244,122438.0,,,0,,P16_DEVICE2-3,1,1,False,False,True,True,True,False,P16,True,validated,True,be0e1149f4731ff7,217.3445,339.7825,,False,True,validated,True,3838ce8acbe2c5e6,183.0411,305.4791,,False,False,,,,,,False,,,False,False,False,MISSING_NEEDLE_TIMING_RIGHT_GOPRO_AVAILABLE,RESOLVED,IPG,221.082,,,69,104200,HIGHEST_SCORE_MANUAL_FINAL_DECISION,P16_T08
P16,P16_T09,9,3,DEVICE1-3,DEVICE1,3,Y,327078,572154,245076.0,354562,354562.0,1,27.484,P16_DEVICE1-3,1,1,False,False,True,True,True,False,P16,True,validated,True,be0e1149f4731ff7,365.6165,610.6925,393.1005,True,True,validated,True,3838ce8acbe2c5e6,331.3131,576.3891,358.7971,True,False,,,,,,False,,,True,True,True,READY_RIGHT_GOPRO_GRIP_REVIEW,RESOLVED,OTHER,392.67,,,70,104200,HIGHEST_SCORE_MANUAL_FINAL_DECISION,P16_T09
P16,P16_T10,10,4,DEVICE3-4,DEVICE3,4,Y,587587,726902,139315.0,,,0,,P16_DEVICE3-4,1,1,False,False,True,True,True,False,P16,True,validated,True,be0e1149f4731ff7,626.1255,765.4405,,False,True,validated,True,3838ce8acbe2c5e6,591.8221,731.1371,,False,False,,,,,,False,,,False,False,False,MISSING_NEEDLE_TIMING_RIGHT_GOPRO_AVAILABLE,RESOLVED,IPG,638.004,,,71,104200,HIGHEST_SCORE_MANUAL_FINAL_DECISION,P16_T10
P16,P16_T11,11,4,DEVICE1-4,DEVICE1,4,Y,740609,1061190,320581.0,775202/848813,775202.0,2,34.593,P16_DEVICE1-4,1,1,False,False,True,True,True,False,P16,True,validated,True,be0e1149f4731ff7;597addb16d824f20,779.1475,39.903067,813.7405,False,True,validated,True,3838ce8acbe2c5e6,744.8441,1065.4251,779.4371,True,False,,,,,,False,,,True,False,True,READY_LEFT_GOPRO_ONLY,RESOLVED,TC,779.34,,,72,104200,HIGHEST_SCORE_MANUAL_FINAL_DECISION,P16_T11
P16,P16_T12,12,4,DEVICE2-4,DEVICE2,4,Y,1098912,1206691,107779.0,,,0,,P16_DEVICE2-4,1,1,False,False,True,True,True,False,P16,True,validated,True,597addb16d824f20,77.625067,185.404067,,False,True,validated,True,3838ce8acbe2c5e6,1103.1471,1210.9261,,False,False,,,,,,False,,,False,False,False,MISSING_NEEDLE_TIMING_RIGHT_GOPRO_AVAILABLE,RESOLVED,EPG,1125.169,left,LOCATED,7,207200,HIGHEST_SCORE_MANUAL_FINAL_DECISION,P16_T12
P16,P16_T13,13,5,DEVICE3-5,DEVICE3,5,Y,1239339,1347478,108139.0,,,0,,P16_DEVICE3-5,1,1,False,False,True,True,True,False,P16,True,validated,True,597addb16d824f20,218.052067,326.191067,,False,True,validated,True,3838ce8acbe2c5e6,1243.5741,1351.7131,,False,False,,,,,,False,,,False,False,False,MISSING_NEEDLE_TIMING_RIGHT_GOPRO_AVAILABLE,RESOLVED,EPG,1269.066,left,LOCATED,8,207200,HIGHEST_SCORE_MANUAL_FINAL_DECISION,P16_T13
P16,P16_T14,14,5,DEVICE1-5,DEVICE1,5,N,1450985,1769588,318603.0,1488254,1488254.0,1,37.269,P16_DEVICE1-5,1,1,False,False,True,True,True,False,P16,True,validated,True,597addb16d824f20,429.698067,748.301067,466.967067,True,True,validated,True,3838ce8acbe2c5e6,1455.2201,1773.8231,1492.4891,True,True,EPG,GoPro-local,462.963,MST,PRIMARY_GOPRO_TRAINING,False,,,True,True,True,ALREADY_VERIFIED_GRIP,RESOLVED,EPG,,,,5,602000,HIGHEST_SCORE_MANUAL_FINAL_DECISION,P16_T14
P16,P16_T15,15,5,DEVICE2-5,DEVICE2,5,N,1804844,1870559,65715.0,,,0,,P16_DEVICE2-5,1,1,False,False,True,True,True,False,P16,True,validated,True,597addb16d824f20,783.557067,849.272067,,False,True,validated,True,3838ce8acbe2c5e6,1809.0791,1874.7941,,False,False,,,,,,False,,,False,False,False,MISSING_NEEDLE_TIMING_RIGHT_GOPRO_AVAILABLE,RESOLVED,EPG,1819.623,left,LOCATED,9,207200,HIGHEST_SCORE_MANUAL_FINAL_DECISION,P16_T15
P17,P17_T01,1,1,DEVICE2-1,DEVICE2,1,Y,26676,206080,179404.0,,,0,,P17_DEVICE2-1,1,1,False,False,True,True,True,False,P17,True,validated,True,aacc7584d9119ac5,41.245367,220.649367,,False,True,validated,True,a29c3f0ae01a6235,42.7135,222.1175,,False,False,,,,,,False,,,False,False,False,MISSING_NEEDLE_TIMING_RIGHT_GOPRO_AVAILABLE,RESOLVED,TC,59.263,,,76,104200,HIGHEST_SCORE_MANUAL_FINAL_DECISION,P17_T01
P17,P17_T02,2,1,DEVICE1-1,DEVICE1,1,Y,224031,522525,298494.0,266742,266742.0,1,42.711,P17_DEVICE1-1,1,1,False,False,True,True,True,False,P17,True,validated,True,aacc7584d9119ac5,238.600367,537.094367,281.311367,True,True,validated,True,a29c3f0ae01a6235,240.0685,538.5625,282.7795,True,False,,,,,,True,275.308,needle entry is at 275.308s or even a little earlier,True,True,True,TIMING_REVIEW_REQUIRED_HINT_EXISTS,RESOLVED,EPG,269.477,,,77,104200,HIGHEST_SCORE_MANUAL_FINAL_DECISION,P17_T02
P17,P17_T03,3,1,DEVICE3-1,DEVICE3,1,N,536941,696459,159518.0,,,0,,P17_DEVICE3-1,1,1,False,False,True,True,True,False,P17,True,validated,True,aacc7584d9119ac5,551.510367,711.028367,,False,True,validated,True,a29c3f0ae01a6235,552.9785,712.4965,,False,False,,,,,,False,,,False,False,False,MISSING_NEEDLE_TIMING_RIGHT_GOPRO_AVAILABLE,RESOLVED,TC,559.518,,,78,104200,HIGHEST_SCORE_MANUAL_FINAL_DECISION,P17_T03
P17,P17_T04,4,2,DEVICE3-2,DEVICE3,2,N,715780,954554,238774.0,,,0,,P17_DEVICE3-2,1,1,False,False,True,True,True,False,P17,True,validated,True,aacc7584d9119ac5,730.349367,969.123367,,False,True,validated,True,a29c3f0ae01a6235,731.8175,970.5915,,False,False,,,,,,False,,,False,False,False,MISSING_NEEDLE_TIMING_RIGHT_GOPRO_AVAILABLE,RESOLVED,IPG,744.63,,,79,104200,HIGHEST_SCORE_MANUAL_FINAL_DECISION,P17_T04
P17,P17_T05,5,2,DEVICE2-2,DEVICE2,2,N,967445,1119878,152433.0,,,0,,P17_DEVICE2-2,1,1,False,False,True,True,True,False,P17,True,validated,True,aacc7584d9119ac5,982.014367,1134.447367,,False,True,validated,True,a29c3f0ae01a6235,983.4825,1135.9155,,False,False,,,,,,False,,,False,False,False,MISSING_NEEDLE_TIMING_RIGHT_GOPRO_AVAILABLE,RESOLVED,TC,989.355,,,80,104200,HIGHEST_SCORE_MANUAL_FINAL_DECISION,P17_T05
P17,P17_T06,6,2,DEVICE1-2,DEVICE1,2,Y,1133710,1622955,489245.0,1159340,1159340.0,1,25.63,P17_DEVICE1-2,1,1,False,False,True,True,True,False,P17,True,validated,True,aacc7584d9119ac5,1148.279367,1637.524367,1173.9093670000002,True,True,validated,True,a29c3f0ae01a6235,1149.7475,1638.9925,1175.3775,True,False,,,,,,False,,,True,True,True,READY_RIGHT_GOPRO_GRIP_REVIEW,RESOLVED,IPG,1172.411,,,81,104200,HIGHEST_SCORE_MANUAL_FINAL_DECISION,P17_T06
P17,P17_T07,7,3,DEVICE3-3,DEVICE3,3,Y,1656420,1887414,230994.0,,,0,,P17_DEVICE3-3,1,1,False,False,True,True,True,False,P17,True,validated,True,aacc7584d9119ac5,1670.989367,1901.983367,,False,True,validated,True,a29c3f0ae01a6235,1672.4575,1903.4515,,False,False,,,,,,False,,,False,False,False,MISSING_NEEDLE_TIMING_RIGHT_GOPRO_AVAILABLE,RESOLVED,TC,1708.76,,,82,104200,HIGHEST_SCORE_MANUAL_FINAL_DECISION,P17_T07
P17,P17_T08,8,3,DEVICE2-3,DEVICE2,3,N,1906808,2048286,141478.0,,,0,,P17_DEVICE2-3,1,1,False,False,True,True,True,False,P17,True,validated,True,aacc7584d9119ac5,1921.377367,2062.855367,,False,True,validated,True,a29c3f0ae01a6235,1922.8455,2064.3235,,False,False,,,,,,False,,,False,False,False,MISSING_NEEDLE_TIMING_RIGHT_GOPRO_AVAILABLE,RESOLVED,EPG,1935.124,,,83,104200,HIGHEST_SCORE_MANUAL_FINAL_DECISION,P17_T08
P17,P17_T09,9,3,DEVICE1-3,DEVICE1,3,Y,2068959,2247486,178527.0,2102751,2102751.0,1,33.792,P17_DEVICE1-3,1,1,False,False,True,True,True,False,P17,False,,False,,,,,False,False,,False,,,,,False,False,,,,,,False,,,True,False,False,NEEDLE_KNOWN_NO_USABLE_GOPRO_MAPPING,RESOLVED,EPG,2160.342,right,LOCATED,10,207200,HIGHEST_SCORE_MANUAL_FINAL_DECISION,P17_T09
P17,P17_T10,10,4,DEVICE3-4,DEVICE3,4,Y,28324,153531,125207.0,,,0,,P17_DEVICE3-4,1,1,False,False,True,True,True,False,P17,True,validated,True,336e9d00cc5317c6,34.895067,160.102067,,False,True,validated,True,c2c2f04ffd7e91a7,33.2601,158.4671,,False,False,,,,,,False,,,False,False,False,MISSING_NEEDLE_TIMING_RIGHT_GOPRO_AVAILABLE,RESOLVED,EPG,45.172,,,84,104200,HIGHEST_SCORE_MANUAL_FINAL_DECISION,P17_T10
P17,P17_T11,11,4,DEVICE1-4,DEVICE1,4,Y,174555,339154,164599.0,186138,186138.0,1,11.583,P17_DEVICE1-4,1,1,False,False,True,True,True,False,P17,True,validated,True,336e9d00cc5317c6,181.126067,345.725067,192.709067,True,True,validated,True,c2c2f04ffd7e91a7,179.4911,344.0901,191.0741,True,False,,,,,,False,,,True,True,True,READY_RIGHT_GOPRO_GRIP_REVIEW,RESOLVED,OTHER,193.346,,,85,104200,HIGHEST_SCORE_MANUAL_FINAL_DECISION,P17_T11
P17,P17_T12,12,4,DEVICE2-4,DEVICE2,4,Y,359528,448829,89301.0,,,0,,P17_DEVICE2-4,1,1,False,False,True,True,True,False,P17,True,validated,True,336e9d00cc5317c6,366.099067,455.400067,,False,True,validated,True,c2c2f04ffd7e91a7,364.4641,453.7651,,False,False,,,,,,False,,,False,False,False,MISSING_NEEDLE_TIMING_RIGHT_GOPRO_AVAILABLE,RESOLVED,EPG,378.378,,,86,104200,HIGHEST_SCORE_MANUAL_FINAL_DECISION,P17_T12
P17,P17_T13,13,5,DEVICE3-5,DEVICE3,5,Y,468169,579356,111187.0,,,0,,P17_DEVICE3-5,1,1,False,False,True,True,True,False,P17,True,validated,True,336e9d00cc5317c6,474.740067,585.927067,,False,True,validated,True,c2c2f04ffd7e91a7,473.1051,584.2921,,False,False,,,,,,False,,,False,False,False,MISSING_NEEDLE_TIMING_RIGHT_GOPRO_AVAILABLE,RESOLVED,EPG,479.278,,,87,104200,HIGHEST_SCORE_MANUAL_FINAL_DECISION,P17_T13
P17,P17_T14,14,5,DEVICE1-5,DEVICE1,5,Y,700722,881613,180891.0,735669,735669.0,1,34.947,P17_DEVICE1-5,1,1,False,False,True,True,True,False,P17,True,validated,True,336e9d00cc5317c6,707.293067,888.184067,742.240067,True,True,validated,True,c2c2f04ffd7e91a7,705.6581,886.5491,740.6051,True,False,,,,,,True,736.236,needle entry is at 736.236s or even a little earlier,True,True,True,TIMING_REVIEW_REQUIRED_HINT_EXISTS,RESOLVED,EPG,729.27,,,88,104200,HIGHEST_SCORE_MANUAL_FINAL_DECISION,P17_T14
P17,P17_T15,15,5,DEVICE2-5,DEVICE2,5,N,988497,1092880,104383.0,,,0,,P17_DEVICE2-5,1,1,False,False,True,True,True,False,P17,False,,False,,,,,False,False,,False,,,,,False,False,,,,,,False,,,False,False,False,MISSING_NEEDLE_TIMING_NO_USABLE_GOPRO,RESOLVED,TC,3409.722,right,LOCATED,11,207200,HIGHEST_SCORE_MANUAL_FINAL_DECISION,P17_T15
P18,P18_T01,1,1,DEVICE1-1,DEVICE1,1,Y,21554,259287,237733.0,54336,54336.0,1,32.782,P18_DEVICE1-1,1,1,False,False,True,True,True,False,P18,True,validated,True,51aceb0c8a64a4aa,38.104733,275.837733,70.88673299999999,True,True,validated,True,0290c31838458209,37.504133,275.237133,70.286133,True,False,,,,,,False,,,True,True,True,READY_RIGHT_GOPRO_GRIP_REVIEW,RESOLVED,IPG,73.626,,,89,104200,HIGHEST_SCORE_MANUAL_FINAL_DECISION,P18_T01
P18,P18_T02,2,1,DEVICE3-1,DEVICE3,1,Y,16732,113277,96545.0,,,0,,P18_DEVICE3-1,1,1,False,False,True,True,True,False,P18,True,validated,True,6b0eb92f30897e72,47.108167,143.653167,,False,False,,False,,,,,False,False,,,,,,False,,,False,False,False,MISSING_NEEDLE_TIMING_RIGHT_GOPRO_AVAILABLE,RESOLVED,EPG,53.515,,,90,104200,HIGHEST_SCORE_MANUAL_FINAL_DECISION,P18_T02
P18,P18_T03,3,1,DEVICE2-1,DEVICE2,1,Y,145949,265048,119099.0,,,0,,P18_DEVICE2-1,1,1,False,False,True,True,True,False,P18,True,validated,True,6b0eb92f30897e72,176.325167,295.424167,,False,False,,False,,,,,False,False,,,,,,False,,,False,False,False,MISSING_NEEDLE_TIMING_RIGHT_GOPRO_AVAILABLE,RESOLVED,IPG,195.011,,,91,104200,HIGHEST_SCORE_MANUAL_FINAL_DECISION,P18_T03
P18,P18_T04,4,2,DEVICE2-2,DEVICE2,2,Y,281130,365845,84715.0,,,0,,P18_DEVICE2-2,1,1,False,False,True,True,True,False,P18,True,validated,True,6b0eb92f30897e72,311.506167,396.221167,,False,False,,False,,,,,False,False,,,,,,False,,,False,False,False,MISSING_NEEDLE_TIMING_RIGHT_GOPRO_AVAILABLE,RESOLVED,IPG,315.51,,,92,104200,HIGHEST_SCORE_MANUAL_FINAL_DECISION,P18_T04
P18,P18_T05,5,2,DEVICE1-2,DEVICE1,2,Y,408986,571698,162712.0,432198,432198.0,1,23.212,P18_DEVICE1-2,1,1,False,False,True,True,True,False,P18,True,validated,True,6b0eb92f30897e72,439.362167,602.074167,462.574167,True,False,,False,,,,,False,False,,,,,,False,,,True,True,False,READY_RIGHT_GOPRO_GRIP_REVIEW,RESOLVED,IPG,462.744,,,93,104200,HIGHEST_SCORE_MANUAL_FINAL_DECISION,P18_T05
P18,P18_T06,6,2,DEVICE3-2,DEVICE3,2,Y,624217,705607,81390.0,,,0,,P18_DEVICE3-2,1,1,False,False,True,True,True,False,P18,True,validated,True,6b0eb92f30897e72,654.593167,735.983167,,False,False,,False,,,,,False,False,,,,,,False,,,False,False,False,MISSING_NEEDLE_TIMING_RIGHT_GOPRO_AVAILABLE,RESOLVED,IPG,660.466,,,94,104200,HIGHEST_SCORE_MANUAL_FINAL_DECISION,P18_T06
P18,P18_T07,7,3,DEVICE1-3,DEVICE1,3,Y,731989,1008905,276916.0,779502,779502.0,1,47.513,P18_DEVICE1-3,1,1,False,False,True,True,True,False,P18,True,validated,True,6b0eb92f30897e72,762.365167,1039.281167,809.8781670000001,True,False,,False,,,,,False,False,,,,,,True,803.87,needle entry is at 803.870s or even a little earlier,True,True,False,TIMING_REVIEW_REQUIRED_HINT_EXISTS,RESOLVED,EPG,801.376,,,95,104200,HIGHEST_SCORE_MANUAL_FINAL_DECISION,P18_T07
P18,P18_T08,8,3,DEVICE2-3,DEVICE2,3,Y,1101588,1199904,98316.0,,,0,,P18_DEVICE2-3,1,1,False,False,True,True,True,False,P18,True,validated,True,6b0eb92f30897e72,1131.964167,1230.280167,,False,False,,False,,,,,False,False,,,,,,False,,,False,False,False,MISSING_NEEDLE_TIMING_RIGHT_GOPRO_AVAILABLE,RESOLVED,IPG,1138.638,,,96,104200,HIGHEST_SCORE_MANUAL_FINAL_DECISION,P18_T08
P18,P18_T09,9,3,DEVICE3-3,DEVICE3,3,Y,1216216,1299301,83085.0,,,0,,P18_DEVICE3-3,1,1,False,False,True,True,True,False,P18,True,validated,True,6b0eb92f30897e72,1246.592167,1329.677167,,False,True,validated,True,0290c31838458209,37.20383333333325,120.28883333333329,,False,False,,,,,,False,,,False,False,False,MISSING_NEEDLE_TIMING_RIGHT_GOPRO_AVAILABLE,RESOLVED,IPG,1251.13,,,97,104200,HIGHEST_SCORE_MANUAL_FINAL_DECISION,P18_T09
P18,P18_T10,10,4,DEVICE1-4,DEVICE1,4,N,1314288,1524946,210658.0,1337775,1337775.0,1,23.487,P18_DEVICE1-4,1,1,False,False,True,True,True,False,P18,True,validated,True,6b0eb92f30897e72,1344.664167,1555.322167,1368.151167,True,False,,False,,,,,False,False,,,,,,False,,,True,True,False,READY_RIGHT_GOPRO_GRIP_REVIEW,RESOLVED,IPG,1367.187,,,98,104200,HIGHEST_SCORE_MANUAL_FINAL_DECISION,P18_T10
P18,P18_T11,11,4,DEVICE3-4,DEVICE3,4,Y,1546102,1619347,73245.0,,,0,,P18_DEVICE3-4,1,1,False,False,True,True,True,False,P18,True,validated,True,6b0eb92f30897e72,1576.478167,1649.723167,,False,False,,False,,,,,False,False,,,,,,False,,,False,False,False,MISSING_NEEDLE_TIMING_RIGHT_GOPRO_AVAILABLE,RESOLVED,IPG,1581.683,,,99,104200,HIGHEST_SCORE_MANUAL_FINAL_DECISION,P18_T11
P18,P18_T12,12,4,DEVICE2-4,DEVICE2,4,N,1638537,1757072,118535.0,,,0,,P18_DEVICE2-4,1,1,False,False,True,True,True,False,P18,True,validated,True,6b0eb92f30897e72,1668.913167,1787.448167,,False,False,,False,,,,,False,False,,,,,,False,,,False,False,False,MISSING_NEEDLE_TIMING_RIGHT_GOPRO_AVAILABLE,RESOLVED,IPG,1676.254,,,100,104200,HIGHEST_SCORE_MANUAL_FINAL_DECISION,P18_T12
P18,P18_T13,13,5,DEVICE3-5,DEVICE3,5,Y,1775073,1851702,76629.0,,,0,,P18_DEVICE3-5,1,1,False,False,True,True,True,False,P18,True,validated,True,6b0eb92f30897e72,1805.449167,1882.078167,,False,False,,False,,,,,False,False,,,,,,False,,,False,False,False,MISSING_NEEDLE_TIMING_RIGHT_GOPRO_AVAILABLE,RESOLVED,IPG,1808.385,,,101,104200,HIGHEST_SCORE_MANUAL_FINAL_DECISION,P18_T13
P18,P18_T14,14,5,DEVICE1-5,DEVICE1,5,Y,1941614,2096643,155029.0,1964876,1964876.0,1,23.262,P18_DEVICE1-5,1,1,False,False,True,True,True,False,P18,True,validated,True,6b0eb92f30897e72,1971.990167,2127.019167,1995.252167,True,False,,False,,,,,False,True,IPG,GoPro-local,1995.252167,MST,PRIMARY_GOPRO_TRAINING,False,,,True,True,False,ALREADY_VERIFIED_GRIP,RESOLVED,IPG,,,,6,602000,HIGHEST_SCORE_MANUAL_FINAL_DECISION,P18_T14
P18,P18_T15,15,5,DEVICE2-5,DEVICE2,5,Y,2176323,2249794,73471.0,,,0,,P18_DEVICE2-5,1,1,False,False,True,True,True,False,P18,True,validated,True,6b0eb92f30897e72,2206.699167,2280.170167,,False,False,,False,,,,,False,False,,,,,,False,,,False,False,False,MISSING_NEEDLE_TIMING_RIGHT_GOPRO_AVAILABLE,RESOLVED,IPG,2210.436,,,102,104200,HIGHEST_SCORE_MANUAL_FINAL_DECISION,P18_T15
P19,P19_T01,1,1,DEVICE3-1,DEVICE3,1,N,11665,550598,538933.0,,,0,,P19_DEVICE3-1,1,1,False,False,True,True,True,False,P19,True,validated,True,69505bafaa9c5eb5,23.7237,562.6567,,False,True,validated,True,d2b86573b25c3ffe,20.3203,559.2533,,False,False,,,,,,False,,,False,False,False,MISSING_NEEDLE_TIMING_RIGHT_GOPRO_AVAILABLE,RESOLVED,IPG,81.114,,,103,104200,HIGHEST_SCORE_MANUAL_FINAL_DECISION,P19_T01
P19,P19_T02,2,1,DEVICE2-1,DEVICE2,1,N,568280,750439,182159.0,,,0,,P19_DEVICE2-1,1,1,False,False,True,True,True,False,P19,True,validated,True,69505bafaa9c5eb5,580.3387,762.4977,,False,True,validated,True,d2b86573b25c3ffe,576.9353,759.0943,,False,False,,,,,,False,,,False,False,False,MISSING_NEEDLE_TIMING_RIGHT_GOPRO_AVAILABLE,RESOLVED,IPG,613.972,,,104,104200,HIGHEST_SCORE_MANUAL_FINAL_DECISION,P19_T02
P19,P19_T03,3,1,DEVICE1-1,DEVICE1,1,Y,22860,380458,357598.0,73028,73028.0,1,50.168,P19_DEVICE1-1,1,1,False,False,True,True,True,False,P19,True,validated,True,69505bafaa9c5eb5,281.129267,638.727267,331.29726700000003,True,True,validated,True,d2b86573b25c3ffe,271.052533,628.650533,321.220533,True,False,,,,,,False,,,True,True,True,READY_RIGHT_GOPRO_GRIP_REVIEW,RESOLVED,IPG,282.798,left,LOCATED,1,207200,HIGHEST_SCORE_MANUAL_FINAL_DECISION,P19_T03
P19,P19_T04,4,2,DEVICE1-2,DEVICE1,2,N,406392,825442,419050.0,419170,419170.0,1,12.778,P19_DEVICE1-2,1,1,False,False,True,True,True,False,P19,True,validated,True,69505bafaa9c5eb5;a04a2ee7654fcc23,664.661267,311.039367,677.439267,False,True,validated,True,d2b86573b25c3ffe;598f34725c732f6f,654.584533,300.628966,667.362533,False,False,,,,,,False,,,True,False,False,NEEDLE_KNOWN_NO_USABLE_GOPRO_MAPPING,RESOLVED,IPG,,left,LOCATED,0,220700,HIGHEST_SCORE_MANUAL_FINAL_DECISION,P19_T04
P19,P19_T05,5,2,DEVICE3-2,DEVICE3,2,N,847588,1220737,373149.0,,,0,,P19_DEVICE3-2,1,1,False,False,True,True,True,False,P19,True,validated,True,a04a2ee7654fcc23,333.185367,706.334367,,False,True,validated,True,598f34725c732f6f,322.774966,695.923966,,False,False,,,,,,False,,,False,False,False,MISSING_NEEDLE_TIMING_RIGHT_GOPRO_AVAILABLE,RESOLVED,IPG,66.733,GOPRO_RIGHT,LOCATED,1,985200,HIGHEST_SCORE_MANUAL_FINAL_DECISION,P19_T05
P19,P19_T06,6,2,DEVICE2-2,DEVICE2,2,Y,1240543,1537735,297192.0,,,0,,P19_DEVICE2-2,1,1,False,False,True,True,True,False,P19,True,validated,True,a04a2ee7654fcc23,726.140367,1023.332367,,False,True,validated,True,598f34725c732f6f,715.729966,1012.921966,,False,False,,,,,,False,,,False,False,False,MISSING_NEEDLE_TIMING_RIGHT_GOPRO_AVAILABLE,RESOLVED,EPG,547.747,GOPRO_RIGHT,LOCATED,8,933200,HIGHEST_SCORE_MANUAL_FINAL_DECISION,P19_T06
P19,P19_T07,7,3,DEVICE3-3,DEVICE3,3,Y,1562470,1800826,238356.0,,,0,,P19_DEVICE3-3,1,1,False,False,True,True,True,False,P19,True,validated,True,a04a2ee7654fcc23,1048.067367,1286.423367,,False,True,validated,True,598f34725c732f6f,1037.656966,1276.012966,,False,False,,,,,,False,,,False,False,False,MISSING_NEEDLE_TIMING_RIGHT_GOPRO_AVAILABLE,RESOLVED,IPG,1093.846,,,108,104200,HIGHEST_SCORE_MANUAL_FINAL_DECISION,P19_T07
P19,P19_T08,8,3,DEVICE2-3,DEVICE2,3,Y,1818739,2019222,200483.0,,,0,,P19_DEVICE2-3,1,1,False,False,True,True,True,False,P19,True,validated,True,a04a2ee7654fcc23,1304.336367,1504.819367,,False,True,validated,True,598f34725c732f6f,1293.925966,1494.408966,,False,False,,,,,,False,,,False,False,False,MISSING_NEEDLE_TIMING_RIGHT_GOPRO_AVAILABLE,RESOLVED,IPG,1313.946,,,109,104200,HIGHEST_SCORE_MANUAL_FINAL_DECISION,P19_T08
P19,P19_T09,9,3,DEVICE1-3,DEVICE1,3,Y,2044630,2637590,592960.0,2082713,2082713.0,1,38.083,P19_DEVICE1-3,1,1,False,False,True,True,True,False,P19,True,validated,True,a04a2ee7654fcc23,1530.227367,2123.187367,1568.310367,True,True,validated,True,598f34725c732f6f,1519.816966,2112.776966,1557.8999660000002,True,False,,,,,,False,,,True,True,True,READY_RIGHT_GOPRO_GRIP_REVIEW,RESOLVED,IPG,2078.241,CAE_HAND,LOCATED,0,237200,HIGHEST_SCORE_MANUAL_FINAL_DECISION,P19_T09
P19,P19_T10,10,4,DEVICE3-4,DEVICE3,4,Y,2655140,2791049,135909.0,,,0,,P19_DEVICE3-4,1,1,False,False,True,True,True,False,P19,True,validated,True,a04a2ee7654fcc23,2140.737367,2276.646367,,False,True,validated,True,598f34725c732f6f,2130.326966,2266.235966,,False,False,,,,,,False,,,False,False,False,MISSING_NEEDLE_TIMING_RIGHT_GOPRO_AVAILABLE,RESOLVED,TC,2153.016,,,111,104200,HIGHEST_SCORE_MANUAL_FINAL_DECISION,P19_T10
P19,P19_T11,11,4,DEVICE1-4,DEVICE1,4,Y,2804905,3072123,267218.0,2862402,2862402.0,1,57.497,P19_DEVICE1-4,1,1,False,False,True,True,True,False,P19,True,validated,True,a04a2ee7654fcc23,2290.502367,2557.720367,2347.999367,True,True,validated,True,598f34725c732f6f,2280.091966,2547.309966,2337.588966,True,False,,,,,,False,,,True,True,True,READY_RIGHT_GOPRO_GRIP_REVIEW,RESOLVED,TC,2295.574,,,4,105200,HIGHEST_SCORE_MANUAL_FINAL_DECISION,P19_T11
P19,P19_T12,12,4,DEVICE2-4,DEVICE2,4,Y,3086854,3474559,387705.0,,,0,,P19_DEVICE2-4,1,1,False,False,True,True,True,False,P19,True,validated,True,a04a2ee7654fcc23,2572.451367,2960.156367,,False,True,validated,True,598f34725c732f6f,2562.040966,2949.745966,,False,False,,,,,,False,,,False,False,False,MISSING_NEEDLE_TIMING_RIGHT_GOPRO_AVAILABLE,RESOLVED,TC,2393.925,GOPRO_RIGHT,LOCATED,9,933200,HIGHEST_SCORE_MANUAL_FINAL_DECISION,P19_T12
P19,P19_T13,13,5,DEVICE3-5,DEVICE3,5,Y,30592,180750,150158.0,,,0,,P19_DEVICE3-5,1,1,False,False,True,True,True,False,P19,True,validated,True,f51d2337ac1a9e92,35.868167,186.026167,,False,True,validated,True,e6f31a1b09eb28e0,32.4314,182.5894,,False,False,,,,,,False,,,False,False,False,MISSING_NEEDLE_TIMING_RIGHT_GOPRO_AVAILABLE,RESOLVED,IPG,47.079,,,114,104200,HIGHEST_SCORE_MANUAL_FINAL_DECISION,P19_T13
P19,P19_T14,14,5,DEVICE2-5,DEVICE2,5,Y,315878,610350,294472.0,,,0,,P19_DEVICE2-5,1,1,False,False,True,True,True,False,P19,True,validated,True,f51d2337ac1a9e92,321.154167,615.626167,,False,True,validated,True,e6f31a1b09eb28e0,317.7174,612.1894,,False,False,,,,,,False,,,False,False,False,MISSING_NEEDLE_TIMING_RIGHT_GOPRO_AVAILABLE,RESOLVED,EPG,334.1,,,115,104200,HIGHEST_SCORE_MANUAL_FINAL_DECISION,P19_T14
P19,P19_T15,15,5,DEVICE1-5,DEVICE1,5,Y,777396,959194,181798.0,802786,802786.0,1,25.39,P19_DEVICE1-5,1,1,False,False,True,True,True,False,P19,True,validated,True,f51d2337ac1a9e92,782.672167,964.470167,808.0621669999999,True,True,validated,True,e6f31a1b09eb28e0,779.2354,961.0334,804.6254,True,False,,,,,,False,,,True,True,True,READY_RIGHT_GOPRO_GRIP_REVIEW,RESOLVED,EPG,807.565,,,116,104200,HIGHEST_SCORE_MANUAL_FINAL_DECISION,P19_T15
P2,P2_T01,1,1,DEVICE3-1,DEVICE3,1,Y,203230,356618,153388.0,,,0,,P2_DEVICE3-1,1,1,False,False,True,True,True,False,P2,False,,False,,,,,False,False,,False,,,,,False,False,,,,,,False,,,False,False,False,MISSING_NEEDLE_TIMING_NO_USABLE_GOPRO,RESOLVED,TC,563.469,right,LOCATED,0,1088810,HIGHEST_SCORE_MANUAL_FINAL_DECISION,P2_T01
P2,P2_T02,2,1,DEVICE1-1,DEVICE1,1,Y,386532,618752,232220.0,443976,443976.0,1,57.444,P2_DEVICE1-1,1,1,False,False,True,True,True,False,P2,False,,False,,,,,False,False,,False,,,,,False,False,,,,,,False,,,True,False,False,NEEDLE_KNOWN_NO_USABLE_GOPRO_MAPPING,RESOLVED,IPG,759.336,right,LOCATED,1,1088810,HIGHEST_SCORE_MANUAL_FINAL_DECISION,P2_T02
P2,P2_T03,3,1,DEVICE2-1,DEVICE2,1,Y,642983,848698,205715.0,,,0,,P2_DEVICE2-1,1,1,False,False,True,True,True,False,P2,False,,False,,,,,False,False,,False,,,,,False,False,,,,,,False,,,False,False,False,MISSING_NEEDLE_TIMING_NO_USABLE_GOPRO,RESOLVED,TC,562.316,,LOCATED_FINAL,11,113700,HIGHEST_SCORE_MANUAL_FINAL_DECISION,P2_T03
P2,P2_T04,4,2,DEVICE2-2,DEVICE2,2,Y,881216,996796,115580.0,,,0,,P2_DEVICE2-2,1,1,False,False,True,True,True,False,P2,False,,False,,,,,False,False,,False,,,,,False,False,,,,,,False,,,False,False,False,MISSING_NEEDLE_TIMING_NO_USABLE_GOPRO,RESOLVED,TC,1227.067,,LOCATED,18,112700,HIGHEST_SCORE_MANUAL_FINAL_DECISION,P2_T04
P2,P2_T05,5,2,DEVICE3-2,DEVICE3,2,Y,1021328,1152074,130746.0,,,0,,P2_DEVICE3-2,1,1,False,False,True,True,True,False,P2,False,,False,,,,,False,False,,False,,,,,False,False,,,,,,False,,,False,False,False,MISSING_NEEDLE_TIMING_NO_USABLE_GOPRO,RESOLVED,TC,1369.133,,LOCATED,19,112700,HIGHEST_SCORE_MANUAL_FINAL_DECISION,P2_T05
P2,P2_T06,6,2,DEVICE1-2,DEVICE1,2,Y,1183404,1466377,282973.0,1304285,1304285.0,1,120.881,P2_DEVICE1-2,1,1,False,False,True,True,True,False,P2,False,,False,,,,,False,False,,False,,,,,False,False,,,,,,False,,,True,False,False,NEEDLE_KNOWN_NO_USABLE_GOPRO_MAPPING,RESOLVED,TC,1224.737,,LOCATED,20,112700,HIGHEST_SCORE_MANUAL_FINAL_DECISION,P2_T06
P2,P2_T07,7,3,DEVICE3-3,DEVICE3,3,Y,1525021,1634513,109492.0,,,0,,P2_DEVICE3-3,1,1,False,False,True,True,True,False,P2,False,,False,,,,,False,False,,False,,,,,False,False,,,,,,False,,,False,False,False,MISSING_NEEDLE_TIMING_NO_USABLE_GOPRO,RESOLVED,IPG,1882.6,,LOCATED,21,112700,HIGHEST_SCORE_MANUAL_FINAL_DECISION,P2_T07
P2,P2_T08,8,3,DEVICE2-3,DEVICE2,3,N,1727227,1868718,141491.0,,,0,,P2_DEVICE2-3,1,1,False,False,True,True,True,False,P2,False,,False,,,,,False,False,,False,,,,,False,False,,,,,,False,,,False,False,False,MISSING_NEEDLE_TIMING_NO_USABLE_GOPRO,RESOLVED,TC,2067.067,,LOCATED,22,112700,HIGHEST_SCORE_MANUAL_FINAL_DECISION,P2_T08
P2,P2_T09,9,3,DEVICE1-3,DEVICE1,3,Y,1922430,2120236,197806.0,1985618,1985618.0,1,63.188,P2_DEVICE1-3,1,1,False,False,True,True,True,False,P2,False,,False,,,,,False,False,,False,,,,,False,False,,,,,,False,,,True,False,False,NEEDLE_KNOWN_NO_USABLE_GOPRO_MAPPING,RESOLVED,EPG,1881.897,,LOCATED_FINAL,12,113700,HIGHEST_SCORE_MANUAL_FINAL_DECISION,P2_T09
P2,P2_T10,10,4,DEVICE3-4,DEVICE3,4,N,2150327,2309543,159216.0,,,0,,P2_DEVICE3-4,1,1,False,False,True,True,True,False,P2,False,,False,,,,,False,False,,False,,,,,False,False,,,,,,False,,,False,False,False,MISSING_NEEDLE_TIMING_NO_USABLE_GOPRO,RESOLVED,TC,2063.927,,LOCATED_FINAL,13,113700,HIGHEST_SCORE_MANUAL_FINAL_DECISION,P2_T10
P2,P2_T11,11,4,DEVICE1-4,DEVICE1,4,Y,2351010,2507184,156174.0,2394967,2394967.0,1,43.957,P2_DEVICE1-4,1,1,False,False,True,True,True,False,P2,False,,False,,,,,False,False,,False,,,,,False,False,,,,,,False,,,True,False,False,NEEDLE_KNOWN_NO_USABLE_GOPRO_MAPPING,RESOLVED,IPG,2298.21,,LOCATED_FINAL,14,113700,HIGHEST_SCORE_MANUAL_FINAL_DECISION,P2_T11
P2,P2_T12,12,4,DEVICE2-4,DEVICE2,4,Y,2538277,2674361,136084.0,,,0,,P2_DEVICE2-4,1,1,False,False,True,True,True,False,P2,False,,False,,,,,False,False,,False,,,,,False,False,,,,,,False,,,False,False,False,MISSING_NEEDLE_TIMING_NO_USABLE_GOPRO,RESOLVED,IPG,2546.144,,LOCATED,26,112700,HIGHEST_SCORE_MANUAL_FINAL_DECISION,P2_T12
P2,P2_T13,13,5,DEVICE1-5,DEVICE1,5,Y,2710908,2864757,153849.0,2752117,2752117.0,1,41.209,P2_DEVICE1-5,1,1,False,False,True,True,True,False,P2,False,,False,,,,,False,False,,False,,,,,False,False,,,,,,False,,,True,False,False,NEEDLE_KNOWN_NO_USABLE_GOPRO_MAPPING,RESOLVED,EPG,2720.241,,LOCATED,27,112700,HIGHEST_SCORE_MANUAL_FINAL_DECISION,P2_T13
P2,P2_T14,14,5,DEVICE3-5,DEVICE3,5,N,2988203,3127820,139617.0,,,0,,P2_DEVICE3-5,1,1,False,False,True,True,True,False,P2,False,,False,,,,,False,False,,False,,,,,False,False,,,,,,False,,,False,False,False,MISSING_NEEDLE_TIMING_NO_USABLE_GOPRO,RESOLVED,IPG,3334.133,,LOCATED,28,112700,HIGHEST_SCORE_MANUAL_FINAL_DECISION,P2_T14
P2,P2_T15,15,5,DEVICE2-5,DEVICE2,5,N,3149601,3264247,114646.0,,,0,,P2_DEVICE2-5,1,1,False,False,True,True,True,False,P2,False,,False,,,,,False,False,,False,,,,,False,False,,,,,,False,,,False,False,False,MISSING_NEEDLE_TIMING_NO_USABLE_GOPRO,RESOLVED,OTHER,3495.933,,LOCATED,29,112700,HIGHEST_SCORE_MANUAL_FINAL_DECISION,P2_T15
P20,P20_T01,1,1,DEVICE2-1,DEVICE2,1,Y,46243,152433,106190.0,,,0,,P20_DEVICE2-1,1,1,False,False,True,True,True,False,P20,True,validated,True,b87ed549d9146c63,77.402433,183.592433,,False,True,validated,True,3750c96b8a4de157,75.900933,182.090933,,False,False,,,,,,False,,,False,False,False,MISSING_NEEDLE_TIMING_RIGHT_GOPRO_AVAILABLE,RESOLVED,IPG,281.238,,LOCATED,0,1036010,HIGHEST_SCORE_MANUAL_FINAL_DECISION,P20_T01
P20,P20_T02,2,1,DEVICE3-1,DEVICE3,1,Y,164664,265184,,,,0,,P20_DEVICE3-1,1,1,False,False,True,True,True,False,P20,True,validated,True,b87ed549d9146c63,195.823433,296.343433,,False,True,validated,True,3750c96b8a4de157,194.321933,294.841933,,False,False,,,,,,False,,,False,False,False,MISSING_NEEDLE_TIMING_RIGHT_GOPRO_AVAILABLE,RESOLVED,IPG,202.597,left,LOCATED,18,207200,HIGHEST_SCORE_MANUAL_FINAL_DECISION,P20_T02
P20,P20_T03,3,1,DEVICE1-1,DEVICE1,1,Y,314089,460454,146365.0,326317,326317.0,1,12.228,P20_DEVICE1-1,1,1,False,False,True,True,True,False,P20,True,validated,True,b87ed549d9146c63,345.248433,491.613433,357.476433,True,True,validated,True,3750c96b8a4de157,343.746933,490.111933,355.974933,True,False,,,,,,False,,,True,True,True,READY_RIGHT_GOPRO_GRIP_REVIEW,RESOLVED,EPG,343.747,left,LOCATED,3,207200,HIGHEST_SCORE_MANUAL_FINAL_DECISION,P20_T03
P20,P20_T04,4,2,DEVICE1-2,DEVICE1,2,Y,491428,679534,188106.0,538445,538445.0,1,47.017,P20_DEVICE1-2,1,1,False,False,True,True,True,False,P20,True,validated,True,b87ed549d9146c63,522.587433,710.693433,569.6044330000001,True,True,validated,True,3750c96b8a4de157,521.085933,709.191933,568.102933,True,False,,,,,,True,,insertion already finished,True,True,True,TIMING_REVIEW_REQUIRED_HINT_EXISTS,RESOLVED,TC,535.801,,,6,105200,HIGHEST_SCORE_MANUAL_FINAL_DECISION,P20_T04
P20,P20_T05,5,2,DEVICE2-2,DEVICE2,2,Y,701275,777587,76312.0,,,0,,P20_DEVICE2-2,1,1,False,False,True,True,True,False,P20,True,validated,True,b87ed549d9146c63,732.434433,808.746433,,False,True,validated,True,3750c96b8a4de157,730.932933,807.244933,,False,False,,,,,,False,,,False,False,False,MISSING_NEEDLE_TIMING_RIGHT_GOPRO_AVAILABLE,RESOLVED,IPG,744.947,left,LOCATED,20,207200,HIGHEST_SCORE_MANUAL_FINAL_DECISION,P20_T05
P20,P20_T06,6,2,DEVICE3-2,DEVICE3,2,Y,792684,847421,54737.0,,,0,,P20_DEVICE3-2,1,1,False,False,True,True,True,False,P20,True,validated,True,b87ed549d9146c63,823.843433,878.580433,,False,True,validated,True,3750c96b8a4de157,822.341933,877.078933,,False,False,,,,,,False,,,False,False,False,MISSING_NEEDLE_TIMING_RIGHT_GOPRO_AVAILABLE,RESOLVED,IPG,828.882,left,LOCATED,21,207200,HIGHEST_SCORE_MANUAL_FINAL_DECISION,P20_T06
P20,P20_T07,7,3,DEVICE1-3,DEVICE1,3,Y,890273,1003230,112957.0,909048,909048.0,1,18.775,P20_DEVICE1-3,1,1,False,False,True,True,True,False,P20,True,validated,True,b87ed549d9146c63,921.432433,1034.389433,940.207433,True,True,validated,True,3750c96b8a4de157,919.930933,1032.887933,938.705933,True,False,,,,,,False,,,True,True,True,READY_RIGHT_GOPRO_GRIP_REVIEW,RESOLVED,EPG,927.539,left,LOCATED,4,207200,HIGHEST_SCORE_MANUAL_FINAL_DECISION,P20_T07
P20,P20_T08,8,3,DEVICE2-3,DEVICE2,3,Y,1049687,1145310,95623.0,,,0,,P20_DEVICE2-3,1,1,False,False,True,True,True,False,P20,True,validated,True,b87ed549d9146c63,1080.846433,1176.469433,,False,True,validated,True,3750c96b8a4de157,1079.344933,1174.967933,,False,False,,,,,,False,,,False,False,False,MISSING_NEEDLE_TIMING_RIGHT_GOPRO_AVAILABLE,RESOLVED,OTHER,1091.223,left,LOCATED,23,207200,HIGHEST_SCORE_MANUAL_FINAL_DECISION,P20_T08
P20,P20_T09,9,3,DEVICE3-3,DEVICE3,3,Y,1158661,1227015,68354.0,,,0,,P20_DEVICE3-3,1,1,False,False,True,True,True,False,P20,True,validated,True,b87ed549d9146c63,1189.820433,1258.174433,,False,True,validated,True,3750c96b8a4de157,1188.318933,1256.672933,,False,False,,,,,,False,,,False,False,False,MISSING_NEEDLE_TIMING_RIGHT_GOPRO_AVAILABLE,RESOLVED,TC,1193.257,left,LOCATED,24,207200,HIGHEST_SCORE_MANUAL_FINAL_DECISION,P20_T09
P20,P20_T10,10,4,DEVICE1-4,DEVICE1,4,Y,1279265,1420730,141465.0,1290970,1290970.0,1,11.705,P20_DEVICE1-4,1,1,False,False,True,True,True,False,P20,True,validated,True,b87ed549d9146c63,1310.424433,1451.889433,1322.1294329999998,True,True,validated,True,3750c96b8a4de157,1308.922933,1450.387933,1320.627933,True,False,,,,,,False,,,True,True,True,READY_RIGHT_GOPRO_GRIP_REVIEW,RESOLVED,EPG,1311.993,left,LOCATED,5,207200,HIGHEST_SCORE_MANUAL_FINAL_DECISION,P20_T10
P20,P20_T11,11,4,DEVICE2-4,DEVICE2,4,Y,1435074,1491446,56372.0,,,0,,P20_DEVICE2-4,1,1,False,False,True,True,True,False,P20,True,validated,True,b87ed549d9146c63,1466.233433,1522.605433,,False,True,validated,True,3750c96b8a4de157,1464.731933,1521.103933,,False,False,,,,,,False,,,False,False,False,MISSING_NEEDLE_TIMING_RIGHT_GOPRO_AVAILABLE,RESOLVED,OTHER,1473.541,left,LOCATED,26,207200,HIGHEST_SCORE_MANUAL_FINAL_DECISION,P20_T11
P20,P20_T12,12,4,DEVICE3-4,DEVICE3,4,Y,1508171,1570285,62114.0,,,0,,P20_DEVICE3-4,1,1,False,False,True,True,True,False,P20,True,validated,True,b87ed549d9146c63,1539.330433,1601.444433,,False,True,validated,True,3750c96b8a4de157,1537.828933,1599.942933,,False,False,,,,,,False,,,False,False,False,MISSING_NEEDLE_TIMING_RIGHT_GOPRO_AVAILABLE,RESOLVED,IPG,1551.176,left,LOCATED,27,207200,HIGHEST_SCORE_MANUAL_FINAL_DECISION,P20_T12
P20,P20_T13,13,5,DEVICE1-5,DEVICE1,5,Y,1630494,1741924,111430.0,1638947,1638947.0,1,8.453,P20_DEVICE1-5,1,1,False,False,True,True,True,False,P20,True,validated,True,b87ed549d9146c63,1661.653433,1773.083433,1670.106433,True,True,validated,True,3750c96b8a4de157,1660.151933,1771.581933,1668.604933,True,False,,,,,,False,,,True,True,True,READY_RIGHT_GOPRO_GRIP_REVIEW,RESOLVED,EPG,1663.222,left,LOCATED,6,207200,HIGHEST_SCORE_MANUAL_FINAL_DECISION,P20_T13
P20,P20_T14,14,5,DEVICE3-5,DEVICE3,5,Y,1767251,1829989,62738.0,,,0,,P20_DEVICE3-5,1,1,False,False,True,True,True,False,P20,True,validated,True,b87ed549d9146c63,1798.410433,1861.148433,,False,True,validated,True,3750c96b8a4de157,1796.908933,1859.646933,,False,False,,,,,,False,,,False,False,False,MISSING_NEEDLE_TIMING_RIGHT_GOPRO_AVAILABLE,RESOLVED,TC,1806.652,left,LOCATED,29,207200,HIGHEST_SCORE_MANUAL_FINAL_DECISION,P20_T14
P20,P20_T15,15,5,DEVICE2-5,DEVICE2,5,N,2102215,2157377,55162.0,,,0,,P20_DEVICE2-5,1,2,False,True,True,False,True,False,P20,True,validated,True,b87ed549d9146c63,2133.374433,2188.536433,,False,True,validated,True,3750c96b8a4de157,2131.872933,2187.034933,,False,False,,,,,,False,,,False,False,False,MISSING_NEEDLE_TIMING_RIGHT_GOPRO_AVAILABLE,RESOLVED,IPG,2138.813,left,LOCATED,30,207200,HIGHEST_SCORE_MANUAL_FINAL_DECISION,P20_T15
P20,P20_T16,16,5,DEVICE2-5,DEVICE2,5,Y,2181458,2243213,61755.0,,,0,,P20_DEVICE2-5,2,2,True,True,False,True,True,False,P20,True,validated,True,b87ed549d9146c63,2212.617433,2274.372433,,False,True,validated,True,3750c96b8a4de157,2211.115933,2272.870933,,False,False,,,,,,False,,,False,False,False,MISSING_NEEDLE_TIMING_RIGHT_GOPRO_AVAILABLE,RESOLVED,IPG,1633.499,GOPRO_RIGHT,LOCATED,2,985200,HIGHEST_SCORE_MANUAL_FINAL_DECISION,P20_T16
P21,P21_T01,1,1,DEVICE1-1,DEVICE1,1,N,32186,237423,205237.0,72641,72641.0,1,40.455,P21_DEVICE1-1,1,1,False,False,True,True,True,False,P21,False,,False,,,,,False,True,validated,True,89e12b694022668a,28.150367,233.387367,68.605367,True,False,,,,,,False,,,True,False,True,READY_LEFT_GOPRO_ONLY,RESOLVED,TC,69.276,,,133,104200,HIGHEST_SCORE_MANUAL_FINAL_DECISION,P21_T01
P21,P21_T02,2,1,DEVICE2-1,DEVICE2,1,N,262280,376902,114622.0,,,0,,P21_DEVICE2-1,1,1,False,False,True,True,True,False,P21,False,,False,,,,,False,True,validated,True,89e12b694022668a,258.244367,372.866367,,False,False,,,,,,False,,,False,False,False,MISSING_NEEDLE_TIMING_LEFT_ONLY,RESOLVED,EPG,274.794,,,134,104200,HIGHEST_SCORE_MANUAL_FINAL_DECISION,P21_T02
P21,P21_T03,3,1,DEVICE3-1,DEVICE3,1,Y,393914,481731,87817.0,,,0,,P21_DEVICE3-1,1,1,False,False,True,True,True,False,P21,False,,False,,,,,False,True,validated,True,89e12b694022668a,389.878367,477.695367,,False,False,,,,,,False,,,False,False,False,MISSING_NEEDLE_TIMING_LEFT_ONLY,RESOLVED,TC,410.299,,,135,104200,HIGHEST_SCORE_MANUAL_FINAL_DECISION,P21_T03
P21,P21_T04,4,2,DEVICE3-2,DEVICE3,2,Y,505486,551359,45873.0,,,0,,P21_DEVICE3-2,1,1,False,False,True,True,True,False,P21,False,,False,,,,,False,True,validated,True,89e12b694022668a,501.450367,547.323367,,False,False,,,,,,False,,,False,False,False,MISSING_NEEDLE_TIMING_LEFT_ONLY,RESOLVED,TC,505.855,,,136,104200,HIGHEST_SCORE_MANUAL_FINAL_DECISION,P21_T04
P21,P21_T05,5,2,DEVICE1-2,DEVICE1,2,Y,573070,683106,110036.0,578602,578602.0,1,5.532,P21_DEVICE1-2,1,1,False,False,True,True,True,False,P21,False,,False,,,,,False,True,validated,True,89e12b694022668a,569.034367,679.070367,574.566367,True,False,,,,,,False,,,True,False,True,READY_LEFT_GOPRO_ONLY,RESOLVED,TC,573.235,,,137,104200,HIGHEST_SCORE_MANUAL_FINAL_DECISION,P21_T05
P21,P21_T06,6,2,DEVICE2-2,DEVICE2,2,Y,697038,843239,146201.0,,,0,,P21_DEVICE2-2,1,1,False,False,True,True,True,False,P21,False,,False,,,,,False,True,validated,True,89e12b694022668a,693.002367,839.203367,,False,False,,,,,,False,,,False,False,False,MISSING_NEEDLE_TIMING_LEFT_ONLY,RESOLVED,TC,704.347,,,138,104200,HIGHEST_SCORE_MANUAL_FINAL_DECISION,P21_T06
P21,P21_T07,7,3,DEVICE3-3,DEVICE3,3,Y,874888,909827,34939.0,,,0,,P21_DEVICE3-3,1,1,False,False,True,True,True,False,P21,False,,False,,,,,False,True,validated,True,89e12b694022668a,870.852367,905.791367,,False,False,,,,,,False,,,False,False,False,MISSING_NEEDLE_TIMING_LEFT_ONLY,RESOLVED,TC,874.456,,,139,104200,HIGHEST_SCORE_MANUAL_FINAL_DECISION,P21_T07
P21,P21_T08,8,3,DEVICE2-3,DEVICE2,3,Y,926991,981717,54726.0,,,0,,P21_DEVICE2-3,1,1,False,False,True,True,True,False,P21,False,,False,,,,,False,True,validated,True,89e12b694022668a,922.955367,977.681367,,False,False,,,,,,False,,,False,False,False,MISSING_NEEDLE_TIMING_LEFT_ONLY,RESOLVED,TC,932.565,,,140,104200,HIGHEST_SCORE_MANUAL_FINAL_DECISION,P21_T08
P21,P21_T09,9,3,DEVICE1-3,DEVICE1,3,Y,1002318,1131222,128904.0,1021684,1021684.0,1,19.366,P21_DEVICE1-3,1,1,False,False,True,True,True,False,P21,False,,False,,,,,False,True,validated,True,89e12b694022668a,998.282367,1127.186367,1017.648367,True,False,,,,,,False,,,True,False,True,READY_LEFT_GOPRO_ONLY,RESOLVED,TC,1016.784,,,141,104200,HIGHEST_SCORE_MANUAL_FINAL_DECISION,P21_T09
P21,P21_T10,10,4,DEVICE3-4,DEVICE3,4,Y,1152299,1197608,45309.0,,,0,,P21_DEVICE3-4,1,1,False,False,True,True,True,False,P21,False,,False,,,,,False,True,validated,True,89e12b694022668a,1148.263367,1193.572367,,False,False,,,,,,False,,,False,False,False,MISSING_NEEDLE_TIMING_LEFT_ONLY,RESOLVED,TC,1159.608,,,142,104200,HIGHEST_SCORE_MANUAL_FINAL_DECISION,P21_T10
P21,P21_T11,11,4,DEVICE2-4,DEVICE2,4,Y,1210698,1263201,52503.0,,,0,,P21_DEVICE2-4,1,1,False,False,True,True,True,False,P21,False,,False,,,,,False,True,validated,True,89e12b694022668a,1206.662367,1259.165367,,False,False,,,,,,False,,,False,False,False,MISSING_NEEDLE_TIMING_LEFT_ONLY,RESOLVED,TC,1215.471,,,143,104200,HIGHEST_SCORE_MANUAL_FINAL_DECISION,P21_T11
P21,P21_T12,12,4,DEVICE1-4,DEVICE1,4,Y,1283653,1393347,109694.0,1290839,1290839.0,1,7.186,P21_DEVICE1-4,1,1,False,False,True,True,True,False,P21,False,,False,,,,,False,True,validated,True,89e12b694022668a,1279.617367,1389.311367,1286.803367,True,False,,,,,,False,,,True,False,True,READY_LEFT_GOPRO_ONLY,RESOLVED,TC,1285.705,,,144,104200,HIGHEST_SCORE_MANUAL_FINAL_DECISION,P21_T12
P21,P21_T13,13,5,DEVICE3-5,DEVICE3,5,Y,1425935,1460494,34559.0,,,0,,P21_DEVICE3-5,1,1,False,False,True,True,True,False,P21,False,,False,,,,,False,True,validated,True,89e12b694022668a,1421.899367,1456.458367,,False,False,,,,,,False,,,False,False,False,MISSING_NEEDLE_TIMING_LEFT_ONLY,RESOLVED,TC,1432.443,,,145,104200,HIGHEST_SCORE_MANUAL_FINAL_DECISION,P21_T13
P21,P21_T14,14,5,DEVICE2-5,DEVICE2,5,Y,1655035,1697598,42563.0,,,0,,P21_DEVICE2-5,1,1,False,False,True,True,True,False,P21,False,,False,,,,,False,True,validated,True,89e12b694022668a,1650.999367,1693.562367,,False,False,,,,,,False,,,False,False,False,MISSING_NEEDLE_TIMING_LEFT_ONLY,RESOLVED,TC,1659.541,,,146,104200,HIGHEST_SCORE_MANUAL_FINAL_DECISION,P21_T14
P21,P21_T15,15,5,DEVICE1-5,DEVICE1,5,Y,1829026,1954866,125840.0,1841468,1841468.0,1,12.442,P21_DEVICE1-5,1,1,False,False,True,True,True,False,P21,False,,False,,,,,False,True,validated,True,89e12b694022668a,1824.990367,1950.830367,1837.432367,True,True,EPG,CAE-local,1997.347559,MST,SECONDARY_CAE_VALIDATION,False,,,True,False,True,ALREADY_VERIFIED_GRIP,RESOLVED,EPG,,,,196,100000,HIGHEST_SCORE_MANUAL_FINAL_DECISION,P21_T15
P22,P22_T01,1,1,DEVICE3-1,DEVICE3,1,Y,11744,220206,208462.0,,,0,,P22_DEVICE3-1,1,1,False,False,True,True,True,False,P22,True,validated,True,18ffbd6b736af2f9,7.7362,216.1982,,False,False,,False,,,,,False,False,,,,,,False,,,False,False,False,MISSING_NEEDLE_TIMING_RIGHT_GOPRO_AVAILABLE,RESOLVED,IPG,57.991,GOPRO_RIGHT,LOCATED,12,882200,HIGHEST_SCORE_MANUAL_FINAL_DECISION,P22_T01
P22,P22_T02,2,1,DEVICE1-1,DEVICE1,1,Y,235562,489510,253948.0,272134/329877,272134.0,2,36.572,P22_DEVICE1-1,1,1,False,False,True,True,True,False,P22,True,validated,True,18ffbd6b736af2f9,231.5542,485.5022,268.12620000000004,True,False,,False,,,,,False,True,EPG,GoPro-local,268.12620000000004,MST,PRIMARY_GOPRO_TRAINING,False,,,True,True,False,ALREADY_VERIFIED_GRIP,RESOLVED,EPG,,,,198,100000,HIGHEST_SCORE_MANUAL_FINAL_DECISION,P22_T02
P22,P22_T03,3,1,DEVICE2-1,DEVICE2,1,Y,515339,644622,129283.0,,,0,,P22_DEVICE2-1,1,1,False,False,True,True,True,False,P22,True,validated,True,18ffbd6b736af2f9,511.3312,640.6142,,False,False,,False,,,,,False,False,,,,,,False,,,False,False,False,MISSING_NEEDLE_TIMING_RIGHT_GOPRO_AVAILABLE,RESOLVED,IPG,577.531,,,148,104200,HIGHEST_SCORE_MANUAL_FINAL_DECISION,P22_T03
P22,P22_T04,4,2,DEVICE2-2,DEVICE2,2,Y,654924,741278,86354.0,,,0,,P22_DEVICE2-2,1,1,False,False,True,True,True,False,P22,True,validated,True,18ffbd6b736af2f9,650.9162,737.2702,,False,False,,False,,,,,False,False,,,,,,False,,,False,False,False,MISSING_NEEDLE_TIMING_RIGHT_GOPRO_AVAILABLE,RESOLVED,IPG,694.293,,,149,104200,HIGHEST_SCORE_MANUAL_FINAL_DECISION,P22_T04
P22,P22_T05,5,2,DEVICE3-2,DEVICE3,2,Y,759217,815929,56712.0,,,0,,P22_DEVICE3-2,1,1,False,False,True,True,True,False,P22,True,validated,True,18ffbd6b736af2f9,755.2092,811.9212,,False,False,,False,,,,,False,False,,,,,,False,,,False,False,False,MISSING_NEEDLE_TIMING_RIGHT_GOPRO_AVAILABLE,RESOLVED,IPG,774.161,,,150,104200,HIGHEST_SCORE_MANUAL_FINAL_DECISION,P22_T05
P22,P22_T06,6,2,DEVICE1-2,DEVICE1,2,Y,825470,988695,163225.0,876205,876205.0,1,50.735,P22_DEVICE1-2,1,1,False,False,True,True,True,False,P22,True,validated,True,18ffbd6b736af2f9,821.4622,984.6872,872.1972000000001,True,False,,False,,,,,False,False,,,,,,False,,,True,True,False,READY_RIGHT_GOPRO_GRIP_REVIEW,RESOLVED,OTHER,873.768,,,151,104200,HIGHEST_SCORE_MANUAL_FINAL_DECISION,P22_T06
P22,P22_T07,7,3,DEVICE3-3,DEVICE3,3,Y,999417,1065062,65645.0,,,0,,P22_DEVICE3-3,1,1,False,False,True,True,True,False,P22,True,validated,True,18ffbd6b736af2f9,995.4092,1061.0542,,False,False,,False,,,,,False,False,,,,,,False,,,False,False,False,MISSING_NEEDLE_TIMING_RIGHT_GOPRO_AVAILABLE,RESOLVED,TC,1026.64,,,152,104200,HIGHEST_SCORE_MANUAL_FINAL_DECISION,P22_T07
P22,P22_T08,8,3,DEVICE2-3,DEVICE2,3,Y,1106309,1161068,54759.0,,,0,,P22_DEVICE2-3,1,1,False,False,True,True,True,False,P22,True,validated,True,18ffbd6b736af2f9,1102.3012,1157.0602,,False,False,,False,,,,,False,False,,,,,,False,,,False,False,False,MISSING_NEEDLE_TIMING_RIGHT_GOPRO_AVAILABLE,RESOLVED,TC,1111.377,,,153,104200,HIGHEST_SCORE_MANUAL_FINAL_DECISION,P22_T08
P22,P22_T09,9,3,DEVICE1-3,DEVICE1,3,Y,1174085,1331544,157459.0,1197231,1197231.0,1,23.146,P22_DEVICE1-3,1,1,False,False,True,True,True,False,P22,True,validated,True,18ffbd6b736af2f9,1170.0772,1327.5362,1193.2232,True,False,,False,,,,,False,True,EPG,GoPro-local,1193.2232,MST,PRIMARY_GOPRO_TRAINING,False,,,True,True,False,ALREADY_VERIFIED_GRIP,RESOLVED,EPG,,,,205,100000,HIGHEST_SCORE_MANUAL_FINAL_DECISION,P22_T09
P22,P22_T10,10,4,DEVICE3-4,DEVICE3,4,N,1415773,1549540,133767.0,,,0,,P22_DEVICE3-4,1,1,False,False,True,True,True,False,P22,True,validated,True,18ffbd6b736af2f9,1411.7652,1545.5322,,False,False,,False,,,,,False,False,,,,,,False,,,False,False,False,MISSING_NEEDLE_TIMING_RIGHT_GOPRO_AVAILABLE,RESOLVED,TC,1458.078,,,154,104200,HIGHEST_SCORE_MANUAL_FINAL_DECISION,P22_T10
P22,P22_T11,11,4,DEVICE1-4,DEVICE1,4,Y,1656594,1864628,208034.0,1679022,1679022.0,1,22.428,P22_DEVICE1-4,1,1,False,False,True,True,True,False,P22,True,validated,True,18ffbd6b736af2f9,1652.5862,1860.6202,1675.0142,True,False,,False,,,,,False,False,,,,,,False,,,True,True,False,READY_RIGHT_GOPRO_GRIP_REVIEW,RESOLVED,IPG,1675.451,,,155,104200,HIGHEST_SCORE_MANUAL_FINAL_DECISION,P22_T11
P22,P22_T12,12,4,DEVICE2-4,DEVICE2,4,Y,1874000,1982648,108648.0,,,0,,P22_DEVICE2-4,1,1,False,False,True,True,True,False,P22,True,validated,True,18ffbd6b736af2f9,1869.9922,1978.6402,,False,False,,False,,,,,False,False,,,,,,False,,,False,False,False,MISSING_NEEDLE_TIMING_RIGHT_GOPRO_AVAILABLE,RESOLVED,IPG,1930.453,,,156,104200,HIGHEST_SCORE_MANUAL_FINAL_DECISION,P22_T12
P22,P22_T13,13,5,DEVICE3-5,DEVICE3,5,N,2001732,2124031,122299.0,,,0,,P22_DEVICE3-5,1,1,False,False,True,True,True,False,P22,True,validated,True,18ffbd6b736af2f9,1997.7242,2120.0232,,False,False,,False,,,,,False,False,,,,,,False,,,False,False,False,MISSING_NEEDLE_TIMING_RIGHT_GOPRO_AVAILABLE,RESOLVED,IPG,2039.099,,,157,104200,HIGHEST_SCORE_MANUAL_FINAL_DECISION,P22_T13
P22,P22_T14,14,5,DEVICE1-5,DEVICE1,5,Y,2139124,2320414,181290.0,2189806,2189806.0,1,50.682,P22_DEVICE1-5,1,1,False,False,True,True,True,False,P22,True,validated,True,18ffbd6b736af2f9,2135.1162,2316.4062,2185.7982,True,False,,False,,,,,False,True,EPG,GoPro-local,2185.7982,MST,PRIMARY_GOPRO_TRAINING,False,,,True,True,False,ALREADY_VERIFIED_GRIP,RESOLVED,EPG,,,,7,602000,HIGHEST_SCORE_MANUAL_FINAL_DECISION,P22_T14
P22,P22_T15,15,5,DEVICE2-5,DEVICE2,5,Y,2450666,2524150,73484.0,,,0,,P22_DEVICE2-5,1,1,False,False,True,True,True,False,P22,True,validated,True,18ffbd6b736af2f9,2446.6582,2520.1422,,False,False,,False,,,,,False,False,,,,,,False,,,False,False,False,MISSING_NEEDLE_TIMING_RIGHT_GOPRO_AVAILABLE,RESOLVED,EPG,2477.622,,,158,104200,HIGHEST_SCORE_MANUAL_FINAL_DECISION,P22_T15
P23,P23_T01,1,1,DEVICE2-1,DEVICE2,1,N,30318,195908,165590.0,,,0,,P23_DEVICE2-1,1,1,False,False,True,True,True,False,P23,False,,False,,,,,False,False,,False,,,,,False,False,,,,,,False,,,False,False,False,MISSING_NEEDLE_TIMING_NO_USABLE_GOPRO,RESOLVED,TC,358.168,,LOCATED,0,228200,HIGHEST_SCORE_MANUAL_FINAL_DECISION,P23_T01
P23,P23_T02,2,1,DEVICE3-1,DEVICE3,1,Y,215572,321938,106366.0,,,0,,P23_DEVICE3-1,1,1,False,False,True,True,True,False,P23,False,,False,,,,,False,False,,False,,,,,False,False,,,,,,False,,,False,False,False,MISSING_NEEDLE_TIMING_NO_USABLE_GOPRO,RESOLVED,TC,380.301,,LOCATED,1,228200,HIGHEST_SCORE_MANUAL_FINAL_DECISION,P23_T02
P23,P23_T03,3,1,DEVICE1-1,DEVICE1,1,Y,337154,524962,187808.0,372169,372169.0,1,35.015,P23_DEVICE1-1,1,1,False,False,True,True,True,False,P23,False,,False,,,,,False,False,,False,,,,,False,False,,,,,,False,,,True,False,False,NEEDLE_KNOWN_NO_USABLE_GOPRO_MAPPING,RESOLVED,TC,,,,0,227000,HIGHEST_SCORE_MANUAL_FINAL_DECISION,P23_T03
P23,P23_T04,4,2,DEVICE1-2,DEVICE1,2,Y,553762,726671,172909.0,579160,579160.0,1,25.398,P23_DEVICE1-2,1,1,False,False,True,True,True,False,P23,False,,False,,,,,False,False,,False,,,,,False,False,,,,,,False,,,True,False,False,NEEDLE_KNOWN_NO_USABLE_GOPRO_MAPPING,RESOLVED,TC,,,,1,227000,HIGHEST_SCORE_MANUAL_FINAL_DECISION,P23_T04
P23,P23_T05,5,2,DEVICE2-2,DEVICE2,2,Y,748006,867230,119224.0,,,0,,P23_DEVICE2-2,1,1,False,False,True,True,True,False,P23,False,,False,,,,,False,False,,False,,,,,False,False,,,,,,False,,,False,False,False,MISSING_NEEDLE_TIMING_NO_USABLE_GOPRO,RESOLVED,TC,549.869,,LOCATED,2,224200,HIGHEST_SCORE_MANUAL_FINAL_DECISION,P23_T05
P23,P23_T06,6,2,DEVICE3-2,DEVICE3,2,Y,882499,975517,93018.0,,,0,,P23_DEVICE3-2,1,1,False,False,True,True,True,False,P23,False,,False,,,,,False,False,,False,,,,,False,False,,,,,,False,,,False,False,False,MISSING_NEEDLE_TIMING_NO_USABLE_GOPRO,RESOLVED,EPG,,,,2,227000,HIGHEST_SCORE_MANUAL_FINAL_DECISION,P23_T06
P23,P23_T07,7,3,DEVICE3-3,DEVICE3,3,Y,990334,1071818,81484.0,,,0,,P23_DEVICE3-3,1,1,False,False,True,True,True,False,P23,False,,False,,,,,False,False,,False,,,,,False,False,,,,,,False,,,False,False,False,MISSING_NEEDLE_TIMING_NO_USABLE_GOPRO,RESOLVED,EPG,891.47,,LOCATED,3,224200,HIGHEST_SCORE_MANUAL_FINAL_DECISION,P23_T07
P23,P23_T08,8,3,DEVICE2-3,DEVICE2,3,Y,1087778,1206226,118448.0,,,0,,P23_DEVICE2-3,1,1,False,False,True,True,True,False,P23,False,,False,,,,,False,False,,False,,,,,False,False,,,,,,False,,,False,False,False,MISSING_NEEDLE_TIMING_NO_USABLE_GOPRO,RESOLVED,EPG,,,,3,227000,HIGHEST_SCORE_MANUAL_FINAL_DECISION,P23_T08
P23,P23_T09,9,3,DEVICE1-3,DEVICE1,3,N,1227010,1597945,370935.0,1236479,1236479.0,1,9.469,P23_DEVICE1-3,1,1,False,False,True,True,True,False,P23,False,,False,,,,,False,False,,False,,,,,False,False,,,,,,False,,,True,False,False,NEEDLE_KNOWN_NO_USABLE_GOPRO_MAPPING,RESOLVED,TC,,,,4,227000,HIGHEST_SCORE_MANUAL_FINAL_DECISION,P23_T09
P23,P23_T10,10,4,DEVICE3-4,DEVICE3,4,Y,1633966,1708547,74581.0,,,0,,P23_DEVICE3-4,1,1,False,False,True,True,True,False,P23,False,,False,,,,,False,False,,False,,,,,False,False,,,,,,False,,,False,False,False,MISSING_NEEDLE_TIMING_NO_USABLE_GOPRO,RESOLVED,IPG,,,,5,227000,HIGHEST_SCORE_MANUAL_FINAL_DECISION,P23_T10
P23,P23_T11,11,4,DEVICE1-4,DEVICE1,4,Y,1722161,1900216,178055.0,1764907,1764907.0,1,42.746,P23_DEVICE1-4,1,1,False,False,True,True,True,False,P23,False,,False,,,,,False,False,,False,,,,,False,False,,,,,,False,,,True,False,False,NEEDLE_KNOWN_NO_USABLE_GOPRO_MAPPING,RESOLVED,EPG,2074.0,CAE_HAND,LOCATED,0,3247500,HIGHEST_SCORE_MANUAL_FINAL_DECISION,P23_T11
P23,P23_T12,12,4,DEVICE2-4,DEVICE2,4,Y,1909878,2021696,111818.0,,,0,,P23_DEVICE2-4,1,1,False,False,True,True,True,False,P23,False,,False,,,,,False,False,,False,,,,,False,False,,,,,,False,,,False,False,False,MISSING_NEEDLE_TIMING_NO_USABLE_GOPRO,RESOLVED,TC,,,,6,227000,HIGHEST_SCORE_MANUAL_FINAL_DECISION,P23_T12
P23,P23_T13,13,5,DEVICE1-5,DEVICE1,5,N,2060654,2377981,317327.0,2084520,2084520.0,1,23.866,P23_DEVICE1-5,1,2,False,True,True,False,True,False,P23,False,,False,,,,,False,False,,False,,,,,False,False,,,,,,False,,,True,False,False,NEEDLE_KNOWN_NO_USABLE_GOPRO_MAPPING,RESOLVED,IPG,,,,7,227000,HIGHEST_SCORE_MANUAL_FINAL_DECISION,P23_T13
P23,P23_T14,14,5,DEVICE1-5,DEVICE1,5,Y,2412618,2573031,160413.0,2442682,2442682.0,1,30.064,P23_DEVICE1-5,2,2,True,True,False,True,True,False,P23,False,,False,,,,,False,False,,False,,,,,False,False,,,,,,False,,,True,False,False,NEEDLE_KNOWN_NO_USABLE_GOPRO_MAPPING,RESOLVED,IPG,,,,8,227000,HIGHEST_SCORE_MANUAL_FINAL_DECISION,P23_T14
P23,P23_T15,15,5,DEVICE3-5,DEVICE3,5,Y,2847033,2967290,120257.0,,,0,,P23_DEVICE3-5,1,1,False,False,True,True,True,False,P23,False,,False,,,,,False,False,,False,,,,,False,False,,,,,,False,,,False,False,False,MISSING_NEEDLE_TIMING_NO_USABLE_GOPRO,RESOLVED,IPG,2132.774,,LOCATED,3,226200,HIGHEST_SCORE_MANUAL_FINAL_DECISION,P23_T15
P23,P23_T16,16,5,DEVICE2-5,DEVICE2,5,Y,3200910,3305018,104108.0,,,0,,P23_DEVICE2-5,1,1,False,False,True,True,True,False,P23,False,,False,,,,,False,False,,False,,,,,False,False,,,,,,False,,,False,False,False,MISSING_NEEDLE_TIMING_NO_USABLE_GOPRO,RESOLVED,TC,,,,9,227000,HIGHEST_SCORE_MANUAL_FINAL_DECISION,P23_T16
P24,P24_T01,1,1,DEVICE3-1,DEVICE3,1,Y,14582,133033,118451.0,,,0,,P24_DEVICE3-1,1,1,False,False,True,True,True,False,P24,False,,False,,,,,False,False,,False,,,,,False,False,,,,,,False,,,False,False,False,MISSING_NEEDLE_TIMING_NO_USABLE_GOPRO,RESOLVED,EPG,93.868,,LOCATED,0,832320,HIGHEST_SCORE_MANUAL_FINAL_DECISION,P24_T01
P24,P24_T02,2,1,DEVICE2-1,DEVICE2,1,N,196911,321872,124961.0,,,0,,P24_DEVICE2-1,1,1,False,False,True,True,True,False,P24,False,,False,,,,,False,False,,False,,,,,False,False,,,,,,False,,,False,False,False,MISSING_NEEDLE_TIMING_NO_USABLE_GOPRO,RESOLVED,IPG,305.605,,LOCATED,1,832320,HIGHEST_SCORE_MANUAL_FINAL_DECISION,P24_T02
P24,P24_T03,3,1,DEVICE1-1,DEVICE1,1,Y,370382,468567,98185.0,388997,388997.0,1,18.615,P24_DEVICE1-1,1,1,False,False,True,True,True,False,P24,False,,False,,,,,False,False,,False,,,,,False,False,,,,,,False,,,True,False,False,NEEDLE_KNOWN_NO_USABLE_GOPRO_MAPPING,RESOLVED,EPG,450.407,,LOCATED,2,832320,HIGHEST_SCORE_MANUAL_FINAL_DECISION,P24_T03
P24,P24_T04,4,2,DEVICE1-2,DEVICE1,2,Y,482198,555654,73456.0,490171,490171.0,1,7.973,P24_DEVICE1-2,1,1,False,False,True,True,True,False,P24,False,,False,,,,,False,False,,False,,,,,False,False,,,,,,False,,,True,False,False,NEEDLE_KNOWN_NO_USABLE_GOPRO_MAPPING,RESOLVED,EPG,545.609,,LOCATED,3,832320,HIGHEST_SCORE_MANUAL_FINAL_DECISION,P24_T04
P24,P24_T05,5,2,DEVICE3-2,DEVICE3,2,Y,14988,68557,53569.0,,,0,,P24_DEVICE3-2,1,1,False,False,True,True,True,False,P24,False,,False,,,,,False,False,,False,,,,,False,False,,,,,,False,,,False,False,False,MISSING_NEEDLE_TIMING_NO_USABLE_GOPRO,RESOLVED,EPG,979.482,,LOCATED,4,832320,HIGHEST_SCORE_MANUAL_FINAL_DECISION,P24_T05
P24,P24_T06,6,2,DEVICE2-2,DEVICE2,2,Y,81041,151926,70885.0,,,0,,P24_DEVICE2-2,1,1,False,False,True,True,True,False,P24,False,,False,,,,,False,False,,False,,,,,False,False,,,,,,False,,,False,False,False,MISSING_NEEDLE_TIMING_NO_USABLE_GOPRO,RESOLVED,IPG,1052.65,,LOCATED,5,832320,HIGHEST_SCORE_MANUAL_FINAL_DECISION,P24_T06
P24,P24_T07,7,3,DEVICE3-3,DEVICE3,3,Y,167600,225034,57434.0,,,0,,P24_DEVICE3-3,1,1,False,False,True,True,True,False,P24,False,,False,,,,,False,False,,False,,,,,False,False,,,,,,False,,,False,False,False,MISSING_NEEDLE_TIMING_NO_USABLE_GOPRO,RESOLVED,IPG,1127.185,,LOCATED,6,832320,HIGHEST_SCORE_MANUAL_FINAL_DECISION,P24_T07
P24,P24_T08,8,3,DEVICE2-3,DEVICE2,3,Y,238886,295718,56832.0,,,0,,P24_DEVICE2-3,1,1,False,False,True,True,True,False,P24,False,,False,,,,,False,False,,False,,,,,False,False,,,,,,False,,,False,False,False,MISSING_NEEDLE_TIMING_NO_USABLE_GOPRO,RESOLVED,IPG,1207.719,,LOCATED,7,832320,HIGHEST_SCORE_MANUAL_FINAL_DECISION,P24_T08
P24,P24_T09,9,3,DEVICE1-3,DEVICE1,3,Y,311714,495574,183860.0,344298/399102/409814,344298.0,3,32.584,P24_DEVICE1-3,1,1,False,False,True,True,True,False,P24,False,,False,,,,,False,False,,False,,,,,False,False,,,,,,False,,,True,False,False,NEEDLE_KNOWN_NO_USABLE_GOPRO_MAPPING,RESOLVED,EPG,1300.921,,LOCATED,8,832320,HIGHEST_SCORE_MANUAL_FINAL_DECISION,P24_T09
P24,P24_T10,10,4,DEVICE3-4,DEVICE3,4,Y,517724,565561,47837.0,,,0,,P24_DEVICE3-4,1,1,False,False,True,True,True,False,P24,False,,False,,,,,False,False,,False,,,,,False,False,,,,,,False,,,False,False,False,MISSING_NEEDLE_TIMING_NO_USABLE_GOPRO,RESOLVED,IPG,,,,6,227030,HIGHEST_SCORE_MANUAL_FINAL_DECISION,P24_T10
P24,P24_T11,11,4,DEVICE1-4,DEVICE1,4,Y,598744,710301,111557.0,616879,616879.0,1,18.135,P24_DEVICE1-4,1,1,False,False,True,True,True,False,P24,False,,False,,,,,False,False,,False,,,,,False,False,,,,,,False,,,True,False,False,NEEDLE_KNOWN_NO_USABLE_GOPRO_MAPPING,RESOLVED,IPG,,,,7,227030,HIGHEST_SCORE_MANUAL_FINAL_DECISION,P24_T11
P24,P24_T12,12,4,DEVICE2-4,DEVICE2,4,N,730613,777765,47152.0,,,0,,P24_DEVICE2-4,1,1,False,False,True,True,True,False,P24,False,,False,,,,,False,False,,False,,,,,False,False,,,,,,False,,,False,False,False,MISSING_NEEDLE_TIMING_NO_USABLE_GOPRO,RESOLVED,IPG,,,,8,227030,HIGHEST_SCORE_MANUAL_FINAL_DECISION,P24_T12
P24,P24_T13,13,5,DEVICE3-5,DEVICE3,5,Y,822532,875935,53403.0,,,0,,P24_DEVICE3-5,1,1,False,False,True,True,True,False,P24,False,,False,,,,,False,False,,False,,,,,False,False,,,,,,False,,,False,False,False,MISSING_NEEDLE_TIMING_NO_USABLE_GOPRO,RESOLVED,IPG,,,,9,227030,HIGHEST_SCORE_MANUAL_FINAL_DECISION,P24_T13
P24,P24_T14,14,5,DEVICE1-5,DEVICE1,5,Y,1087718,1206070,118352.0,1107571,1107571.0,1,19.853,P24_DEVICE1-5,1,1,False,False,True,True,True,False,P24,False,,False,,,,,False,False,,False,,,,,False,False,,,,,,False,,,True,False,False,NEEDLE_KNOWN_NO_USABLE_GOPRO_MAPPING,RESOLVED,IPG,,,,10,227030,HIGHEST_SCORE_MANUAL_FINAL_DECISION,P24_T14
P24,P24_T15,15,5,DEVICE2-5,DEVICE2,5,Y,1514938,1568135,53197.0,,,0,,P24_DEVICE2-5,1,1,False,False,True,True,True,False,P24,False,,False,,,,,False,False,,False,,,,,False,False,,,,,,False,,,False,False,False,MISSING_NEEDLE_TIMING_NO_USABLE_GOPRO,RESOLVED,IPG,,,,11,227030,HIGHEST_SCORE_MANUAL_FINAL_DECISION,P24_T15
P25,P25_T01,1,1,DEVICE1-1,DEVICE1,1,N,13582,319107,305525.0,40335,40335.0,1,26.753,P25_DEVICE1-1,1,1,False,False,True,True,True,False,P25,True,validated,True,c9b56b91c9ac576f,46.8541,352.3791,73.6071,True,True,validated,True,eee4bfe6dc38db5c,45.686267,351.211267,72.439267,True,True,EPG,GoPro-local,73.6071,MST,PRIMARY_GOPRO_TRAINING,False,,,True,True,True,ALREADY_VERIFIED_GRIP,RESOLVED,EPG,,,,8,602000,HIGHEST_SCORE_MANUAL_FINAL_DECISION,P25_T01
P25,P25_T02,2,1,DEVICE3-1,DEVICE3,1,N,336197,553706,217509.0,,,0,,P25_DEVICE3-1,1,1,False,False,True,True,True,False,P25,True,validated,True,c9b56b91c9ac576f,369.4691,586.9781,,False,True,validated,True,eee4bfe6dc38db5c,368.301267,585.810267,,False,False,,,,,,False,,,False,False,False,MISSING_NEEDLE_TIMING_RIGHT_GOPRO_AVAILABLE,RESOLVED,IPG,373.206,,,159,104200,HIGHEST_SCORE_MANUAL_FINAL_DECISION,P25_T02
P25,P25_T03,3,1,DEVICE2-1,DEVICE2,1,N,584781,773350,188569.0,,,0,,P25_DEVICE2-1,1,1,False,False,True,True,True,False,P25,False,,False,,,,,False,False,,False,,,,,False,False,,,,,,False,,,False,False,False,MISSING_NEEDLE_TIMING_NO_USABLE_GOPRO,RESOLVED,EPG,,right,LOCATED,1,220700,HIGHEST_SCORE_MANUAL_FINAL_DECISION,P25_T03
P25,P25_T04,4,2,DEVICE2-2,DEVICE2,2,Y,10895,194349,183454.0,,,0,,P25_DEVICE2-2,1,1,False,False,True,True,True,False,P25,True,validated,True,d14e437b174c5a0c,27.168267,210.622267,,False,True,validated,True,02082e9434a175bc,26.767867,210.221867,,False,False,,,,,,False,,,False,False,False,MISSING_NEEDLE_TIMING_RIGHT_GOPRO_AVAILABLE,RESOLVED,IPG,41.85,,,160,104200,HIGHEST_SCORE_MANUAL_FINAL_DECISION,P25_T04
P25,P25_T05,5,2,DEVICE1-2,DEVICE1,2,N,228979,565360,336381.0,271857/470723,271857.0,2,42.878,P25_DEVICE1-2,1,1,False,False,True,True,True,False,P25,True,validated,True,d14e437b174c5a0c,245.252267,581.633267,288.130267,True,True,validated,True,02082e9434a175bc,244.851867,581.232867,287.729867,True,False,,,,,,False,,,True,True,True,READY_RIGHT_GOPRO_GRIP_REVIEW,RESOLVED,IPG,287.7,,,161,104200,HIGHEST_SCORE_MANUAL_FINAL_DECISION,P25_T05
P25,P25_T06,6,2,DEVICE3-2,DEVICE3,2,Y,588655,724021,135366.0,,,0,,P25_DEVICE3-2,1,1,False,False,True,True,True,False,P25,True,validated,True,d14e437b174c5a0c,604.928267,740.294267,,False,True,validated,True,02082e9434a175bc,604.527867,739.893867,,False,False,,,,,,False,,,False,False,False,MISSING_NEEDLE_TIMING_RIGHT_GOPRO_AVAILABLE,RESOLVED,IPG,617.341,,,162,104200,HIGHEST_SCORE_MANUAL_FINAL_DECISION,P25_T06
P25,P25_T07,7,3,DEVICE1-3,DEVICE1,3,Y,740193,968563,228370.0,760624,760624.0,1,20.431,P25_DEVICE1-3,1,1,False,False,True,True,True,False,P25,True,validated,True,d14e437b174c5a0c,756.466267,984.836267,776.897267,True,True,validated,True,02082e9434a175bc,756.065867,984.435867,776.4968670000001,True,False,,,,,,False,,,True,True,True,READY_RIGHT_GOPRO_GRIP_REVIEW,RESOLVED,EPG,771.148,,,10,105200,HIGHEST_SCORE_MANUAL_FINAL_DECISION,P25_T07
P25,P25_T08,8,3,DEVICE2-3,DEVICE2,3,Y,981905,1094657,112752.0,,,0,,P25_DEVICE2-3,1,1,False,False,True,True,True,False,P25,True,validated,True,d14e437b174c5a0c,998.178267,1110.930267,,False,True,validated,True,02082e9434a175bc,997.777867,1110.529867,,False,False,,,,,,False,,,False,False,False,MISSING_NEEDLE_TIMING_RIGHT_GOPRO_AVAILABLE,RESOLVED,IPG,1012.993,,,164,104200,HIGHEST_SCORE_MANUAL_FINAL_DECISION,P25_T08
P25,P25_T09,9,3,DEVICE3-3,DEVICE3,3,Y,1113994,1197580,83586.0,,,0,,P25_DEVICE3-3,1,1,False,False,True,True,True,False,P25,True,validated,True,d14e437b174c5a0c,1130.267267,1213.853267,,False,True,validated,True,02082e9434a175bc,1129.866867,1213.452867,,False,False,,,,,,False,,,False,False,False,MISSING_NEEDLE_TIMING_RIGHT_GOPRO_AVAILABLE,RESOLVED,TC,1138.542,,,165,104200,HIGHEST_SCORE_MANUAL_FINAL_DECISION,P25_T09
P25,P25_T10,10,4,DEVICE1-4,DEVICE1,4,Y,1220896,1417556,196660.0,1250884,1250884.0,1,29.988,P25_DEVICE1-4,1,1,False,False,True,True,True,False,P25,True,validated,True,d14e437b174c5a0c,1237.169267,1433.829267,1267.157267,True,True,validated,True,02082e9434a175bc,1236.768867,1433.428867,1266.756867,True,False,,,,,,False,,,True,True,True,READY_RIGHT_GOPRO_GRIP_REVIEW,RESOLVED,IPG,1265.358,,,166,104200,HIGHEST_SCORE_MANUAL_FINAL_DECISION,P25_T10
P25,P25_T11,11,4,DEVICE3-4,DEVICE3,4,Y,1433150,1505720,72570.0,,,0,,P25_DEVICE3-4,1,1,False,False,True,True,True,False,P25,True,validated,True,d14e437b174c5a0c,1449.423267,1521.993267,,False,True,validated,True,02082e9434a175bc,1449.022867,1521.592867,,False,False,,,,,,False,,,False,False,False,MISSING_NEEDLE_TIMING_RIGHT_GOPRO_AVAILABLE,RESOLVED,IPG,1467.575,,,167,104200,HIGHEST_SCORE_MANUAL_FINAL_DECISION,P25_T11
P25,P25_T12,12,4,DEVICE2-4,DEVICE2,4,Y,1522854,1673430,150576.0,,,0,,P25_DEVICE2-4,1,1,False,False,True,True,True,False,P25,True,validated,True,d14e437b174c5a0c,1539.127267,1689.703267,,False,True,validated,True,02082e9434a175bc,1538.726867,1689.302867,,False,False,,,,,,False,,,False,False,False,MISSING_NEEDLE_TIMING_RIGHT_GOPRO_AVAILABLE,RESOLVED,EPG,1557.546,,,168,104200,HIGHEST_SCORE_MANUAL_FINAL_DECISION,P25_T12
P25,P25_T13,13,5,DEVICE3-5,DEVICE3,5,N,1744305,1805622,61317.0,,,0,,P25_DEVICE3-5,1,1,False,False,True,True,True,False,P25,True,validated,True,d14e437b174c5a0c,1760.578267,1821.895267,,False,True,validated,True,02082e9434a175bc,1760.177867,1821.494867,,False,False,,,,,,False,,,False,False,False,MISSING_NEEDLE_TIMING_RIGHT_GOPRO_AVAILABLE,RESOLVED,TC,1770.855,,,169,104200,HIGHEST_SCORE_MANUAL_FINAL_DECISION,P25_T13
P25,P25_T14,14,5,DEVICE1-5,DEVICE1,5,Y,1966397,2139642,173245.0,1974908,1974908.0,1,8.511,P25_DEVICE1-5,1,1,False,False,True,True,True,False,P25,True,validated,True,d14e437b174c5a0c,1982.670267,2155.915267,1991.181267,True,True,validated,True,02082e9434a175bc,1982.269867,2155.514867,1990.780867,True,False,,,,,,False,,,True,True,True,READY_RIGHT_GOPRO_GRIP_REVIEW,RESOLVED,IPG,1989.082,,,170,104200,HIGHEST_SCORE_MANUAL_FINAL_DECISION,P25_T14
P25,P25_T15,15,5,DEVICE2-5,DEVICE2,5,N,2254193,2299856,45663.0,,,0,,P25_DEVICE2-5,1,2,False,True,True,False,True,False,P25,True,validated,True,d14e437b174c5a0c,2270.466267,2316.129267,,False,True,validated,True,02082e9434a175bc,2270.065867,2315.728867,,False,False,,,,,,False,,,False,False,False,MISSING_NEEDLE_TIMING_RIGHT_GOPRO_AVAILABLE,RESOLVED,TC,2285.681,,,171,104200,HIGHEST_SCORE_MANUAL_FINAL_DECISION,P25_T15
P25,P25_T16,16,5,DEVICE2-5,DEVICE2,5,Y,2318097,2382646,64549.0,,,0,,P25_DEVICE2-5,2,2,True,True,False,True,True,False,P25,True,validated,True,d14e437b174c5a0c,2334.370267,2398.919267,,False,True,validated,True,02082e9434a175bc,2333.969867,2398.518867,,False,False,,,,,,False,,,False,False,False,MISSING_NEEDLE_TIMING_RIGHT_GOPRO_AVAILABLE,RESOLVED,TC,2343.179,,,172,104200,HIGHEST_SCORE_MANUAL_FINAL_DECISION,P25_T16
P26,P26_T01,1,1,DEVICE3-1,DEVICE3,1,N,18717,303144,284427.0,,,0,,P26_DEVICE3-1,1,2,False,True,True,False,True,False,P26,False,,False,,,,,False,False,,False,,,,,False,False,,,,,,False,,,False,False,False,MISSING_NEEDLE_TIMING_NO_USABLE_GOPRO,RESOLVED,EPG,,right,LOCATED,2,220700,HIGHEST_SCORE_MANUAL_FINAL_DECISION,P26_T01
P26,P26_T02,2,1,DEVICE3-1,DEVICE3,1,N,4872,705435,700563.0,,,0,,P26_DEVICE3-1,2,2,True,True,False,True,True,False,P26,True,validated,True,b52280528144779c,7.073733,707.636733,,False,True,validated,True,95fe82b37588f908,10.243567,710.806567,,False,False,,,,,,False,,,False,False,False,MISSING_NEEDLE_TIMING_RIGHT_GOPRO_AVAILABLE,RESOLVED,IPG,63.263,,,173,104200,HIGHEST_SCORE_MANUAL_FINAL_DECISION,P26_T02
P26,P26_T03,3,1,DEVICE2-1,DEVICE2,1,N,724772,1008732,283960.0,,,0,,P26_DEVICE2-1,1,3,False,True,True,False,True,False,P26,True,validated,True,b52280528144779c,726.973733,1010.933733,,False,True,validated,True,95fe82b37588f908,730.143567,1014.103567,,False,False,,,,,,False,,,False,False,False,MISSING_NEEDLE_TIMING_RIGHT_GOPRO_AVAILABLE,RESOLVED,IPG,767.014,,,174,104200,HIGHEST_SCORE_MANUAL_FINAL_DECISION,P26_T03
P26,P26_T04,4,1,DEVICE2-1,DEVICE2,1,N,19690,253427,233737.0,,,0,,P26_DEVICE2-1,2,3,True,True,False,False,True,False,P26,True,validated,True,318d421d437b5e52,15.648967,249.385967,,False,False,,False,,,,,False,False,,,,,,False,,,False,False,False,MISSING_NEEDLE_TIMING_RIGHT_GOPRO_AVAILABLE,RESOLVED,OTHER,28.729,,,175,104200,HIGHEST_SCORE_MANUAL_FINAL_DECISION,P26_T04
P26,P26_T05,5,1,DEVICE2-1,DEVICE2,1,N,23920,116215,92295.0,,,0,,P26_DEVICE2-1,3,3,True,True,False,True,True,False,P26,True,validated,True,318d421d437b5e52,19.878967,112.173967,,False,True,validated,True,f7dd12760fe1c8f0,23.482567,115.777567,,False,False,,,,,,False,,,False,False,False,MISSING_NEEDLE_TIMING_RIGHT_GOPRO_AVAILABLE,RESOLVED,OTHER,23.483,,,176,104200,HIGHEST_SCORE_MANUAL_FINAL_DECISION,P26_T05
P26,P26_T06,6,1,DEVICE1-1,DEVICE1,1,Y,21878,562856,540978.0,49129,49129.0,1,27.251,P26_DEVICE1-1,1,1,False,False,True,True,True,False,P26,True,validated,True,cdf78c7903b0a058,27.460767,568.438767,54.711767,True,True,validated,True,76f16967bb512cd3,20.887533,561.865533,48.138533,True,False,,,,,,False,,,True,True,True,READY_RIGHT_GOPRO_GRIP_REVIEW,RESOLVED,IPG,53.28,,,177,104200,HIGHEST_SCORE_MANUAL_FINAL_DECISION,P26_T06
P26,P26_T07,7,2,DEVICE1-2,DEVICE1,2,N,583146,881261,298115.0,613499,613499.0,1,30.353,P26_DEVICE1-2,1,1,False,False,True,True,True,False,P26,True,validated,True,cdf78c7903b0a058,588.728767,886.843767,619.0817669999999,True,True,validated,True,76f16967bb512cd3,582.155533,880.270533,612.5085329999999,True,False,,,,,,False,,,True,True,True,READY_RIGHT_GOPRO_GRIP_REVIEW,RESOLVED,IPG,616.582,,,178,104200,HIGHEST_SCORE_MANUAL_FINAL_DECISION,P26_T07
P26,P26_T08,8,2,DEVICE3-2,DEVICE3,2,N,12523,65019,52496.0,,,0,,P26_DEVICE3-2,1,1,False,False,True,True,True,False,P26,True,validated,True,9a0e902b9daec0aa,35.415933,87.911933,,False,True,validated,True,b17b3599b08c5b95,43.223733,95.719733,,False,False,,,,,,False,,,False,False,False,MISSING_NEEDLE_TIMING_RIGHT_GOPRO_AVAILABLE,RESOLVED,IPG,42.757,,,179,104200,HIGHEST_SCORE_MANUAL_FINAL_DECISION,P26_T08
P26,P26_T09,9,2,DEVICE2-2,DEVICE2,2,N,84636,183051,98415.0,,,0,,P26_DEVICE2-2,1,1,False,False,True,True,True,False,P26,True,validated,True,9a0e902b9daec0aa,107.528933,205.943933,,False,True,validated,True,b17b3599b08c5b95,115.336733,213.751733,,False,False,,,,,,False,,,False,False,False,MISSING_NEEDLE_TIMING_RIGHT_GOPRO_AVAILABLE,RESOLVED,IPG,130.218,,,180,104200,HIGHEST_SCORE_MANUAL_FINAL_DECISION,P26_T09
P26,P26_T10,10,3,DEVICE3-3,DEVICE3,3,N,195326,263180,67854.0,,,0,,P26_DEVICE3-3,1,1,False,False,True,True,True,False,P26,True,validated,True,9a0e902b9daec0aa,218.218933,286.072933,,False,True,validated,True,b17b3599b08c5b95,226.026733,293.880733,,False,False,,,,,,False,,,False,False,False,MISSING_NEEDLE_TIMING_RIGHT_GOPRO_AVAILABLE,RESOLVED,IPG,233.835,,,181,104200,HIGHEST_SCORE_MANUAL_FINAL_DECISION,P26_T10
P26,P26_T11,11,3,DEVICE2-3,DEVICE2,3,N,280963,351605,70642.0,,,0,,P26_DEVICE2-3,1,1,False,False,True,True,True,False,P26,True,validated,True,9a0e902b9daec0aa,303.855933,374.497933,,False,True,validated,True,b17b3599b08c5b95,311.663733,382.305733,,False,False,,,,,,False,,,False,False,False,MISSING_NEEDLE_TIMING_RIGHT_GOPRO_AVAILABLE,RESOLVED,IPG,308.661,,,182,104200,HIGHEST_SCORE_MANUAL_FINAL_DECISION,P26_T11
P26,P26_T12,12,3,DEVICE1-3,DEVICE1,3,N,373770,606645,232875.0,402465,402465.0,1,28.695,P26_DEVICE1-3,1,1,False,False,True,True,True,False,P26,True,validated,True,9a0e902b9daec0aa,396.662933,629.537933,425.357933,True,True,validated,True,b17b3599b08c5b95,404.470733,637.345733,433.165733,True,False,,,,,,False,,,True,True,True,READY_RIGHT_GOPRO_GRIP_REVIEW,RESOLVED,IPG,423.025,,,183,104200,HIGHEST_SCORE_MANUAL_FINAL_DECISION,P26_T12
P26,P26_T13,13,3,DEVICE3-4,DEVICE3,4,N,620689,704294,83605.0,,,0,,P26_DEVICE3-4,1,1,False,False,True,True,True,False,P26,True,validated,True,9a0e902b9daec0aa,643.581933,727.186933,,False,True,validated,True,b17b3599b08c5b95,651.389733,734.994733,,False,False,,,,,,False,,,False,False,False,MISSING_NEEDLE_TIMING_RIGHT_GOPRO_AVAILABLE,RESOLVED,IPG,646.118,,,184,104200,HIGHEST_SCORE_MANUAL_FINAL_DECISION,P26_T13
P26,P26_T14,14,4,DEVICE1-4,DEVICE1,4,Y,714070,1177712,463642.0,739986,739986.0,1,25.916,P26_DEVICE1-4,1,1,False,False,True,True,True,False,P26,True,validated,True,9a0e902b9daec0aa,736.962933,1200.604933,762.8789330000001,True,True,validated,True,b17b3599b08c5b95,744.770733,1208.412733,770.686733,True,False,,,,,,False,,,True,True,True,READY_RIGHT_GOPRO_GRIP_REVIEW,RESOLVED,IPG,761.247,,,185,104200,HIGHEST_SCORE_MANUAL_FINAL_DECISION,P26_T14
P26,P26_T15,15,4,DEVICE2-4,DEVICE2,4,N,1191890,1283678,91788.0,,,0,,P26_DEVICE2-4,1,1,False,False,True,True,True,False,P26,True,validated,True,9a0e902b9daec0aa,1214.782933,1306.570933,,False,True,validated,True,b17b3599b08c5b95,1222.590733,1314.378733,,False,False,,,,,,False,,,False,False,False,MISSING_NEEDLE_TIMING_RIGHT_GOPRO_AVAILABLE,RESOLVED,IPG,1223.458,,,186,104200,HIGHEST_SCORE_MANUAL_FINAL_DECISION,P26_T15
P26,P26_T16,16,5,DEVICE3-5,DEVICE3,5,Y,1303346,1386832,83486.0,,,0,,P26_DEVICE3-5,1,1,False,False,True,True,True,False,P26,True,validated,True,9a0e902b9daec0aa,1326.238933,1409.724933,,False,True,validated,True,b17b3599b08c5b95,1334.046733,1417.532733,,False,False,,,,,,False,,,False,False,False,MISSING_NEEDLE_TIMING_RIGHT_GOPRO_AVAILABLE,RESOLVED,IPG,1330.91,,,187,104200,HIGHEST_SCORE_MANUAL_FINAL_DECISION,P26_T16
P26,P26_T17,17,5,DEVICE2-5,DEVICE2,5,N,83498,192143,108645.0,,,0,,P26_DEVICE2-5,1,1,False,False,True,True,True,False,P26,True,validated,True,300958bec440df7e,36.036,144.681,,False,True,validated,True,4c286a516926061d,26.9269,135.5719,,False,False,,,,,,False,,,False,False,False,MISSING_NEEDLE_TIMING_RIGHT_GOPRO_AVAILABLE,RESOLVED,IPG,42.576,,,188,104200,HIGHEST_SCORE_MANUAL_FINAL_DECISION,P26_T17
P26,P26_T18,18,5,DEVICE1-5,DEVICE1,5,Y,294854,1200547,905693.0,328136/707668,328136.0,2,33.282,P26_DEVICE1-5,1,1,False,False,True,True,True,False,P26,True,validated,True,300958bec440df7e,247.392,1153.085,280.674,True,True,validated,True,4c286a516926061d,238.2829,1143.9759,271.5649,True,True,EPG,GoPro-local,280.674,MST,PRIMARY_GOPRO_TRAINING,False,,,True,True,True,ALREADY_VERIFIED_GRIP,RESOLVED,EPG,,,,9,602000,HIGHEST_SCORE_MANUAL_FINAL_DECISION,P26_T18
P27,P27_T01,1,1,DEVICE2-1,DEVICE2,1,N,10698,170748,160050.0,,,0,,P27_DEVICE2-1,1,1,False,False,True,True,True,False,P27,True,validated,True,3ed25e9956bef030,11.027333,171.077333,,False,True,validated,True,8d3913ba0a51ed7d,12.695667,172.745667,,False,False,,,,,,False,,,False,False,False,MISSING_NEEDLE_TIMING_RIGHT_GOPRO_AVAILABLE,RESOLVED,EPG,40.523,,,189,104200,HIGHEST_SCORE_MANUAL_FINAL_DECISION,P27_T01
P27,P27_T02,2,1,DEVICE3-1,DEVICE3,1,Y,203610,329047,125437.0,,,0,,P27_DEVICE3-1,1,1,False,False,True,True,True,False,P27,True,validated,True,3ed25e9956bef030,203.939333,329.376333,,False,True,validated,True,8d3913ba0a51ed7d,205.607667,331.044667,,False,False,,,,,,False,,,False,False,False,MISSING_NEEDLE_TIMING_RIGHT_GOPRO_AVAILABLE,RESOLVED,IPG,264.667,,,190,104200,HIGHEST_SCORE_MANUAL_FINAL_DECISION,P27_T02
P27,P27_T03,3,1,DEVICE1-1,DEVICE1,1,Y,347747,541375,193628.0,366917,366917.0,1,19.17,P27_DEVICE1-1,1,1,False,False,True,True,True,False,P27,True,validated,True,3ed25e9956bef030,348.076333,541.704333,367.246333,True,True,validated,True,8d3913ba0a51ed7d,349.744667,543.372667,368.914667,True,True,EPG,GoPro-local,367.246333,MST,PRIMARY_GOPRO_TRAINING,False,,,True,True,True,ALREADY_VERIFIED_GRIP,RESOLVED,EPG,,,,10,602000,HIGHEST_SCORE_MANUAL_FINAL_DECISION,P27_T03
P27,P27_T04,4,2,DEVICE1-2,DEVICE1,2,Y,560156,691252,131096.0,583029,583029.0,1,22.873,P27_DEVICE1-2,1,1,False,False,True,True,True,False,P27,True,validated,True,3ed25e9956bef030,560.485333,691.581333,583.358333,True,True,validated,True,8d3913ba0a51ed7d,562.153667,693.249667,585.0266670000001,True,True,IPG,GoPro-local,583.358333,MST,PRIMARY_GOPRO_TRAINING,False,,,True,True,True,ALREADY_VERIFIED_GRIP,RESOLVED,IPG,,,,280,100000,HIGHEST_SCORE_MANUAL_FINAL_DECISION,P27_T04
P27,P27_T05,5,2,DEVICE2-2,DEVICE2,2,Y,721222,817835,96613.0,,,0,,P27_DEVICE2-2,1,1,False,False,True,True,True,False,P27,True,validated,True,3ed25e9956bef030,721.551333,818.164333,,False,True,validated,True,8d3913ba0a51ed7d,723.219667,819.832667,,False,False,,,,,,False,,,False,False,False,MISSING_NEEDLE_TIMING_RIGHT_GOPRO_AVAILABLE,RESOLVED,TC,730.36,,,191,104200,HIGHEST_SCORE_MANUAL_FINAL_DECISION,P27_T05
P27,P27_T06,6,2,DEVICE3-2,DEVICE3,2,Y,833170,866430,33260.0,,,0,,P27_DEVICE3-2,1,1,False,False,True,True,True,False,P27,True,validated,True,3ed25e9956bef030,833.499333,866.759333,,False,True,validated,True,8d3913ba0a51ed7d,835.167667,868.427667,,False,False,,,,,,False,,,False,False,False,MISSING_NEEDLE_TIMING_RIGHT_GOPRO_AVAILABLE,RESOLVED,IPG,841.908,,,192,104200,HIGHEST_SCORE_MANUAL_FINAL_DECISION,P27_T06
P27,P27_T07,7,3,DEVICE1-3,DEVICE1,3,Y,885505,998901,113396.0,899152,899152.0,1,13.647,P27_DEVICE1-3,1,1,False,False,True,True,True,False,P27,True,validated,True,3ed25e9956bef030,885.834333,999.230333,899.4813330000001,True,True,validated,True,8d3913ba0a51ed7d,887.502667,1000.898667,901.149667,True,False,,,,,,False,,,True,True,True,READY_RIGHT_GOPRO_GRIP_REVIEW,RESOLVED,IPG,897.482,,,193,104200,HIGHEST_SCORE_MANUAL_FINAL_DECISION,P27_T07
P27,P27_T08,8,3,DEVICE2-3,DEVICE2,3,Y,1015789,1089988,74199.0,,,0,,P27_DEVICE2-3,1,1,False,False,True,True,True,False,P27,True,validated,True,3ed25e9956bef030,1016.118333,1090.317333,,False,True,validated,True,8d3913ba0a51ed7d,1017.786667,1091.985667,,False,False,,,,,,False,,,False,False,False,MISSING_NEEDLE_TIMING_RIGHT_GOPRO_AVAILABLE,RESOLVED,IPG,1058.628,left,LOCATED,32,207200,HIGHEST_SCORE_MANUAL_FINAL_DECISION,P27_T08
P27,P27_T09,9,3,DEVICE3-3,DEVICE3,3,Y,1100075,1187946,87871.0,,,0,,P27_DEVICE3-3,1,1,False,False,True,True,True,False,P27,True,validated,True,3ed25e9956bef030,1100.404333,1188.275333,,False,True,validated,True,8d3913ba0a51ed7d,1102.072667,1189.943667,,False,False,,,,,,False,,,False,False,False,MISSING_NEEDLE_TIMING_RIGHT_GOPRO_AVAILABLE,RESOLVED,IPG,1129.1,,,195,104200,HIGHEST_SCORE_MANUAL_FINAL_DECISION,P27_T09
P27,P27_T10,10,4,DEVICE1-4,DEVICE1,4,Y,1200642,1297272,96630.0,1211841,1211841.0,1,11.199,P27_DEVICE1-4,1,1,False,False,True,True,True,False,P27,True,validated,True,3ed25e9956bef030,1200.971333,1297.601333,1212.170333,True,True,validated,True,8d3913ba0a51ed7d,1202.639667,1299.269667,1213.838667,True,True,EPG,GoPro-local,1212.170333,MST,PRIMARY_GOPRO_TRAINING,False,,,True,True,True,ALREADY_VERIFIED_GRIP,RESOLVED,EPG,,,,286,100000,HIGHEST_SCORE_MANUAL_FINAL_DECISION,P27_T10
P27,P27_T11,11,4,DEVICE2-4,DEVICE2,4,N,1333696,1417442,83746.0,,,0,,P27_DEVICE2-4,1,1,False,False,True,True,True,False,P27,True,validated,True,3ed25e9956bef030,1334.025333,1417.771333,,False,True,validated,True,8d3913ba0a51ed7d,1335.693667,1419.439667,,False,False,,,,,,False,,,False,False,False,MISSING_NEEDLE_TIMING_RIGHT_GOPRO_AVAILABLE,RESOLVED,IPG,1346.705,,,196,104200,HIGHEST_SCORE_MANUAL_FINAL_DECISION,P27_T11
P27,P27_T12,12,4,DEVICE3-4,DEVICE3,4,Y,17545,137770,120225.0,,,0,,P27_DEVICE3-4,1,1,False,False,True,True,True,False,P27,True,validated,True,9a52317dd566fe42,26.346867,146.571867,,False,True,validated,True,7cfd4075c5ed718a,27.2144,147.4394,,False,False,,,,,,False,,,False,False,False,MISSING_NEEDLE_TIMING_RIGHT_GOPRO_AVAILABLE,RESOLVED,IPG,33.421,,,197,104200,HIGHEST_SCORE_MANUAL_FINAL_DECISION,P27_T12
P27,P27_T13,13,5,DEVICE1-5,DEVICE1,5,Y,158255,253527,95272.0,170998,170998.0,1,12.743,P27_DEVICE1-5,1,1,False,False,True,True,True,False,P27,True,validated,True,9a52317dd566fe42,167.056867,262.328867,179.799867,True,True,validated,True,7cfd4075c5ed718a,167.9244,263.1964,180.6674,True,False,,,,,,False,,,True,True,True,READY_RIGHT_GOPRO_GRIP_REVIEW,RESOLVED,IPG,177.768,,,198,104200,HIGHEST_SCORE_MANUAL_FINAL_DECISION,P27_T13
P27,P27_T14,14,5,DEVICE3-5,DEVICE3,5,Y,568308,711813,143505.0,,,0,,P27_DEVICE3-5,1,1,False,False,True,True,True,False,P27,True,validated,True,9a52317dd566fe42,577.109867,720.614867,,False,True,validated,True,7cfd4075c5ed718a,577.9774,721.4824,,False,False,,,,,,False,,,False,False,False,MISSING_NEEDLE_TIMING_RIGHT_GOPRO_AVAILABLE,RESOLVED,IPG,587.12,,,199,104200,HIGHEST_SCORE_MANUAL_FINAL_DECISION,P27_T14
P27,P27_T15,15,5,DEVICE2-5,DEVICE2,5,N,902753,1078590,175837.0,,,0,,P27_DEVICE2-5,1,2,False,True,True,False,True,False,P27,True,validated,True,9a52317dd566fe42,911.554867,1087.391867,,False,True,validated,True,7cfd4075c5ed718a,912.4224,1088.2594,,False,False,,,,,,False,,,False,False,False,MISSING_NEEDLE_TIMING_RIGHT_GOPRO_AVAILABLE,RESOLVED,OTHER,927.971,,,200,104200,HIGHEST_SCORE_MANUAL_FINAL_DECISION,P27_T15
P27,P27_T16,16,5,DEVICE2-5,DEVICE2,5,Y,1138068,1199885,61817.0,,,0,,P27_DEVICE2-5,2,2,True,True,False,True,True,False,P27,True,validated,True,9a52317dd566fe42,1146.869867,1208.686867,,False,True,validated,True,7cfd4075c5ed718a,1147.7374,1209.5544,,False,False,,,,,,False,,,False,False,False,MISSING_NEEDLE_TIMING_RIGHT_GOPRO_AVAILABLE,RESOLVED,OTHER,1163.687,,,201,104200,HIGHEST_SCORE_MANUAL_FINAL_DECISION,P27_T16
P28,P28_T01,1,1,DEVICE1-1,DEVICE1,1,Y,26889,143434,116545.0,64528,64528.0,1,37.639,P28_DEVICE1-1,1,1,False,False,True,True,True,False,P28,True,validated,True,e2e94bb2198b4a57,6.0615,122.6065,43.700500000000005,True,True,validated,True,9f49de1601cf04a7,5.694467,122.239467,43.333467000000006,True,False,,,,,,False,,,True,True,True,READY_RIGHT_GOPRO_GRIP_REVIEW,RESOLVED,IPG,41.601,,,202,104200,HIGHEST_SCORE_MANUAL_FINAL_DECISION,P28_T01
P28,P28_T02,2,1,DEVICE2-1,DEVICE2,1,N,170223,207699,37476.0,,,0,,P28_DEVICE2-1,1,2,False,True,True,False,True,False,P28,True,validated,True,e2e94bb2198b4a57,149.3955,186.8715,,False,True,validated,True,9f49de1601cf04a7,149.028467,186.504467,,False,False,,,,,,False,,,False,False,False,MISSING_NEEDLE_TIMING_RIGHT_GOPRO_AVAILABLE,RESOLVED,IPG,154.334,,,203,104200,HIGHEST_SCORE_MANUAL_FINAL_DECISION,P28_T02
P28,P28_T03,3,1,DEVICE2-1,DEVICE2,1,N,225958,286546,60588.0,,,0,,P28_DEVICE2-1,2,2,True,True,False,True,True,False,P28,True,validated,True,e2e94bb2198b4a57,205.1305,265.7185,,False,True,validated,True,9f49de1601cf04a7,204.763467,265.351467,,False,False,,,,,,False,,,False,False,False,MISSING_NEEDLE_TIMING_RIGHT_GOPRO_AVAILABLE,RESOLVED,IPG,208.334,,,204,104200,HIGHEST_SCORE_MANUAL_FINAL_DECISION,P28_T03
P28,P28_T04,4,1,DEVICE3-1,DEVICE3,1,Y,300151,504320,204169.0,,,0,,P28_DEVICE3-1,1,1,False,False,True,True,True,False,P28,True,validated,True,e2e94bb2198b4a57,279.3235,483.4925,,False,True,validated,True,9f49de1601cf04a7,278.956467,483.125467,,False,False,,,,,,False,,,False,False,False,MISSING_NEEDLE_TIMING_RIGHT_GOPRO_AVAILABLE,RESOLVED,IPG,284.128,,,205,104200,HIGHEST_SCORE_MANUAL_FINAL_DECISION,P28_T04
P28,P28_T05,5,2,DEVICE3-2,DEVICE3,2,Y,570099,645897,75798.0,,,0,,P28_DEVICE3-2,1,1,False,False,True,True,True,False,P28,True,validated,True,e2e94bb2198b4a57,549.2715,625.0695,,False,True,validated,True,9f49de1601cf04a7,548.904467,624.702467,,False,False,,,,,,False,,,False,False,False,MISSING_NEEDLE_TIMING_RIGHT_GOPRO_AVAILABLE,RESOLVED,IPG,553.142,,,206,104200,HIGHEST_SCORE_MANUAL_FINAL_DECISION,P28_T05
P28,P28_T06,6,2,DEVICE1-2,DEVICE1,2,Y,664896,744470,79574.0,673409,673409.0,1,8.513,P28_DEVICE1-2,1,1,False,False,True,True,True,False,P28,True,validated,True,e2e94bb2198b4a57,644.0685,723.6425,652.5815,True,True,validated,True,9f49de1601cf04a7,643.701467,723.275467,652.214467,True,True,EPG,GoPro-local,652.5815,MST,PRIMARY_GOPRO_TRAINING,False,,,True,True,True,ALREADY_VERIFIED_GRIP,RESOLVED,EPG,,,,298,100000,HIGHEST_SCORE_MANUAL_FINAL_DECISION,P28_T06
P28,P28_T07,7,2,DEVICE2-2,DEVICE2,2,Y,758452,824142,65690.0,,,0,,P28_DEVICE2-2,1,1,False,False,True,True,True,False,P28,True,validated,True,e2e94bb2198b4a57,737.6245,803.3145,,False,True,validated,True,9f49de1601cf04a7,737.257467,802.947467,,False,False,,,,,,False,,,False,False,False,MISSING_NEEDLE_TIMING_RIGHT_GOPRO_AVAILABLE,RESOLVED,IPG,761.915,,,207,104200,HIGHEST_SCORE_MANUAL_FINAL_DECISION,P28_T07
P28,P28_T08,8,3,DEVICE3-3,DEVICE3,3,Y,832138,888231,56093.0,,,0,,P28_DEVICE3-3,1,1,False,False,True,True,True,False,P28,True,validated,True,e2e94bb2198b4a57,811.3105,867.4035,,False,True,validated,True,9f49de1601cf04a7,810.943467,867.036467,,False,False,,,,,,False,,,False,False,False,MISSING_NEEDLE_TIMING_RIGHT_GOPRO_AVAILABLE,RESOLVED,IPG,823.056,,,208,104200,HIGHEST_SCORE_MANUAL_FINAL_DECISION,P28_T08
P28,P28_T09,9,3,DEVICE2-3,DEVICE2,3,Y,903435,1048130,144695.0,,,0,,P28_DEVICE2-3,1,1,False,False,True,True,True,False,P28,True,validated,True,e2e94bb2198b4a57,882.6075,1027.3025,,False,True,validated,True,9f49de1601cf04a7,882.240467,1026.935467,,False,False,,,,,,False,,,False,False,False,MISSING_NEEDLE_TIMING_RIGHT_GOPRO_AVAILABLE,RESOLVED,TC,912.771,,,209,104200,HIGHEST_SCORE_MANUAL_FINAL_DECISION,P28_T09
P28,P28_T10,10,3,DEVICE1-3,DEVICE1,3,Y,1062230,1166468,104238.0,1071671,1071671.0,1,9.441,P28_DEVICE1-3,1,1,False,False,True,True,True,False,P28,True,validated,True,e2e94bb2198b4a57,1041.4025,1145.6405,1050.8435,True,True,validated,True,9f49de1601cf04a7,1041.035467,1145.273467,1050.476467,True,False,,,,,,False,,,True,True,True,READY_RIGHT_GOPRO_GRIP_REVIEW,RESOLVED,IPG,1048.711,,,210,104200,HIGHEST_SCORE_MANUAL_FINAL_DECISION,P28_T10
P28,P28_T11,11,4,DEVICE3-4,DEVICE3,4,Y,1175773,1261736,85963.0,,,0,,P28_DEVICE3-4,1,1,False,False,True,True,True,False,P28,True,validated,True,e2e94bb2198b4a57,1154.9455,1240.9085,,False,True,validated,True,9f49de1601cf04a7,1154.578467,1240.541467,,False,False,,,,,,False,,,False,False,False,MISSING_NEEDLE_TIMING_RIGHT_GOPRO_AVAILABLE,RESOLVED,IPG,1162.954,,,211,104200,HIGHEST_SCORE_MANUAL_FINAL_DECISION,P28_T11
P28,P28_T12,12,4,DEVICE2-4,DEVICE2,4,Y,1288059,1377577,89518.0,,,0,,P28_DEVICE2-4,1,1,False,False,True,True,True,False,P28,True,validated,True,e2e94bb2198b4a57,1267.2315,1356.7495,,False,True,validated,True,9f49de1601cf04a7,1266.864467,1356.382467,,False,False,,,,,,False,,,False,False,False,MISSING_NEEDLE_TIMING_RIGHT_GOPRO_AVAILABLE,RESOLVED,EPG,1317.015,,,212,104200,HIGHEST_SCORE_MANUAL_FINAL_DECISION,P28_T12
P28,P28_T13,13,4,DEVICE1-4,DEVICE1,4,Y,1396491,1456974,60483.0,1403875,1403875.0,1,7.384,P28_DEVICE1-4,1,1,False,False,True,True,True,False,P28,True,validated,True,e2e94bb2198b4a57,1375.6635,1436.1465,1383.0475,True,True,validated,True,9f49de1601cf04a7,1375.296467,1435.779467,1382.680467,True,False,,,,,,True,1377.042,needle entry is at 1377.042s or even a little earlier,True,True,True,TIMING_REVIEW_REQUIRED_HINT_EXISTS,RESOLVED,IPG,1378.718,,,213,104200,HIGHEST_SCORE_MANUAL_FINAL_DECISION,P28_T13
P28,P28_T14,14,5,DEVICE3-5,DEVICE3,5,Y,1477819,1522832,45013.0,,,0,,P28_DEVICE3-5,1,1,False,False,True,True,True,False,P28,True,validated,True,e2e94bb2198b4a57,1456.9915,1502.0045,,False,True,validated,True,9f49de1601cf04a7,1456.624467,1501.637467,,False,False,,,,,,False,,,False,False,False,MISSING_NEEDLE_TIMING_RIGHT_GOPRO_AVAILABLE,RESOLVED,EPG,1463.932,,,214,104200,HIGHEST_SCORE_MANUAL_FINAL_DECISION,P28_T14
P28,P28_T15,15,5,DEVICE2-5,DEVICE2,5,Y,1679195,1721267,42072.0,,,0,,P28_DEVICE2-5,1,1,False,False,True,True,True,False,P28,True,validated,True,e2e94bb2198b4a57,1658.3675,1700.4395,,False,True,validated,True,9f49de1601cf04a7,1658.000467,1700.072467,,False,False,,,,,,False,,,False,False,False,MISSING_NEEDLE_TIMING_RIGHT_GOPRO_AVAILABLE,RESOLVED,EPG,1662.905,,,215,104200,HIGHEST_SCORE_MANUAL_FINAL_DECISION,P28_T15
P28,P28_T16,16,5,DEVICE1-5,DEVICE1,5,Y,1779064,1851117,72053.0,1789180,1789180.0,1,10.116,P28_DEVICE1-5,1,1,False,False,True,True,True,False,P28,True,validated,True,e2e94bb2198b4a57,1758.2365,1830.2895,1768.3525,True,True,validated,True,9f49de1601cf04a7,1757.869467,1829.922467,1767.985467,True,False,,,,,,False,,,True,True,True,READY_RIGHT_GOPRO_GRIP_REVIEW,RESOLVED,IPG,1765.986,,,216,104200,HIGHEST_SCORE_MANUAL_FINAL_DECISION,P28_T16
P29,P29_T01,1,1,DEVICE3-1,DEVICE3,1,Y,93605,218195,124590.0,,,0,,P29_DEVICE3-1,1,1,False,False,True,True,True,False,P29,True,validated,True,98d9383925610f8a,67.536367,192.126367,,False,True,validated,True,72589ab27596a878,67.569733,192.159733,,False,False,,,,,,False,,,False,False,False,MISSING_NEEDLE_TIMING_RIGHT_GOPRO_AVAILABLE,RESOLVED,IPG,94.897,,,217,104200,HIGHEST_SCORE_MANUAL_FINAL_DECISION,P29_T01
P29,P29_T02,2,1,DEVICE1-1,DEVICE1,1,Y,265648,375836,110188.0,288110,288110.0,1,22.462,P29_DEVICE1-1,1,1,False,False,True,True,True,False,P29,True,validated,True,98d9383925610f8a,239.579367,349.767367,262.041367,True,True,validated,True,72589ab27596a878,239.612733,349.800733,262.074733,True,True,EPG,GoPro-local,262.041367,MST,PRIMARY_GOPRO_TRAINING,False,,,True,True,True,ALREADY_VERIFIED_GRIP,RESOLVED,EPG,,,,11,602000,HIGHEST_SCORE_MANUAL_FINAL_DECISION,P29_T02
P29,P29_T03,3,1,DEVICE2-1,DEVICE2,1,N,407477,561138,153661.0,,,0,,P29_DEVICE2-1,1,1,False,False,True,True,True,False,P29,True,validated,True,98d9383925610f8a,381.408367,535.069367,,False,True,validated,True,72589ab27596a878,381.441733,535.102733,,False,False,,,,,,False,,,False,False,False,MISSING_NEEDLE_TIMING_RIGHT_GOPRO_AVAILABLE,RESOLVED,IPG,420.648,,,218,104200,HIGHEST_SCORE_MANUAL_FINAL_DECISION,P29_T03
P29,P29_T04,4,2,DEVICE2-2,DEVICE2,2,Y,584392,758281,173889.0,,,0,,P29_DEVICE2-2,1,1,False,False,True,True,True,False,P29,True,validated,True,98d9383925610f8a,558.323367,732.212367,,False,True,validated,True,72589ab27596a878,558.356733,732.245733,,False,False,,,,,,False,,,False,False,False,MISSING_NEEDLE_TIMING_RIGHT_GOPRO_AVAILABLE,RESOLVED,IPG,584.616,,,219,104200,HIGHEST_SCORE_MANUAL_FINAL_DECISION,P29_T04
P29,P29_T05,5,2,DEVICE3-2,DEVICE3,2,N,773185,864030,90845.0,,,0,,P29_DEVICE3-2,1,1,False,False,True,True,True,False,P29,True,validated,True,98d9383925610f8a,747.116367,837.961367,,False,True,validated,True,72589ab27596a878,747.149733,837.994733,,False,False,,,,,,False,,,False,False,False,MISSING_NEEDLE_TIMING_RIGHT_GOPRO_AVAILABLE,RESOLVED,IPG,772.342,,,220,104200,HIGHEST_SCORE_MANUAL_FINAL_DECISION,P29_T05
P29,P29_T06,6,2,DEVICE1-2,DEVICE1,2,Y,906909,1011634,104725.0,923918,923918.0,1,17.009,P29_DEVICE1-2,1,1,False,False,True,True,True,False,P29,True,validated,True,98d9383925610f8a,880.840367,985.565367,897.849367,True,True,validated,True,72589ab27596a878,880.873733,985.598733,897.882733,True,True,EPG,GoPro-local,897.849367,MST,PRIMARY_GOPRO_TRAINING,False,,,True,True,True,ALREADY_VERIFIED_GRIP,RESOLVED,EPG,,,,314,100000,HIGHEST_SCORE_MANUAL_FINAL_DECISION,P29_T06
P29,P29_T07,7,3,DEVICE3-3,DEVICE3,3,Y,1028439,1120455,92016.0,,,0,,P29_DEVICE3-3,1,1,False,False,True,True,True,False,P29,True,validated,True,98d9383925610f8a,1002.370367,1094.386367,,False,True,validated,True,72589ab27596a878,1002.403733,1094.419733,,False,False,,,,,,False,,,False,False,False,MISSING_NEEDLE_TIMING_RIGHT_GOPRO_AVAILABLE,RESOLVED,IPG,1023.592,,,221,104200,HIGHEST_SCORE_MANUAL_FINAL_DECISION,P29_T07
P29,P29_T08,8,3,DEVICE2-3,DEVICE2,3,Y,1142217,1342700,200483.0,,,0,,P29_DEVICE2-3,1,1,False,False,True,True,True,False,P29,True,validated,True,98d9383925610f8a,1116.148367,1316.631367,,False,True,validated,True,72589ab27596a878,1116.181733,1316.664733,,False,False,,,,,,False,,,False,False,False,MISSING_NEEDLE_TIMING_RIGHT_GOPRO_AVAILABLE,RESOLVED,IPG,1122.154,,,222,104200,HIGHEST_SCORE_MANUAL_FINAL_DECISION,P29_T08
P29,P29_T09,9,3,DEVICE1-3,DEVICE1,3,Y,1379847,1463475,83628.0,1388911,1388911.0,1,9.064,P29_DEVICE1-3,1,1,False,False,True,True,True,False,P29,True,validated,True,98d9383925610f8a,1353.778367,1437.406367,1362.842367,True,True,validated,True,72589ab27596a878,1353.811733,1437.439733,1362.875733,True,False,,,,,,True,1359.525,needle entry is at 1359.525s or even a little earlier,True,True,True,TIMING_REVIEW_REQUIRED_HINT_EXISTS,RESOLVED,IPG,1359.967,,,223,104200,HIGHEST_SCORE_MANUAL_FINAL_DECISION,P29_T09
P29,P29_T10,10,4,DEVICE3-4,DEVICE3,4,Y,1474602,1535282,60680.0,,,0,,P29_DEVICE3-4,1,1,False,False,True,True,True,False,P29,True,validated,True,98d9383925610f8a,1448.533367,1509.213367,,False,True,validated,True,72589ab27596a878,1448.566733,1509.246733,,False,False,,,,,,False,,,False,False,False,MISSING_NEEDLE_TIMING_RIGHT_GOPRO_AVAILABLE,RESOLVED,IPG,1465.35,,,224,104200,HIGHEST_SCORE_MANUAL_FINAL_DECISION,P29_T10
P29,P29_T11,11,4,DEVICE1-4,DEVICE1,4,Y,1564935,1639474,74539.0,1578997,1578997.0,1,14.062,P29_DEVICE1-4,1,1,False,False,True,True,True,False,P29,True,validated,True,98d9383925610f8a,1538.866367,1613.405367,1552.928367,True,True,validated,True,72589ab27596a878,1538.899733,1613.438733,1552.961733,True,False,,,,,,False,,,True,True,True,READY_RIGHT_GOPRO_GRIP_REVIEW,RESOLVED,IPG,1550.629,,,225,104200,HIGHEST_SCORE_MANUAL_FINAL_DECISION,P29_T11
P29,P29_T12,12,4,DEVICE2-4,DEVICE2,4,Y,1658990,1729559,70569.0,,,0,,P29_DEVICE2-4,1,1,False,False,True,True,True,False,P29,True,validated,True,98d9383925610f8a,1632.921367,1703.490367,,False,True,validated,True,72589ab27596a878,1632.954733,1703.523733,,False,False,,,,,,False,,,False,False,False,MISSING_NEEDLE_TIMING_RIGHT_GOPRO_AVAILABLE,RESOLVED,OTHER,1652.408,,,226,104200,HIGHEST_SCORE_MANUAL_FINAL_DECISION,P29_T12
P29,P29_T13,13,5,DEVICE3-5,DEVICE3,5,Y,1748255,1897302,149047.0,,,0,,P29_DEVICE3-5,1,1,False,False,True,True,True,False,P29,True,validated,True,98d9383925610f8a,1722.186367,1871.233367,,False,True,validated,True,72589ab27596a878,1722.219733,1871.266733,,False,False,,,,,,False,,,False,False,False,MISSING_NEEDLE_TIMING_RIGHT_GOPRO_AVAILABLE,RESOLVED,IPG,1764.095,,,227,104200,HIGHEST_SCORE_MANUAL_FINAL_DECISION,P29_T13
P29,P29_T14,14,5,DEVICE1-5,DEVICE1,5,Y,2117727,2206287,88560.0,2131831,2131831.0,1,14.104,P29_DEVICE1-5,1,1,False,False,True,True,True,False,P29,True,validated,True,98d9383925610f8a,2091.658367,2180.218367,2105.762367,True,True,validated,True,72589ab27596a878,2091.691733,2180.251733,2105.795733,True,False,,,,,,False,,,True,True,True,READY_RIGHT_GOPRO_GRIP_REVIEW,RESOLVED,IPG,2103.263,,,228,104200,HIGHEST_SCORE_MANUAL_FINAL_DECISION,P29_T14
P29,P29_T15,15,5,DEVICE2-5,DEVICE2,5,Y,2436142,2627968,191826.0,,,0,,P29_DEVICE2-5,1,1,False,False,True,True,True,False,P29,True,validated,True,98d9383925610f8a,2410.073367,2601.899367,,False,True,validated,True,72589ab27596a878,2410.106733,2601.932733,,False,False,,,,,,False,,,False,False,False,MISSING_NEEDLE_TIMING_RIGHT_GOPRO_AVAILABLE,RESOLVED,OTHER,2456.253,,,229,104200,HIGHEST_SCORE_MANUAL_FINAL_DECISION,P29_T15
P3,P3_T01,1,1,DEVICE1-1,DEVICE1,1,Y,47694,206452,158758.0,56781,56781.0,1,9.087,P3_DEVICE1-1,1,1,False,False,True,True,True,False,P3,True,validated,True,02db93184416721f,0.6767,159.4347,9.7637,True,True,validated,True,8327f4a0be2e13f7,0.5766,159.3346,9.6636,True,False,,,,,,False,,,True,True,True,READY_RIGHT_GOPRO_GRIP_REVIEW,RESOLVED,EPG,41.251,,,11,105200,HIGHEST_SCORE_MANUAL_FINAL_DECISION,P3_T01
P3,P3_T02,2,1,DEVICE2-1,DEVICE2,1,Y,244340,394412,150072.0,,,0,,P3_DEVICE2-1,1,1,False,False,True,True,True,False,P3,True,validated,True,02db93184416721f,197.3227,347.3947,,False,True,validated,True,8327f4a0be2e13f7,197.2226,347.2946,,False,False,,,,,,False,,,False,False,False,MISSING_NEEDLE_TIMING_RIGHT_GOPRO_AVAILABLE,RESOLVED,EPG,246.438,,,231,104200,HIGHEST_SCORE_MANUAL_FINAL_DECISION,P3_T02
P3,P3_T03,3,1,DEVICE3-1,DEVICE3,1,Y,419897,630198,210301.0,,,0,,P3_DEVICE3-1,1,1,False,False,True,True,True,False,P3,True,validated,True,02db93184416721f,372.8797,583.1807,,False,True,validated,True,8327f4a0be2e13f7,372.7796,583.0806,,False,False,,,,,,False,,,False,False,False,MISSING_NEEDLE_TIMING_RIGHT_GOPRO_AVAILABLE,RESOLVED,IPG,644.134,CAE_OTHER,LOCATED,0,3146510,HIGHEST_SCORE_MANUAL_FINAL_DECISION,P3_T03
P3,P3_T04,4,2,DEVICE3-2,DEVICE3,2,Y,640036,804532,164496.0,,,0,,P3_DEVICE3-2,1,1,False,False,True,True,True,False,P3,True,validated,True,02db93184416721f,593.0187,757.5147,,False,True,validated,True,8327f4a0be2e13f7,592.9186,757.4146,,False,False,,,,,,False,,,False,False,False,MISSING_NEEDLE_TIMING_RIGHT_GOPRO_AVAILABLE,RESOLVED,IPG,419.286,GOPRO_RIGHT,LOCATED,2,933200,HIGHEST_SCORE_MANUAL_FINAL_DECISION,P3_T04
P3,P3_T05,5,2,DEVICE1-2,DEVICE1,2,N,817143,1229395,412252.0,846589,846589.0,1,29.446,P3_DEVICE1-2,1,1,False,False,True,True,True,False,P3,True,validated,True,02db93184416721f,770.1257,1182.3777,799.5717000000001,True,True,validated,True,8327f4a0be2e13f7,770.0256,1182.2776,799.4716000000001,True,False,,,,,,False,,,True,True,True,READY_RIGHT_GOPRO_GRIP_REVIEW,RESOLVED,EPG,246.58,GOPRO_LEFT,LOCATED,3,985200,HIGHEST_SCORE_MANUAL_FINAL_DECISION,P3_T05
P3,P3_T06,6,2,DEVICE2-2,DEVICE2,2,Y,1251613,1388251,136638.0,,,0,,P3_DEVICE2-2,1,1,False,False,True,True,True,False,P3,True,validated,True,02db93184416721f,1204.5957,1341.2337,,False,True,validated,True,8327f4a0be2e13f7,1204.4956,1341.1336,,False,False,,,,,,False,,,False,False,False,MISSING_NEEDLE_TIMING_RIGHT_GOPRO_AVAILABLE,RESOLVED,IPG,1146.948,,LOCATED_FINAL,18,113700,HIGHEST_SCORE_MANUAL_FINAL_DECISION,P3_T06
P3,P3_T07,7,3,DEVICE1-3,DEVICE1,3,Y,1406075,1798696,392621.0,1437299/1570808,1437299.0,2,31.224,P3_DEVICE1-3,1,1,False,False,True,True,True,False,P3,True,validated,True,02db93184416721f,1359.0577,1751.6787,1390.2817,True,True,validated,True,8327f4a0be2e13f7,1358.9576,1751.5786,1390.1816,True,False,,,,,,False,,,True,True,True,READY_RIGHT_GOPRO_GRIP_REVIEW,RESOLVED,IPG,1292.209,,LOCATED_FINAL,19,113700,HIGHEST_SCORE_MANUAL_FINAL_DECISION,P3_T07
P3,P3_T08,8,3,DEVICE3-3,DEVICE3,3,N,1806817,2125120,318303.0,,,0,,P3_DEVICE3-3,1,1,False,False,True,True,True,False,P3,True,validated,True,02db93184416721f,1759.7997,2078.1027,,False,True,validated,True,8327f4a0be2e13f7,1759.6996,2078.0026,,False,False,,,,,,False,,,False,False,False,MISSING_NEEDLE_TIMING_RIGHT_GOPRO_AVAILABLE,RESOLVED,IPG,1691.084,,LOCATED_FINAL,20,113700,HIGHEST_SCORE_MANUAL_FINAL_DECISION,P3_T08
P3,P3_T09,9,3,DEVICE2-3,DEVICE2,3,Y,2136817,2337215,200398.0,,,0,,P3_DEVICE2-3,1,1,False,False,True,True,True,False,P3,True,validated,True,02db93184416721f,2089.7997,2290.1977,,False,True,validated,True,8327f4a0be2e13f7,2089.6996,2290.0976,,False,False,,,,,,False,,,False,False,False,MISSING_NEEDLE_TIMING_RIGHT_GOPRO_AVAILABLE,RESOLVED,OTHER,2142.386,,,238,104200,HIGHEST_SCORE_MANUAL_FINAL_DECISION,P3_T09
P3,P3_T10,10,4,DEVICE1-4,DEVICE1,4,N,2348365,2718084,369719.0,2394171,2394171.0,1,45.806,P3_DEVICE1-4,1,1,False,False,True,True,True,False,P3,True,validated,True,02db93184416721f,2301.3477,2671.0667,2347.1537,True,True,validated,True,8327f4a0be2e13f7,2301.2476,2670.9666,2347.0536,True,False,,,,,,False,,,True,True,True,READY_RIGHT_GOPRO_GRIP_REVIEW,RESOLVED,IPG,2344.154,,,239,104200,HIGHEST_SCORE_MANUAL_FINAL_DECISION,P3_T10
P3,P3_T11,11,4,DEVICE3-4,DEVICE3,4,Y,2750595,2921336,170741.0,,,0,,P3_DEVICE3-4,1,1,False,False,True,True,True,False,P3,True,validated,True,02db93184416721f,2703.5777,2874.3187,,False,True,validated,True,8327f4a0be2e13f7,2703.4776,2874.2186,,False,False,,,,,,False,,,False,False,False,MISSING_NEEDLE_TIMING_RIGHT_GOPRO_AVAILABLE,RESOLVED,EPG,2764.705,,,240,104200,HIGHEST_SCORE_MANUAL_FINAL_DECISION,P3_T11
P3,P3_T12,12,4,DEVICE2-4,DEVICE2,4,Y,2932859,3057733,124874.0,,,0,,P3_DEVICE2-4,1,1,False,False,True,True,True,False,P3,True,validated,True,02db93184416721f,2885.8417,3010.7157,,False,True,validated,True,8327f4a0be2e13f7,2885.7416,3010.6156,,False,False,,,,,,False,,,False,False,False,MISSING_NEEDLE_TIMING_RIGHT_GOPRO_AVAILABLE,RESOLVED,IPG,2768.866,GOPRO_LEFT,LOCATED,4,933200,HIGHEST_SCORE_MANUAL_FINAL_DECISION,P3_T12
P3,P3_T13,13,5,DEVICE3-5,DEVICE3,5,Y,3082798,3201032,118234.0,,,0,,P3_DEVICE3-5,1,1,False,False,True,True,True,False,P3,True,validated,True,13370314be0e179a,24.7727,143.0067,,False,True,validated,True,236de02311107775,24.6726,142.9066,,False,False,,,,,,False,,,False,False,False,MISSING_NEEDLE_TIMING_RIGHT_GOPRO_AVAILABLE,RESOLVED,IPG,2991.868,,LOCATED_FINAL,22,113700,HIGHEST_SCORE_MANUAL_FINAL_DECISION,P3_T13
P3,P3_T14,14,5,DEVICE2-5,DEVICE2,5,Y,3331043,3441204,110161.0,,,0,,P3_DEVICE2-5,1,1,False,False,True,True,True,False,P3,True,validated,True,13370314be0e179a,273.0177,383.1787,,False,True,validated,True,236de02311107775,272.9176,383.0786,,False,False,,,,,,False,,,False,False,False,MISSING_NEEDLE_TIMING_RIGHT_GOPRO_AVAILABLE,RESOLVED,IPG,94.227,GOPRO_RIGHT,LOCATED,5,933200,HIGHEST_SCORE_MANUAL_FINAL_DECISION,P3_T14
P3,P3_T15,15,5,DEVICE1-5,DEVICE1,5,N,3506598,3909035,402437.0,3522957,3522957.0,1,16.359,P3_DEVICE1-5,1,1,False,False,True,True,True,False,P3,True,validated,True,13370314be0e179a,448.5727,851.0097,464.9317,True,True,validated,True,236de02311107775,448.4726,850.9096,464.8316,True,False,,,,,,False,,,True,True,True,READY_RIGHT_GOPRO_GRIP_REVIEW,RESOLVED,IPG,80.948,GOPRO_RIGHT,LOCATED,4,985200,HIGHEST_SCORE_MANUAL_FINAL_DECISION,P3_T15
P30,P30_T01,1,1,DEVICE2-1,DEVICE2,1,N,23355,218928,195573.0,,,0,,P30_DEVICE2-1,1,1,False,False,True,True,True,False,P30,True,validated,True,55385c456b5f8c2a,51.228067,246.801067,,False,True,validated,True,72f8ec6820baa31b,50.727567,246.300567,,False,False,,,,,,False,,,False,False,False,MISSING_NEEDLE_TIMING_RIGHT_GOPRO_AVAILABLE,RESOLVED,OTHER,65.776,,,245,104200,HIGHEST_SCORE_MANUAL_FINAL_DECISION,P30_T01
P30,P30_T02,2,1,DEVICE3-1,DEVICE3,1,Y,243131,351390,108259.0,,,0,,P30_DEVICE3-1,1,1,False,False,True,True,True,False,P30,True,validated,True,55385c456b5f8c2a,271.004067,379.263067,,False,True,validated,True,72f8ec6820baa31b,270.503567,378.762567,,False,False,,,,,,False,,,False,False,False,MISSING_NEEDLE_TIMING_RIGHT_GOPRO_AVAILABLE,RESOLVED,EPG,283.95,,,246,104200,HIGHEST_SCORE_MANUAL_FINAL_DECISION,P30_T02
P30,P30_T03,3,1,DEVICE1-1,DEVICE1,1,Y,379972,479540,99568.0,399499,399499.0,1,19.527,P30_DEVICE1-1,1,1,False,False,True,True,True,False,P30,True,validated,True,55385c456b5f8c2a,407.845067,507.413067,427.372067,True,True,validated,True,72f8ec6820baa31b,407.344567,506.912567,426.871567,True,False,,,,,,True,,insertion already finished,True,True,True,TIMING_REVIEW_REQUIRED_HINT_EXISTS,RESOLVED,IPG,421.608,,,247,104200,HIGHEST_SCORE_MANUAL_FINAL_DECISION,P30_T03
P30,P30_T04,4,2,DEVICE1-2,DEVICE1,2,Y,508439,604068,95629.0,530049,530049.0,1,21.61,P30_DEVICE1-2,1,1,False,False,True,True,True,False,P30,True,validated,True,55385c456b5f8c2a,536.312067,631.941067,557.922067,True,True,validated,True,72f8ec6820baa31b,535.811567,631.440567,557.421567,True,False,,,,,,True,,insertion already finished,True,True,True,TIMING_REVIEW_REQUIRED_HINT_EXISTS,RESOLVED,EPG,546.989,,,15,105200,HIGHEST_SCORE_MANUAL_FINAL_DECISION,P30_T04
P30,P30_T05,5,2,DEVICE2-2,DEVICE2,2,Y,10983,128989,118006.0,,,0,,P30_DEVICE2-2,1,1,False,False,True,True,True,False,P30,True,validated,True,a2b004a5d437bda4,20.240067,138.246067,,False,True,validated,True,3c166e2e642ae67c,17.837667,135.843667,,False,False,,,,,,False,,,False,False,False,MISSING_NEEDLE_TIMING_RIGHT_GOPRO_AVAILABLE,RESOLVED,OTHER,29.583,,,249,104200,HIGHEST_SCORE_MANUAL_FINAL_DECISION,P30_T05
P30,P30_T06,6,2,DEVICE3-2,DEVICE3,2,N,151273,227262,75989.0,,,0,,P30_DEVICE3-2,1,1,False,False,True,True,True,False,P30,True,validated,True,a2b004a5d437bda4,160.530067,236.519067,,False,True,validated,True,3c166e2e642ae67c,158.127667,234.116667,,False,False,,,,,,False,,,False,False,False,MISSING_NEEDLE_TIMING_RIGHT_GOPRO_AVAILABLE,RESOLVED,TC,170.674,,,250,104200,HIGHEST_SCORE_MANUAL_FINAL_DECISION,P30_T06
P30,P30_T07,7,3,DEVICE3-3,DEVICE3,3,Y,248508,333641,85133.0,,,0,,P30_DEVICE3-3,1,1,False,False,True,True,True,False,P30,True,validated,True,a2b004a5d437bda4,257.765067,342.898067,,False,True,validated,True,3c166e2e642ae67c,255.362667,340.495667,,False,False,,,,,,False,,,False,False,False,MISSING_NEEDLE_TIMING_RIGHT_GOPRO_AVAILABLE,RESOLVED,TC,264.305,,,251,104200,HIGHEST_SCORE_MANUAL_FINAL_DECISION,P30_T07
P30,P30_T08,8,3,DEVICE2-3,DEVICE2,3,N,349026,426003,76977.0,,,0,,P30_DEVICE2-3,1,1,False,False,True,True,True,False,P30,True,validated,True,a2b004a5d437bda4,358.283067,435.260067,,False,True,validated,True,3c166e2e642ae67c,355.880667,432.857667,,False,False,,,,,,False,,,False,False,False,MISSING_NEEDLE_TIMING_RIGHT_GOPRO_AVAILABLE,RESOLVED,TC,373.498,,,252,104200,HIGHEST_SCORE_MANUAL_FINAL_DECISION,P30_T08
P30,P30_T09,9,3,DEVICE1-3,DEVICE1,3,Y,469360,636638,167278.0,487494,487494.0,1,18.134,P30_DEVICE1-3,1,1,False,False,True,True,True,False,P30,True,validated,True,a2b004a5d437bda4,478.617067,645.895067,496.751067,True,True,validated,True,3c166e2e642ae67c,476.214667,643.492667,494.348667,True,False,,,,,,False,,,True,True,True,READY_RIGHT_GOPRO_GRIP_REVIEW,RESOLVED,IPG,496.32,,,253,104200,HIGHEST_SCORE_MANUAL_FINAL_DECISION,P30_T09
P30,P30_T10,10,4,DEVICE3-4,DEVICE3,4,Y,650135,758214,108079.0,,,0,,P30_DEVICE3-4,1,1,False,False,True,True,True,False,P30,True,validated,True,a2b004a5d437bda4,659.392067,767.471067,,False,True,validated,True,3c166e2e642ae67c,656.989667,765.068667,,False,False,,,,,,False,,,False,False,False,MISSING_NEEDLE_TIMING_RIGHT_GOPRO_AVAILABLE,RESOLVED,TC,665.398,,,254,104200,HIGHEST_SCORE_MANUAL_FINAL_DECISION,P30_T10
P30,P30_T11,11,4,DEVICE1-4,DEVICE1,4,Y,782563,855570,73007.0,796547,796547.0,1,13.984,P30_DEVICE1-4,1,1,False,False,True,True,True,False,P30,True,validated,True,a2b004a5d437bda4,791.820067,864.827067,805.804067,True,True,validated,True,3c166e2e642ae67c,789.417667,862.424667,803.4016670000001,True,False,,,,,,False,,,True,True,True,READY_RIGHT_GOPRO_GRIP_REVIEW,RESOLVED,IPG,803.838,,,255,104200,HIGHEST_SCORE_MANUAL_FINAL_DECISION,P30_T11
P30,P30_T12,12,4,DEVICE2-4,DEVICE2,4,Y,866615,940473,73858.0,,,0,,P30_DEVICE2-4,1,1,False,False,True,True,True,False,P30,True,validated,True,a2b004a5d437bda4,875.872067,949.730067,,False,True,validated,True,3c166e2e642ae67c,873.469667,947.327667,,False,False,,,,,,False,,,False,False,False,MISSING_NEEDLE_TIMING_RIGHT_GOPRO_AVAILABLE,RESOLVED,IPG,887.751,,,256,104200,HIGHEST_SCORE_MANUAL_FINAL_DECISION,P30_T12
P30,P30_T13,13,5,DEVICE1-5,DEVICE1,5,Y,997602,1088670,91068.0,1016922,1016922.0,1,19.32,P30_DEVICE1-5,1,1,False,False,True,True,True,False,P30,True,validated,True,a2b004a5d437bda4,1006.859067,1097.927067,1026.179067,True,True,validated,True,3c166e2e642ae67c,1004.456667,1095.524667,1023.776667,True,True,EPG,GoPro-local,1026.179067,MST,PRIMARY_GOPRO_TRAINING,False,,,True,True,True,ALREADY_VERIFIED_GRIP,RESOLVED,EPG,,,,12,602000,HIGHEST_SCORE_MANUAL_FINAL_DECISION,P30_T13
P30,P30_T14,14,5,DEVICE3-5,DEVICE3,5,Y,1304904,1383222,78318.0,,,0,,P30_DEVICE3-5,1,1,False,False,True,True,True,False,P30,True,validated,True,a2b004a5d437bda4,1314.161067,1392.479067,,False,True,validated,True,3c166e2e642ae67c,1311.758667,1390.076667,,False,False,,,,,,False,,,False,False,False,MISSING_NEEDLE_TIMING_RIGHT_GOPRO_AVAILABLE,RESOLVED,TC,1328.175,,,257,104200,HIGHEST_SCORE_MANUAL_FINAL_DECISION,P30_T14
P30,P30_T15,15,5,DEVICE2-5,DEVICE2,5,Y,1533095,1606718,73623.0,,,0,,P30_DEVICE2-5,1,1,False,False,True,True,True,False,P30,True,validated,True,a2b004a5d437bda4,1542.352067,1615.975067,,False,True,validated,True,3c166e2e642ae67c,1539.949667,1613.572667,,False,False,,,,,,False,,,False,False,False,MISSING_NEEDLE_TIMING_RIGHT_GOPRO_AVAILABLE,RESOLVED,TC,1546.223,,,258,104200,HIGHEST_SCORE_MANUAL_FINAL_DECISION,P30_T15
P4,P4_T01,1,1,DEVICE2-1,DEVICE2,1,Y,185605,349246,163641.0,,,0,,P4_DEVICE2-1,1,1,False,False,True,True,True,False,P4,True,validated,True,ec3a30cfe9918368,2.922733,166.563733,,False,True,validated,True,d755917dc9028c59,0.820633,164.461633,,False,False,,,,,,False,,,False,False,False,MISSING_NEEDLE_TIMING_RIGHT_GOPRO_AVAILABLE,RESOLVED,IPG,80.467,,,259,104200,HIGHEST_SCORE_MANUAL_FINAL_DECISION,P4_T01
P4,P4_T02,2,1,DEVICE3-1,DEVICE3,1,Y,358925,465910,106985.0,,,0,,P4_DEVICE3-1,1,1,False,False,True,True,True,False,P4,True,validated,True,ec3a30cfe9918368,176.242733,283.227733,,False,True,validated,True,d755917dc9028c59,174.140633,281.125633,,False,False,,,,,,False,,,False,False,False,MISSING_NEEDLE_TIMING_RIGHT_GOPRO_AVAILABLE,RESOLVED,EPG,383.073,,LOCATED_FINAL,25,113700,HIGHEST_SCORE_MANUAL_FINAL_DECISION,P4_T02
P4,P4_T03,3,1,DEVICE1-1,DEVICE1,1,Y,473691,742064,268373.0,492280,492280.0,1,18.589,P4_DEVICE1-1,1,1,False,False,True,True,True,False,P4,True,validated,True,ec3a30cfe9918368,291.008733,559.381733,309.597733,True,True,validated,True,d755917dc9028c59,288.906633,557.279633,307.495633,True,False,,,,,,True,,insertion already finished,True,True,True,TIMING_REVIEW_REQUIRED_HINT_EXISTS,RESOLVED,EPG,363.825,,LOCATED_FINAL,26,113700,HIGHEST_SCORE_MANUAL_FINAL_DECISION,P4_T03
P4,P4_T04,4,2,DEVICE1-2,DEVICE1,2,Y,749161,902435,153274.0,773362,773362.0,1,24.201,P4_DEVICE1-2,1,1,False,False,True,True,True,False,P4,True,validated,True,ec3a30cfe9918368,566.478733,719.752733,590.679733,True,True,validated,True,d755917dc9028c59,564.376633,717.650633,588.577633,True,False,,,,,,True,,insertion already finished,True,True,True,TIMING_REVIEW_REQUIRED_HINT_EXISTS,RESOLVED,EPG,636.895,,LOCATED_FINAL,27,113700,HIGHEST_SCORE_MANUAL_FINAL_DECISION,P4_T04
P4,P4_T05,5,2,DEVICE2-2,DEVICE2,2,Y,142342,268251,125909.0,,,0,,P4_DEVICE2-2,1,1,False,False,True,True,True,False,P4,False,,False,,,,,False,True,validated,True,c7496b6b1943774d,0.438367,126.347367,,False,False,,,,,,False,,,False,False,False,MISSING_NEEDLE_TIMING_LEFT_ONLY,RESOLVED,EPG,23.929,,,263,104200,HIGHEST_SCORE_MANUAL_FINAL_DECISION,P4_T05
P4,P4_T06,6,2,DEVICE3-2,DEVICE3,2,Y,279331,345680,66349.0,,,0,,P4_DEVICE3-2,1,1,False,False,True,True,True,False,P4,True,validated,True,455662822c9e970a,136.726667,203.075667,,False,True,validated,True,c7496b6b1943774d,137.427367,203.776367,,False,False,,,,,,False,,,False,False,False,MISSING_NEEDLE_TIMING_RIGHT_GOPRO_AVAILABLE,RESOLVED,IPG,149.673,,,264,104200,HIGHEST_SCORE_MANUAL_FINAL_DECISION,P4_T06
P4,P4_T07,7,3,DEVICE3-3,DEVICE3,3,Y,354144,433933,79789.0,,,0,,P4_DEVICE3-3,1,1,False,False,True,True,True,False,P4,True,validated,True,455662822c9e970a,211.539667,291.328667,,False,True,validated,True,c7496b6b1943774d,212.240367,292.029367,,False,False,,,,,,False,,,False,False,False,MISSING_NEEDLE_TIMING_RIGHT_GOPRO_AVAILABLE,RESOLVED,EPG,218.747,,,265,104200,HIGHEST_SCORE_MANUAL_FINAL_DECISION,P4_T07
P4,P4_T08,8,3,DEVICE2-3,DEVICE2,3,Y,442948,516966,74018.0,,,0,,P4_DEVICE2-3,1,1,False,False,True,True,True,False,P4,True,validated,True,455662822c9e970a,300.343667,374.361667,,False,True,validated,True,c7496b6b1943774d,301.044367,375.062367,,False,False,,,,,,False,,,False,False,False,MISSING_NEEDLE_TIMING_RIGHT_GOPRO_AVAILABLE,RESOLVED,EPG,320.097,,,266,104200,HIGHEST_SCORE_MANUAL_FINAL_DECISION,P4_T08
P4,P4_T09,9,3,DEVICE1-3,DEVICE1,3,Y,523058,638814,115756.0,542761,542761.0,1,19.703,P4_DEVICE1-3,1,1,False,False,True,True,True,False,P4,True,validated,True,455662822c9e970a,380.453667,496.209667,400.156667,True,True,validated,True,c7496b6b1943774d,381.154367,496.910367,400.857367,True,False,,,,,,False,,,True,True,True,READY_RIGHT_GOPRO_GRIP_REVIEW,RESOLVED,EPG,398.792,,,267,104200,HIGHEST_SCORE_MANUAL_FINAL_DECISION,P4_T09
P4,P4_T10,10,4,DEVICE3-4,DEVICE3,4,Y,649444,712133,62689.0,,,0,,P4_DEVICE3-4,1,1,False,False,True,True,True,False,P4,True,validated,True,455662822c9e970a,506.839667,569.528667,,False,True,validated,True,c7496b6b1943774d,507.540367,570.229367,,False,False,,,,,,False,,,False,False,False,MISSING_NEEDLE_TIMING_RIGHT_GOPRO_AVAILABLE,RESOLVED,IPG,514.848,,,268,104200,HIGHEST_SCORE_MANUAL_FINAL_DECISION,P4_T10
P4,P4_T11,11,4,DEVICE1-4,DEVICE1,4,Y,720090,850624,130534.0,742256,742256.0,1,22.166,P4_DEVICE1-4,1,1,False,False,True,True,True,False,P4,True,validated,True,455662822c9e970a,577.485667,708.019667,599.6516670000001,True,True,validated,True,c7496b6b1943774d,578.186367,708.720367,600.3523670000001,True,False,,,,,,False,,,True,True,True,READY_RIGHT_GOPRO_GRIP_REVIEW,RESOLVED,EPG,598.554,,,269,104200,HIGHEST_SCORE_MANUAL_FINAL_DECISION,P4_T11
P4,P4_T12,12,4,DEVICE2-4,DEVICE2,4,Y,854774,956668,101894.0,,,0,,P4_DEVICE2-4,1,1,False,False,True,True,True,False,P4,True,validated,True,455662822c9e970a,712.169667,814.063667,,False,True,validated,True,c7496b6b1943774d,712.870367,814.764367,,False,False,,,,,,False,,,False,False,False,MISSING_NEEDLE_TIMING_RIGHT_GOPRO_AVAILABLE,RESOLVED,EPG,730.588,,,270,104200,HIGHEST_SCORE_MANUAL_FINAL_DECISION,P4_T12
P4,P4_T13,13,5,DEVICE1-5,DEVICE1,5,Y,970074,1083368,113294.0,1003323,1003323.0,1,33.249,P4_DEVICE1-5,1,1,False,False,True,True,True,False,P4,True,validated,True,455662822c9e970a,827.469667,940.763667,860.718667,True,True,validated,True,c7496b6b1943774d,828.170367,941.464367,861.4193670000001,True,True,IPG,GoPro-local,860.718667,MST,PRIMARY_GOPRO_TRAINING,False,,,True,True,True,ALREADY_VERIFIED_GRIP,RESOLVED,IPG,,,,0,602000,HIGHEST_SCORE_MANUAL_FINAL_DECISION,P4_T13
P4,P4_T14,14,5,DEVICE3-5,DEVICE3,5,Y,1180664,1254106,73442.0,,,0,,P4_DEVICE3-5,1,1,False,False,True,True,True,False,P4,True,validated,True,455662822c9e970a,1038.059667,1111.501667,,False,True,validated,True,c7496b6b1943774d,1038.760367,1112.202367,,False,False,,,,,,False,,,False,False,False,MISSING_NEEDLE_TIMING_RIGHT_GOPRO_AVAILABLE,RESOLVED,IPG,1055.41,,,271,104200,HIGHEST_SCORE_MANUAL_FINAL_DECISION,P4_T14
P4,P4_T15,15,5,DEVICE2-5,DEVICE2,5,Y,1326164,1418854,92690.0,,,0,,P4_DEVICE2-5,1,1,False,False,True,True,True,False,P4,True,validated,True,455662822c9e970a,1183.559667,1276.249667,,False,True,validated,True,c7496b6b1943774d,1184.260367,1276.950367,,False,False,,,,,,False,,,False,False,False,MISSING_NEEDLE_TIMING_RIGHT_GOPRO_AVAILABLE,RESOLVED,IPG,1203.847,,,272,104200,HIGHEST_SCORE_MANUAL_FINAL_DECISION,P4_T15
P5,P5_T01,1,1,DEVICE2-1,DEVICE2,1,N,0,194968,194968.0,,,0,,P5_DEVICE2-1,1,1,False,False,True,True,True,False,P5,True,validated,True,0060c3f8464b5050,23.488633,218.456633,,False,True,validated,True,99f2b49c0723dc82,22.487633,217.455633,,False,False,,,,,,False,,,False,False,False,MISSING_NEEDLE_TIMING_RIGHT_GOPRO_AVAILABLE,RESOLVED,TC,40.172,,,273,104200,HIGHEST_SCORE_MANUAL_FINAL_DECISION,P5_T01
P5,P5_T02,2,1,DEVICE1-1,DEVICE1,1,N,213075,643125,430050.0,254863,254863.0,1,41.788,P5_DEVICE1-1,1,1,False,False,True,True,True,False,P5,True,validated,True,0060c3f8464b5050,236.563633,666.613633,278.351633,True,True,validated,True,99f2b49c0723dc82,235.562633,665.612633,277.350633,True,False,,,,,,False,,,True,True,True,READY_RIGHT_GOPRO_GRIP_REVIEW,RESOLVED,EPG,275.352,,,274,104200,HIGHEST_SCORE_MANUAL_FINAL_DECISION,P5_T02
P5,P5_T03,3,1,DEVICE3-1,DEVICE3,1,N,670282,785521,115239.0,,,0,,P5_DEVICE3-1,1,1,False,False,True,True,True,False,P5,True,validated,True,0060c3f8464b5050,693.770633,809.009633,,False,True,validated,True,99f2b49c0723dc82,692.769633,808.008633,,False,False,,,,,,False,,,False,False,False,MISSING_NEEDLE_TIMING_RIGHT_GOPRO_AVAILABLE,RESOLVED,TC,708.585,,,275,104200,HIGHEST_SCORE_MANUAL_FINAL_DECISION,P5_T03
P5,P5_T04,4,2,DEVICE3-2,DEVICE3,2,N,795725,884764,89039.0,,,0,,P5_DEVICE3-2,1,1,False,False,True,True,True,False,P5,True,validated,True,0060c3f8464b5050,819.213633,908.252633,,False,True,validated,True,99f2b49c0723dc82,818.212633,907.251633,,False,False,,,,,,False,,,False,False,False,MISSING_NEEDLE_TIMING_RIGHT_GOPRO_AVAILABLE,RESOLVED,TC,823.485,,,276,104200,HIGHEST_SCORE_MANUAL_FINAL_DECISION,P5_T04
P5,P5_T05,5,2,DEVICE2-2,DEVICE2,2,N,905856,1016562,110706.0,,,0,,P5_DEVICE2-2,1,1,False,False,True,True,True,False,P5,True,validated,True,0060c3f8464b5050,929.344633,1040.050633,,False,True,validated,True,99f2b49c0723dc82,928.343633,1039.049633,,False,False,,,,,,False,,,False,False,False,MISSING_NEEDLE_TIMING_RIGHT_GOPRO_AVAILABLE,RESOLVED,TC,934.683,,,277,104200,HIGHEST_SCORE_MANUAL_FINAL_DECISION,P5_T05
P5,P5_T06,6,2,DEVICE1-2,DEVICE1,2,N,1040582,1613017,572435.0,1119749/1212620/1300998,1119749.0,3,79.167,P5_DEVICE1-2,1,1,False,False,True,True,True,False,P5,True,validated,True,0060c3f8464b5050,1064.070633,1636.505633,1143.237633,True,True,validated,True,99f2b49c0723dc82,1063.069633,1635.504633,1142.236633,True,False,,,,,,False,,,True,True,True,READY_RIGHT_GOPRO_GRIP_REVIEW,RESOLVED,OTHER,1143.174,,,278,104200,HIGHEST_SCORE_MANUAL_FINAL_DECISION,P5_T06
P5,P5_T07,7,3,DEVICE3-3,DEVICE3,3,N,1615115,1753825,138710.0,,,0,,P5_DEVICE3-3,1,1,False,False,True,True,True,False,P5,True,validated,True,0060c3f8464b5050,1638.603633,1777.313633,,False,True,validated,True,99f2b49c0723dc82,1637.602633,1776.312633,,False,False,,,,,,False,,,False,False,False,MISSING_NEEDLE_TIMING_RIGHT_GOPRO_AVAILABLE,RESOLVED,TC,1641.673,,,279,104200,HIGHEST_SCORE_MANUAL_FINAL_DECISION,P5_T07
P5,P5_T08,8,3,DEVICE2-3,DEVICE2,3,N,1768888,1897111,128223.0,,,0,,P5_DEVICE2-3,1,1,False,False,True,True,True,False,P5,True,validated,True,0060c3f8464b5050,1792.376633,1920.599633,,False,True,validated,True,99f2b49c0723dc82,1791.375633,1919.598633,,False,False,,,,,,False,,,False,False,False,MISSING_NEEDLE_TIMING_RIGHT_GOPRO_AVAILABLE,RESOLVED,TC,1802.12,,,280,104200,HIGHEST_SCORE_MANUAL_FINAL_DECISION,P5_T08
P5,P5_T09,9,3,DEVICE1-3,DEVICE1,3,N,1923500,2271055,347555.0,1936409,1936409.0,1,12.909,P5_DEVICE1-3,1,1,False,False,True,True,True,False,P5,True,validated,True,0060c3f8464b5050,1946.988633,2294.543633,1959.897633,True,True,validated,True,99f2b49c0723dc82,1945.987633,2293.542633,1958.896633,True,False,,,,,,False,,,True,True,True,READY_RIGHT_GOPRO_GRIP_REVIEW,RESOLVED,IPG,1961.27,,,18,105200,HIGHEST_SCORE_MANUAL_FINAL_DECISION,P5_T09
P5,P5_T10,10,4,DEVICE3-4,DEVICE3,4,N,2282135,2365435,83300.0,,,0,,P5_DEVICE3-4,1,1,False,False,True,True,True,False,P5,True,validated,True,0060c3f8464b5050,2305.623633,2388.923633,,False,True,validated,True,99f2b49c0723dc82,2304.622633,2387.922633,,False,False,,,,,,False,,,False,False,False,MISSING_NEEDLE_TIMING_RIGHT_GOPRO_AVAILABLE,RESOLVED,TC,2313.765,,,282,104200,HIGHEST_SCORE_MANUAL_FINAL_DECISION,P5_T10
P5,P5_T11,11,4,DEVICE1-4,DEVICE1,4,Y,2396211,2773556,377345.0,2412099,2412099.0,1,15.888,P5_DEVICE1-4,1,1,False,False,True,True,True,False,P5,True,validated,True,0060c3f8464b5050,2419.699633,2797.044633,2435.587633,True,True,validated,True,99f2b49c0723dc82,2418.698633,2796.043633,2434.586633,True,False,,,,,,False,,,True,True,True,READY_RIGHT_GOPRO_GRIP_REVIEW,RESOLVED,EPG,2432.379,,,19,105200,HIGHEST_SCORE_MANUAL_FINAL_DECISION,P5_T11
P5,P5_T12,12,4,DEVICE2-4,DEVICE2,4,N,2787695,2882663,94968.0,,,0,,P5_DEVICE2-4,1,1,False,False,True,True,True,False,P5,True,validated,True,0060c3f8464b5050,2811.183633,2906.151633,,False,True,validated,True,99f2b49c0723dc82,2810.182633,2905.150633,,False,False,,,,,,False,,,False,False,False,MISSING_NEEDLE_TIMING_RIGHT_GOPRO_AVAILABLE,RESOLVED,TC,2819.592,,,284,104200,HIGHEST_SCORE_MANUAL_FINAL_DECISION,P5_T12
P5,P5_T13,13,5,DEVICE3-5,DEVICE3,5,Y,2931326,2977490,46164.0,,,0,,P5_DEVICE3-5,1,1,False,False,True,True,True,False,P5,True,validated,True,0060c3f8464b5050,2954.814633,3000.978633,,False,True,validated,True,99f2b49c0723dc82,2953.813633,2999.977633,,False,False,,,,,,False,,,False,False,False,MISSING_NEEDLE_TIMING_RIGHT_GOPRO_AVAILABLE,RESOLVED,IPG,2794.158,GOPRO_RIGHT,LOCATED,11,933200,HIGHEST_SCORE_MANUAL_FINAL_DECISION,P5_T13
P5,P5_T14,14,5,DEVICE2-5,DEVICE2,5,Y,3061250,3161056,99806.0,,,0,,P5_DEVICE2-5,1,1,False,False,True,True,True,False,P5,True,validated,True,b6ada0b7c1faff75,73.730633,173.536633,,False,True,validated,True,0ccfa943a5a9a9e1,72.729633,172.535633,,False,False,,,,,,False,,,False,False,False,MISSING_NEEDLE_TIMING_RIGHT_GOPRO_AVAILABLE,RESOLVED,TC,77.601,,,286,104200,HIGHEST_SCORE_MANUAL_FINAL_DECISION,P5_T14
P5,P5_T15,15,5,DEVICE1-5,DEVICE1,5,Y,3209580,3520393,310813.0,3225183,3225183.0,1,15.603,P5_DEVICE1-5,1,1,False,False,True,True,True,False,P5,True,validated,True,b6ada0b7c1faff75,222.060633,532.873633,237.663633,True,True,validated,True,0ccfa943a5a9a9e1,221.059633,531.872633,236.662633,True,False,,,,,,False,,,True,True,True,READY_RIGHT_GOPRO_GRIP_REVIEW,RESOLVED,OTHER,236.999,,,287,104200,HIGHEST_SCORE_MANUAL_FINAL_DECISION,P5_T15
P6,P6_T01,1,1,DEVICE3-1,DEVICE3,1,Y,93207,264782,171575.0,,,0,,P6_DEVICE3-1,1,1,False,False,True,True,True,False,P6,True,validated,True,a1c30d6c3981314e,1104.369933,1275.944933,,False,True,validated,True,ce0331813bf32e84,56.923533,228.498533,,False,False,,,,,,False,,,False,False,False,MISSING_NEEDLE_TIMING_RIGHT_GOPRO_AVAILABLE,RESOLVED,EPG,1118.25,,,288,104200,HIGHEST_SCORE_MANUAL_FINAL_DECISION,P6_T01
P6,P6_T02,2,1,DEVICE2-1,DEVICE2,1,N,324683,860597,535914.0,,,0,,P6_DEVICE2-1,1,1,False,False,True,True,True,False,P6,True,validated,True,a1c30d6c3981314e,1335.845933,1871.759933,,False,True,validated,True,ce0331813bf32e84,288.399533,824.313533,,False,False,,,,,,False,,,False,False,False,MISSING_NEEDLE_TIMING_RIGHT_GOPRO_AVAILABLE,RESOLVED,EPG,1348.659,,,289,104200,HIGHEST_SCORE_MANUAL_FINAL_DECISION,P6_T02
P6,P6_T03,3,1,DEVICE1-1,DEVICE1,1,Y,27128,333862,306734.0,120316,120316.0,1,93.188,P6_DEVICE1-1,1,1,False,False,True,True,True,False,P6,True,validated,True,a1c30d6c3981314e,83.762533,390.496533,176.950533,True,False,,False,,,,,False,False,,,,,,True,,"No visible insertion, only prepration stage",True,True,False,TIMING_REVIEW_REQUIRED_HINT_EXISTS,RESOLVED,TC,107.253,,,20,105200,HIGHEST_SCORE_MANUAL_FINAL_DECISION,P6_T03
P6,P6_T04,4,2,DEVICE1-2,DEVICE1,2,Y,353147,789826,436679.0,392846/580139,392846.0,2,39.699,P6_DEVICE1-2,1,1,False,False,True,True,True,False,P6,True,validated,True,a1c30d6c3981314e,409.781533,846.460533,449.480533,True,False,,False,,,,,False,False,,,,,,False,,,True,True,False,READY_RIGHT_GOPRO_GRIP_REVIEW,RESOLVED,IPG,446.481,,,291,104200,HIGHEST_SCORE_MANUAL_FINAL_DECISION,P6_T04
P6,P6_T05,5,2,DEVICE3-2,DEVICE3,2,Y,810416,884898,74482.0,,,0,,P6_DEVICE3-2,1,1,False,False,True,True,True,False,P6,True,validated,True,a1c30d6c3981314e,867.050533,941.532533,,False,False,,False,,,,,False,False,,,,,,False,,,False,False,False,MISSING_NEEDLE_TIMING_RIGHT_GOPRO_AVAILABLE,RESOLVED,TC,823.616,left,LOCATED,33,207200,HIGHEST_SCORE_MANUAL_FINAL_DECISION,P6_T05
P6,P6_T06,6,2,DEVICE2-2,DEVICE2,2,Y,894871,1168696,273825.0,,,0,,P6_DEVICE2-2,1,1,False,False,True,True,True,False,P6,True,validated,True,a1c30d6c3981314e,951.505533,1225.330533,,False,False,,False,,,,,False,False,,,,,,False,,,False,False,False,MISSING_NEEDLE_TIMING_RIGHT_GOPRO_AVAILABLE,RESOLVED,TC,897.938,left,LOCATED,34,207200,HIGHEST_SCORE_MANUAL_FINAL_DECISION,P6_T06
P6,P6_T07,7,3,DEVICE3-3,DEVICE3,3,Y,1185576,1268913,83337.0,,,0,,P6_DEVICE3-3,1,1,False,False,True,True,True,False,P6,True,validated,True,a1c30d6c3981314e,1242.210533,1325.547533,,False,False,,False,,,,,False,False,,,,,,False,,,False,False,False,MISSING_NEEDLE_TIMING_RIGHT_GOPRO_AVAILABLE,RESOLVED,IPG,1067.133,GOPRO_RIGHT,LOCATED,12,933200,HIGHEST_SCORE_MANUAL_FINAL_DECISION,P6_T07
P6,P6_T08,8,3,DEVICE2-3,DEVICE2,3,Y,1272560,1438779,166219.0,,,0,,P6_DEVICE2-3,1,1,False,False,True,True,True,False,P6,True,validated,True,a1c30d6c3981314e,1329.194533,1495.413533,,False,False,,False,,,,,False,False,,,,,,False,,,False,False,False,MISSING_NEEDLE_TIMING_RIGHT_GOPRO_AVAILABLE,RESOLVED,EPG,1338.537,,,295,104200,HIGHEST_SCORE_MANUAL_FINAL_DECISION,P6_T08
P6,P6_T09,9,3,DEVICE1-3,DEVICE1,3,Y,1444650,1823580,378930.0,1459354/1642444,1459354.0,2,14.704,P6_DEVICE1-3,1,1,False,False,True,True,True,False,P6,True,validated,True,a1c30d6c3981314e,1501.284533,1880.214533,1515.988533,True,False,,False,,,,,False,False,,,,,,False,,,True,True,False,READY_RIGHT_GOPRO_GRIP_REVIEW,RESOLVED,EPG,1507.557,,,21,105200,HIGHEST_SCORE_MANUAL_FINAL_DECISION,P6_T09
P6,P6_T10,10,4,DEVICE3-4,DEVICE3,4,Y,1829135,1950019,120884.0,,,0,,P6_DEVICE3-4,1,1,False,False,True,True,True,False,P6,True,validated,True,a1c30d6c3981314e,1885.769533,2006.653533,,False,False,,False,,,,,False,False,,,,,,False,,,False,False,False,MISSING_NEEDLE_TIMING_RIGHT_GOPRO_AVAILABLE,RESOLVED,IPG,1906.056,,,297,104200,HIGHEST_SCORE_MANUAL_FINAL_DECISION,P6_T10
P6,P6_T11,11,4,DEVICE1-4,DEVICE1,4,Y,1960221,2099686,139465.0,1981835,1981835.0,1,21.614,P6_DEVICE1-4,1,1,False,False,True,True,True,False,P6,True,validated,True,a1c30d6c3981314e,2016.855533,2156.320533,2038.469533,True,False,,False,,,,,False,False,,,,,,False,,,True,True,False,READY_RIGHT_GOPRO_GRIP_REVIEW,RESOLVED,TC,2036.075,,,22,105200,HIGHEST_SCORE_MANUAL_FINAL_DECISION,P6_T11
P6,P6_T12,12,4,DEVICE2-4,DEVICE2,4,N,2104337,2380547,276210.0,,,0,,P6_DEVICE2-4,1,1,False,False,True,True,True,False,P6,True,validated,True,a1c30d6c3981314e,2160.971533,2437.181533,,False,False,,False,,,,,False,False,,,,,,False,,,False,False,False,MISSING_NEEDLE_TIMING_RIGHT_GOPRO_AVAILABLE,RESOLVED,EPG,2169.246,,,299,104200,HIGHEST_SCORE_MANUAL_FINAL_DECISION,P6_T12
P6,P6_T13,13,5,DEVICE3-5,DEVICE3,5,Y,2414643,2495696,81053.0,,,0,,P6_DEVICE3-5,1,1,False,False,True,True,True,False,P6,True,validated,True,a1c30d6c3981314e,2471.277533,2552.330533,,False,False,,False,,,,,False,False,,,,,,False,,,False,False,False,MISSING_NEEDLE_TIMING_RIGHT_GOPRO_AVAILABLE,RESOLVED,EPG,2471.278,,,300,104200,HIGHEST_SCORE_MANUAL_FINAL_DECISION,P6_T13
P6,P6_T14,14,5,DEVICE1-5,DEVICE1,5,N,2675310,3542177,866867.0,2702439/2943355/3219318,2702439.0,3,27.129,P6_DEVICE1-5,1,1,False,False,True,True,True,False,P6,True,validated,True,a1c30d6c3981314e;e06a2445779ba6e0,2731.944533,587.803533,2759.073533,False,False,,False,,,,,False,False,,,,,,False,,,True,False,False,NEEDLE_KNOWN_NO_USABLE_GOPRO_MAPPING,RESOLVED,OTHER,2692.243,left,LOCATED,36,207200,HIGHEST_SCORE_MANUAL_FINAL_DECISION,P6_T14
P6,P6_T15,15,5,DEVICE2-5,DEVICE2,5,Y,3557821,3854556,296735.0,,,0,,P6_DEVICE2-5,1,1,False,False,True,True,True,False,P6,True,validated,True,e06a2445779ba6e0,603.447533,900.182533,,False,False,,False,,,,,False,False,,,,,,False,,,False,False,False,MISSING_NEEDLE_TIMING_RIGHT_GOPRO_AVAILABLE,RESOLVED,EPG,637.081,,,301,104200,HIGHEST_SCORE_MANUAL_FINAL_DECISION,P6_T15
P9,P9_T01,1,1,DEVICE2-1,DEVICE2,1,Y,12698,121623,108925.0,,,0,,P9_DEVICE2-1,1,1,False,False,True,True,True,False,P9,True,validated,True,56d3a75485e8fdbe,48.755133,157.680133,,False,True,validated,True,606e16ac19847254,50.256633,159.181633,,False,False,,,,,,False,,,False,False,False,MISSING_NEEDLE_TIMING_RIGHT_GOPRO_AVAILABLE,RESOLVED,TC,85.459,,,302,104200,HIGHEST_SCORE_MANUAL_FINAL_DECISION,P9_T01
P9,P9_T02,2,1,DEVICE3-1,DEVICE3,1,Y,131295,215313,84018.0,,,0,,P9_DEVICE3-1,1,1,False,False,True,True,True,False,P9,True,validated,True,56d3a75485e8fdbe,167.352133,251.370133,,False,True,validated,True,606e16ac19847254,168.853633,252.871633,,False,False,,,,,,False,,,False,False,False,MISSING_NEEDLE_TIMING_RIGHT_GOPRO_AVAILABLE,RESOLVED,EPG,197.249,,,303,104200,HIGHEST_SCORE_MANUAL_FINAL_DECISION,P9_T02
P9,P9_T03,3,1,DEVICE1-1,DEVICE1,1,Y,229571,395200,165629.0,266640,266640.0,1,37.069,P9_DEVICE1-1,1,1,False,False,True,True,True,False,P9,True,validated,True,56d3a75485e8fdbe,265.628133,431.257133,302.697133,True,True,validated,True,606e16ac19847254,267.129633,432.758633,304.19863300000003,True,True,IPG,GoPro-local,302.697133,MST,PRIMARY_GOPRO_TRAINING,False,,,True,True,True,ALREADY_VERIFIED_GRIP,RESOLVED,IPG,,,,1,602000,HIGHEST_SCORE_MANUAL_FINAL_DECISION,P9_T03
P9,P9_T04,4,2,DEVICE1-2,DEVICE1,2,Y,427144,537042,109898.0,440675,440675.0,1,13.531,P9_DEVICE1-2,1,1,False,False,True,True,True,False,P9,True,validated,True,56d3a75485e8fdbe,463.201133,573.099133,476.732133,True,True,validated,True,606e16ac19847254,464.702633,574.600633,478.233633,True,True,IPG,GoPro-local,476.732133,MST,PRIMARY_GOPRO_TRAINING,False,,,True,True,True,ALREADY_VERIFIED_GRIP,RESOLVED,IPG,,,,402,100000,HIGHEST_SCORE_MANUAL_FINAL_DECISION,P9_T04
P9,P9_T05,5,2,DEVICE2-2,DEVICE2,2,Y,556329,649422,93093.0,,,0,,P9_DEVICE2-2,1,1,False,False,True,True,True,False,P9,True,validated,True,56d3a75485e8fdbe,592.386133,685.479133,,False,True,validated,True,606e16ac19847254,593.887633,686.980633,,False,False,,,,,,False,,,False,False,False,MISSING_NEEDLE_TIMING_RIGHT_GOPRO_AVAILABLE,RESOLVED,TC,604.131,,,304,104200,HIGHEST_SCORE_MANUAL_FINAL_DECISION,P9_T05
P9,P9_T06,6,2,DEVICE3-2,DEVICE3,2,Y,685785,764907,79122.0,,,0,,P9_DEVICE3-2,1,1,False,False,True,True,True,False,P9,True,validated,True,56d3a75485e8fdbe,721.842133,800.964133,,False,True,validated,True,606e16ac19847254,723.343633,802.465633,,False,False,,,,,,False,,,False,False,False,MISSING_NEEDLE_TIMING_RIGHT_GOPRO_AVAILABLE,RESOLVED,TC,744.798,,,305,104200,HIGHEST_SCORE_MANUAL_FINAL_DECISION,P9_T06
P9,P9_T07,7,3,DEVICE3-3,DEVICE3,3,Y,778330,839221,60891.0,,,0,,P9_DEVICE3-3,1,1,False,False,True,True,True,False,P9,True,validated,True,56d3a75485e8fdbe,814.387133,875.278133,,False,True,validated,True,606e16ac19847254,815.888633,876.779633,,False,False,,,,,,False,,,False,False,False,MISSING_NEEDLE_TIMING_RIGHT_GOPRO_AVAILABLE,RESOLVED,IPG,820.927,,,306,104200,HIGHEST_SCORE_MANUAL_FINAL_DECISION,P9_T07
P9,P9_T08,8,3,DEVICE2-3,DEVICE2,3,Y,856301,912050,55749.0,,,0,,P9_DEVICE2-3,1,1,False,False,True,True,True,False,P9,True,validated,True,56d3a75485e8fdbe,892.358133,948.107133,,False,True,validated,True,606e16ac19847254,893.859633,949.608633,,False,False,,,,,,False,,,False,False,False,MISSING_NEEDLE_TIMING_RIGHT_GOPRO_AVAILABLE,RESOLVED,IPG,901.434,,,307,104200,HIGHEST_SCORE_MANUAL_FINAL_DECISION,P9_T08
P9,P9_T09,9,3,DEVICE1-3,DEVICE1,3,Y,932678,1110952,178274.0,943884,943884.0,1,11.206,P9_DEVICE1-3,1,1,False,False,True,True,True,False,P9,True,validated,True,56d3a75485e8fdbe,968.735133,1147.009133,979.941133,True,True,validated,True,606e16ac19847254,970.236633,1148.510633,981.442633,True,False,,,,,,False,,,True,True,True,READY_RIGHT_GOPRO_GRIP_REVIEW,RESOLVED,IPG,979.043,,,308,104200,HIGHEST_SCORE_MANUAL_FINAL_DECISION,P9_T09
P9,P9_T10,10,4,DEVICE3-4,DEVICE3,4,Y,1151905,1213945,62040.0,,,0,,P9_DEVICE3-4,1,1,False,False,True,True,True,False,P9,True,validated,True,56d3a75485e8fdbe,1187.962133,1250.002133,,False,True,validated,True,606e16ac19847254,1189.463633,1251.503633,,False,False,,,,,,False,,,False,False,False,MISSING_NEEDLE_TIMING_RIGHT_GOPRO_AVAILABLE,RESOLVED,IPG,1200.641,,,309,104200,HIGHEST_SCORE_MANUAL_FINAL_DECISION,P9_T10
P9,P9_T11,11,4,DEVICE1-4,DEVICE1,4,Y,1244043,1344216,100173.0,1258305,1258305.0,1,14.262,P9_DEVICE1-4,1,1,False,False,True,True,True,False,P9,True,validated,True,56d3a75485e8fdbe,1280.100133,1380.273133,1294.362133,True,True,validated,True,606e16ac19847254,1281.601633,1381.774633,1295.863633,True,True,TC,GoPro-local,1294.362133,MST,PRIMARY_GOPRO_TRAINING,False,,,True,True,True,ALREADY_VERIFIED_GRIP,RESOLVED,TC,,,,409,100000,HIGHEST_SCORE_MANUAL_FINAL_DECISION,P9_T11
P9,P9_T12,12,4,DEVICE2-4,DEVICE2,4,Y,1359879,1412110,52231.0,,,0,,P9_DEVICE2-4,1,1,False,False,True,True,True,False,P9,True,validated,True,56d3a75485e8fdbe,1395.936133,1448.167133,,False,True,validated,True,606e16ac19847254,1397.437633,1449.668633,,False,False,,,,,,False,,,False,False,False,MISSING_NEEDLE_TIMING_RIGHT_GOPRO_AVAILABLE,RESOLVED,TC,1400.607,,,310,104200,HIGHEST_SCORE_MANUAL_FINAL_DECISION,P9_T12
P9,P9_T13,13,5,DEVICE3-5,DEVICE3,5,Y,1434964,1520047,85083.0,,,0,,P9_DEVICE3-5,1,1,False,False,True,True,True,False,P9,True,validated,True,56d3a75485e8fdbe,1471.021133,1556.104133,,False,True,validated,True,606e16ac19847254,1472.522633,1557.605633,,False,False,,,,,,False,,,False,False,False,MISSING_NEEDLE_TIMING_RIGHT_GOPRO_AVAILABLE,RESOLVED,IPG,1493.577,,,311,104200,HIGHEST_SCORE_MANUAL_FINAL_DECISION,P9_T13
P9,P9_T14,14,5,DEVICE1-5,DEVICE1,5,Y,1614053,1766180,152127.0,1643256,1643256.0,1,29.203,P9_DEVICE1-5,1,1,False,False,True,True,True,False,P9,True,validated,True,56d3a75485e8fdbe,1650.110133,1802.237133,1679.313133,True,True,validated,True,606e16ac19847254,1651.611633,1803.738633,1680.814633,True,False,,,,,,False,,,True,True,True,READY_RIGHT_GOPRO_GRIP_REVIEW,RESOLVED,IPG,1677.614,,,312,104200,HIGHEST_SCORE_MANUAL_FINAL_DECISION,P9_T14
P9,P9_T15,15,5,DEVICE2-5,DEVICE2,5,Y,1828399,1907952,79553.0,,,0,,P9_DEVICE2-5,1,1,False,False,True,True,True,False,P9,True,validated,True,56d3a75485e8fdbe,1864.456133,1944.009133,,False,True,validated,True,606e16ac19847254,1865.957633,1945.510633,,False,False,,,,,,False,,,False,False,False,MISSING_NEEDLE_TIMING_RIGHT_GOPRO_AVAILABLE,RESOLVED,TC,1882.474,,,313,104200,HIGHEST_SCORE_MANUAL_FINAL_DECISION,P9_T15
