dataset,authoritative_device,hand,trajectory_point,normalized_time_0_1,n_participants,participant_mean_speed_mean,participant_mean_speed_sd,participant_mean_speed_se,ci95_low,ci95_high
GOPRO_PRIMARY,ATG,left,1,0.0,2,0.0391688285792865,0.0274630072493077,0.0194192786577608,-0.2075765018750498,0.2859141590336229
GOPRO_PRIMARY,ATG,left,2,0.0101010101010101,9,0.021931055712118,0.0165016008378185,0.0055005336126061,0.0092468024556187,0.0346153089686174
GOPRO_PRIMARY,ATG,left,3,0.0202020202020202,9,0.0145560506205164,0.0160018148355861,0.0053339382785287,0.0022559668933054,0.0268561343477274
GOPRO_PRIMARY,ATG,left,4,0.0303030303030303,9,0.0303861576583508,0.045554805222902,0.0151849350743006,-0.0046303654157932,0.065402680732495
GOPRO_PRIMARY,ATG,left,5,0.0404040404040404,9,0.0162986859916511,0.010838644304969,0.0036128814349896,0.0079673664625625,0.0246300055207397
GOPRO_PRIMARY,ATG,left,6,0.0505050505050505,10,0.0121176649233217,0.0077920504732785,0.0024640627138553,0.0065435678055898,0.0176917620410535
GOPRO_PRIMARY,ATG,left,7,0.0606060606060606,10,0.0209848417760889,0.0163855928217685,0.0051815794128893,0.0092632947926134,0.0327063887595643
GOPRO_PRIMARY,ATG,left,8,0.0707070707070707,10,0.1698718826031935,0.4737028556975521,0.1497979958130334,-0.1689947265980755,0.5087384918044626
GOPRO_PRIMARY,ATG,left,9,0.0808080808080808,10,0.0480676584965942,0.0608565400030716,0.0192445276926856,0.0045335123319168,0.0916018046612715
GOPRO_PRIMARY,ATG,left,10,0.0909090909090909,9,0.0268116650977379,0.0384362928871236,0.0128120976290412,-0.0027330850154705,0.0563564152109464
GOPRO_PRIMARY,ATG,left,11,0.101010101010101,10,0.0160855863009992,0.0144041003236555,0.004554976466832,0.0057815136601779,0.0263896589418205
GOPRO_PRIMARY,ATG,left,12,0.1111111111111111,10,0.1314734102693534,0.3795989828823551,0.120039738339151,-0.1400753436349794,0.4030221641736863
GOPRO_PRIMARY,ATG,left,13,0.1212121212121212,9,0.0098127313786183,0.0048398511483983,0.0016132837161327,0.0060924924579585,0.013532970299278
GOPRO_PRIMARY,ATG,left,14,0.1313131313131313,9,0.0555939463811618,0.0765133321050389,0.0255044440350129,-0.0032194070296613,0.1144072997919849
GOPRO_PRIMARY,ATG,left,15,0.1414141414141414,9,0.0164607476176574,0.0131889855567937,0.0043963285189312,0.006322795873286,0.0265986993620289
GOPRO_PRIMARY,ATG,left,16,0.1515151515151515,9,0.0293126710726828,0.0466222178012267,0.0155407392670755,-0.0065243379413232,0.0651496800866888
GOPRO_PRIMARY,ATG,left,17,0.1616161616161616,10,0.0187905036979706,0.0223236390963081,0.0070593545207916,0.0028211343040299,0.0347598730919113
GOPRO_PRIMARY,ATG,left,18,0.1717171717171717,10,0.0372556094393959,0.0721061084998011,0.0228019536070598,-0.0143259932386068,0.0888372121173987
GOPRO_PRIMARY,ATG,left,19,0.1818181818181818,10,0.0245867084628465,0.0276313165801103,0.0087377895142323,0.0048204553262028,0.0443529615994902
GOPRO_PRIMARY,ATG,left,20,0.1919191919191919,10,0.0148151170453824,0.0124075380391714,0.0039236080358961,0.0059392990229673,0.0236909350677974
GOPRO_PRIMARY,ATG,left,21,0.202020202020202,10,0.0142333320757664,0.0167873466666639,0.0053086251337493,0.0022243877048447,0.0262422764466881
GOPRO_PRIMARY,ATG,left,22,0.2121212121212121,10,0.0298952424981165,0.0537643054178601,0.0170017661937368,-0.0085654246772657,0.0683559096734988
GOPRO_PRIMARY,ATG,left,23,0.2222222222222222,10,0.0159800963354994,0.0120123121623681,0.0037986266398025,0.0073870058734739,0.0245731867975249
GOPRO_PRIMARY,ATG,left,24,0.2323232323232323,9,0.0169421286822294,0.0247376713143124,0.0082458904381041,-0.0020729287664792,0.035957186130938
GOPRO_PRIMARY,ATG,left,25,0.2424242424242424,10,0.0158699326367686,0.0140478139322858,0.0044423088172269,0.005820731926517,0.0259191333470202
GOPRO_PRIMARY,ATG,left,26,0.2525252525252525,10,0.0149801040074162,0.0121741358772592,0.0038497997916511,0.0062712518333936,0.0236889561814389
GOPRO_PRIMARY,ATG,left,27,0.2626262626262626,10,0.0149643318396187,0.0115152437574474,0.0036414398085569,0.0067268226937931,0.0232018409854443
GOPRO_PRIMARY,ATG,left,28,0.2727272727272727,10,0.0110999764077431,0.0050309397004008,0.0015909228224231,0.0075010589495393,0.0146988938659468
GOPRO_PRIMARY,ATG,left,29,0.2828282828282829,10,0.0127165669416363,0.0064253474857664,0.0020318732813058,0.008120150244432,0.0173129836388406
GOPRO_PRIMARY,ATG,left,30,0.2929292929292929,10,0.036345390944057,0.0474276397177535,0.0149979365553966,0.0024177013380734,0.0702730805500406
GOPRO_PRIMARY,ATG,left,31,0.303030303030303,10,0.0159043474329857,0.0102499535967124,0.0032413199276646,0.0085719723416987,0.0232367225242728
GOPRO_PRIMARY,ATG,left,32,0.3131313131313131,10,0.0156061741831283,0.0109762585611299,0.0034709977240093,0.0077542318197044,0.0234581165465522
GOPRO_PRIMARY,ATG,left,33,0.3232323232323232,10,0.0254434954168973,0.0352449771328153,0.0111454403820247,0.0002307576241597,0.0506562332096349
GOPRO_PRIMARY,ATG,left,34,0.3333333333333333,10,0.0169170207898943,0.0178258488510897,0.0056370283595339,0.004165176709478,0.0296688648703106
GOPRO_PRIMARY,ATG,left,35,0.3434343434343435,10,0.0265759146817,0.035422201874203,0.0112014837660766,0.0012363979463018,0.0519154314170981
GOPRO_PRIMARY,ATG,left,36,0.3535353535353536,10,0.0402038564654117,0.0617269993102631,0.0195197910948074,-0.0039529787760313,0.0843606917068549
GOPRO_PRIMARY,ATG,left,37,0.3636363636363636,10,0.031053611681707,0.0434438349211198,0.01373814686431,-2.4235650965563627e-05,0.0621314590143797
GOPRO_PRIMARY,ATG,left,38,0.3737373737373737,10,0.0510954026725667,0.0762046304260833,0.024098020039779,-0.0034181059696742,0.1056089113148076
GOPRO_PRIMARY,ATG,left,39,0.3838383838383838,10,0.0292885504486751,0.0224580907640994,0.0071018718713345,0.0132230001256605,0.0453541007716896
GOPRO_PRIMARY,ATG,left,40,0.393939393939394,10,0.0412999161777865,0.045519357763576,0.0143944848160968,0.008737329246263,0.07386250310931
GOPRO_PRIMARY,ATG,left,41,0.4040404040404041,10,0.0289282096519689,0.0423687350375162,0.0133981704298731,-0.0013805575543596,0.0592369768582974
GOPRO_PRIMARY,ATG,left,42,0.4141414141414142,10,0.0460999194220005,0.1046924386191495,0.0331066559833885,-0.0287925395471179,0.120992378391119
GOPRO_PRIMARY,ATG,left,43,0.4242424242424242,10,0.0798793121413655,0.144461037803462,0.0456825912610627,-0.0234618888950302,0.1832205131777614
GOPRO_PRIMARY,ATG,left,44,0.4343434343434343,10,0.0698547270318624,0.121009743504549,0.038266640854714,-0.0167104286738554,0.1564198827375804
GOPRO_PRIMARY,ATG,left,45,0.4444444444444445,10,0.0388851583977915,0.0655407192373192,0.0207257952275542,-0.0079998477309091,0.0857701645264922
GOPRO_PRIMARY,ATG,left,46,0.4545454545454546,10,0.014257302630935,0.0154959259826985,0.004900242055871,0.0031721849648014,0.0253424202970687
GOPRO_PRIMARY,ATG,left,47,0.4646464646464647,10,0.0497054800322981,0.0645249342364066,0.0204045758059622,0.0035471227189816,0.0958638373456145
GOPRO_PRIMARY,ATG,left,48,0.4747474747474748,10,0.0415880634433365,0.0495948609804258,0.0156832720937557,0.0061100371403338,0.0770660897463392
GOPRO_PRIMARY,ATG,left,49,0.4848484848484848,10,0.0213813915157036,0.0208763372840744,0.0066016775019568,0.0064473594681681,0.0363154235632391
GOPRO_PRIMARY,ATG,left,50,0.494949494949495,10,0.0369523531757724,0.0471493982269934,0.0149099488703604,0.0032237055417316,0.0706810008098132
GOPRO_PRIMARY,ATG,left,51,0.5050505050505051,10,0.0178047725918822,0.0145020483622852,0.0045859503562736,0.0074306321452009,0.0281789130385636
GOPRO_PRIMARY,ATG,left,52,0.5151515151515152,10,0.0206907798722793,0.021228435050173,0.0067130205919497,0.0055048722561882,0.0358766874883703
GOPRO_PRIMARY,ATG,left,53,0.5252525252525253,10,0.0238783449015701,0.0208516436075231,0.0065938686757863,0.0089619776460894,0.0387947121570508
GOPRO_PRIMARY,ATG,left,54,0.5353535353535354,10,0.0455871342691499,0.0828978054690721,0.026214587831183,-0.0137143833629635,0.1048886519012634
GOPRO_PRIMARY,ATG,left,55,0.5454545454545455,10,0.0172168568671753,0.0181153229055329,0.0057285680930903,0.0042579355228137,0.0301757782115368
GOPRO_PRIMARY,ATG,left,56,0.5555555555555556,10,0.0308871035959803,0.028282083818148,0.0089435801841139,0.0106553196214269,0.0511188875705337
GOPRO_PRIMARY,ATG,left,57,0.5656565656565657,10,0.0649062211718429,0.1179836250706768,0.0373096981826683,-0.0194941798139194,0.1493066221576052
GOPRO_PRIMARY,ATG,left,58,0.5757575757575758,10,0.0305608685291139,0.0193775513973786,0.0061277197892695,0.0166990033161976,0.0444227337420302
GOPRO_PRIMARY,ATG,left,59,0.5858585858585859,10,0.0535039742522305,0.0554858196320078,0.017546156787843,0.013811809995031,0.0931961385094299
GOPRO_PRIMARY,ATG,left,60,0.595959595959596,10,0.0349001793614513,0.0225627266315002,0.0071349606379279,0.0187597770480794,0.0510405816748233
GOPRO_PRIMARY,ATG,left,61,0.6060606060606061,10,0.0503059934619742,0.0549640228237933,0.0173811501488666,0.0109871001550444,0.089624886768904
GOPRO_PRIMARY,ATG,left,62,0.6161616161616162,10,0.1051881147909901,0.1479180525657714,0.046775795316435,-0.0006260856296662,0.2110023152116465
GOPRO_PRIMARY,ATG,left,63,0.6262626262626263,10,0.1115146960233638,0.2597860861379953,0.082151573661676,-0.074325074770541,0.2973544668172688
GOPRO_PRIMARY,ATG,left,64,0.6363636363636365,8,0.220252512395974,0.5075448134675963,0.1794441896794993,-0.2040655703275856,0.6445705951195336
GOPRO_PRIMARY,ATG,left,65,0.6464646464646465,8,0.0469583192351319,0.0376962565289077,0.0133276393084691,0.0154434601098444,0.0784731783604193
GOPRO_PRIMARY,ATG,left,66,0.6565656565656566,9,0.0730889402814707,0.0924617074258073,0.0308205691419357,0.0020165803908209,0.1441613001721204
GOPRO_PRIMARY,ATG,left,67,0.6666666666666667,7,0.032881721555892,0.0352934391211767,0.0133396661181188,0.00024073444115,0.0655227086706341
GOPRO_PRIMARY,ATG,left,68,0.6767676767676768,9,0.0380618682837543,0.0375507619650513,0.0125169206550171,0.0091977974932623,0.0669259390742462
GOPRO_PRIMARY,ATG,left,69,0.686868686868687,9,0.0987591698000789,0.1769064537239009,0.0589688179079669,-0.0372231681437943,0.2347415077439522
GOPRO_PRIMARY,ATG,left,70,0.696969696969697,8,0.0473670588715551,0.0460538592359691,0.0162824980827822,0.0088650690284953,0.085869048714615
GOPRO_PRIMARY,ATG,left,71,0.7070707070707072,8,0.0334367200530076,0.0271315026500111,0.0095924347538018,0.0107542162023463,0.0561192239036689
GOPRO_PRIMARY,ATG,left,72,0.7171717171717172,8,0.0450824902714618,0.0537093516595281,0.0189891233857926,0.0001803485969288,0.0899846319459948
GOPRO_PRIMARY,ATG,left,73,0.7272727272727273,8,0.0796768109823987,0.0781777711641896,0.0276400160641243,0.0143185586827563,0.1450350632820412
GOPRO_PRIMARY,ATG,left,74,0.7373737373737375,8,0.1846102136603218,0.3522130966308757,0.1245261345252024,-0.1098473039950773,0.4790677313157211
GOPRO_PRIMARY,ATG,left,75,0.7474747474747475,8,0.3214042466317685,0.7276844911850006,0.2572753191405981,-0.286955212344363,0.9297637056079
GOPRO_PRIMARY,ATG,left,76,0.7575757575757577,8,0.0729117711106519,0.1182136984838039,0.0417948539135198,-0.0259173540450345,0.1717408962663385
GOPRO_PRIMARY,ATG,left,77,0.7676767676767677,8,0.0631843712068068,0.0698052192258024,0.0246798719383892,0.0048257474950874,0.1215429949185262
GOPRO_PRIMARY,ATG,left,78,0.7777777777777778,8,0.0351080047503834,0.0222865306875124,0.007879478489131,0.0164759988250804,0.0537400106756864
GOPRO_PRIMARY,ATG,left,79,0.787878787878788,9,0.0708729639716508,0.0647647148553978,0.0215882382851326,0.0210903972143621,0.1206555307289395
GOPRO_PRIMARY,ATG,left,80,0.797979797979798,9,0.0570243622882443,0.0646077475590665,0.0215359158530221,0.0073624512757662,0.1066862733007224
GOPRO_PRIMARY,ATG,left,81,0.8080808080808082,9,0.0838856196736009,0.0744554187639722,0.024818472921324,0.026654118487575,0.1411171208596268
GOPRO_PRIMARY,ATG,left,82,0.8181818181818182,9,0.0819044595808845,0.1015042942894789,0.0338347647631596,0.0038813521233781,0.1599275670383909
GOPRO_PRIMARY,ATG,left,83,0.8282828282828284,10,0.0968004558989572,0.1263233344088991,0.0399469458359241,0.0064341862443095,0.1871667255536048
GOPRO_PRIMARY,ATG,left,84,0.8383838383838385,10,0.0505077437869584,0.0470102509418408,0.0148659466352292,0.0168786361242986,0.0841368514496182
GOPRO_PRIMARY,ATG,left,85,0.8484848484848485,10,0.1359534025681407,0.1581734390830392,0.0500188332844299,0.0228029405789583,0.249103864557323
GOPRO_PRIMARY,ATG,left,86,0.8585858585858587,10,0.0823718017988428,0.0814647557085146,0.025761417706811,0.0240954262095437,0.1406481773881419
GOPRO_PRIMARY,ATG,left,87,0.8686868686868687,10,0.1715672159202913,0.2409775532467978,0.0762037933234384,-0.000817740978719,0.3439521728193018
GOPRO_PRIMARY,ATG,left,88,0.8787878787878789,10,0.0578549815580546,0.050301329192823,0.0159066769583239,0.0218715783404648,0.0938383847756443
GOPRO_PRIMARY,ATG,left,89,0.888888888888889,10,0.0503570941768364,0.0374106492369136,0.0118302860334287,0.0235951278883641,0.0771190604653087
GOPRO_PRIMARY,ATG,left,90,0.8989898989898991,10,0.0946439595200672,0.1084545256298727,0.0342963323543505,0.0170602656269653,0.1722276534131691
GOPRO_PRIMARY,ATG,left,91,0.9090909090909092,10,0.0831707373998124,0.1142389194398953,0.0361255182866556,0.0014491374478569,0.1648923373517679
GOPRO_PRIMARY,ATG,left,92,0.9191919191919192,10,0.1445716985334675,0.1752372094503349,0.0554148712675041,0.0192145505701425,0.2699288464967924
GOPRO_PRIMARY,ATG,left,93,0.9292929292929294,10,0.0725834019981308,0.0507115326166337,0.0160363946706481,0.0363065569284653,0.1088602470677964
GOPRO_PRIMARY,ATG,left,94,0.9393939393939394,10,0.0701861611802435,0.0748197484653968,0.0236600819111541,0.0166633374125338,0.1237089849479532
GOPRO_PRIMARY,ATG,left,95,0.9494949494949496,10,0.1337391353866485,0.2617123198853232,0.0827607022564198,-0.0534785800209211,0.3209568507942182
GOPRO_PRIMARY,ATG,left,96,0.9595959595959596,9,0.0804171226698578,0.1691986102391623,0.0563995367463874,-0.0496404422909109,0.2104746876306266
GOPRO_PRIMARY,ATG,left,97,0.9696969696969696,9,0.0434013930370309,0.0358912801309126,0.0119637600436375,0.0158129129038123,0.0709898731702494
GOPRO_PRIMARY,ATG,left,98,0.97979797979798,9,0.0607730672895074,0.0603159686781777,0.0201053228927259,0.0144101095592664,0.1071360250197484
GOPRO_PRIMARY,ATG,left,99,0.98989898989899,10,0.0403999841895561,0.0209244071448502,0.0066168785266427,0.0254315650351456,0.0553684033439667
GOPRO_PRIMARY,ATG,right,1,0.0,3,0.1544910693384883,0.0707181009487348,0.0408291146193312,-0.0211824321316306,0.3301645708086074
GOPRO_PRIMARY,ATG,right,2,0.0101010101010101,16,0.1086049831749991,0.0958091097865992,0.0239522774466498,0.0575519122962158,0.1596580540537825
GOPRO_PRIMARY,ATG,right,3,0.0202020202020202,16,0.1074340579215009,0.1378184004440816,0.0344546001110204,0.0339958161724226,0.1808722996705791
GOPRO_PRIMARY,ATG,right,4,0.0303030303030303,16,0.0715807892176943,0.079489678125527,0.0198724195313817,0.0292237296383574,0.1139378487970312
GOPRO_PRIMARY,ATG,right,5,0.0404040404040404,15,0.0514337109249307,0.031719859774694,0.0081900325767616,0.0338678380806792,0.0689995837691822
GOPRO_PRIMARY,ATG,right,6,0.0505050505050505,16,0.0763404035654943,0.066200307833736,0.016550076958434,0.0410647495534608,0.1116160575775278
GOPRO_PRIMARY,ATG,right,7,0.0606060606060606,16,0.0372551352782012,0.0281343735322688,0.0070335933830672,0.0222633858582104,0.0522468846981921
GOPRO_PRIMARY,ATG,right,8,0.0707070707070707,16,0.0467123248375799,0.0474566934923189,0.0118641733730797,0.0214244378930867,0.0720002117820731
GOPRO_PRIMARY,ATG,right,9,0.0808080808080808,16,0.0607429410150382,0.1013502972071179,0.0253375743017794,0.0067371797839232,0.1147487022461531
GOPRO_PRIMARY,ATG,right,10,0.0909090909090909,16,0.0890395391730294,0.1333543206414529,0.0333385801603632,0.017980037640615,0.1600990407054437
GOPRO_PRIMARY,ATG,right,11,0.101010101010101,16,0.0392789521774765,0.0484506507264153,0.0121126626816038,0.0134614228092531,0.0650964815456999
GOPRO_PRIMARY,ATG,right,12,0.1111111111111111,16,0.0335269024210454,0.0370165305195976,0.0092541326298994,0.0138021856324964,0.0532516192095944
GOPRO_PRIMARY,ATG,right,13,0.1212121212121212,16,0.0327468682158974,0.0420531277240659,0.0105132819310164,0.0103383382216906,0.0551553982101043
GOPRO_PRIMARY,ATG,right,14,0.1313131313131313,16,0.0364881918463169,0.0485306871779629,0.0121326717944907,0.0106280140635237,0.0623483696291101
GOPRO_PRIMARY,ATG,right,15,0.1414141414141414,16,0.0453361691800791,0.0578490431680436,0.0144622607920109,0.0145105899871805,0.0761617483729777
GOPRO_PRIMARY,ATG,right,16,0.1515151515151515,16,0.0382185183323591,0.0348006791492051,0.0087001697873012,0.0196745453929229,0.0567624912717953
GOPRO_PRIMARY,ATG,right,17,0.1616161616161616,16,0.0284020221810164,0.0205992623934108,0.0051498155983527,0.0174254500641909,0.0393785942978419
GOPRO_PRIMARY,ATG,right,18,0.1717171717171717,16,0.0316007593634983,0.024440430587536,0.006110107646884,0.018577373196226,0.0446241455307705
GOPRO_PRIMARY,ATG,right,19,0.1818181818181818,16,0.0275720190499557,0.0187006567584527,0.0046751641896131,0.0176071424625873,0.037536895637324
GOPRO_PRIMARY,ATG,right,20,0.1919191919191919,16,0.0369616080722222,0.0536661324681542,0.0134165331170385,0.0083649446569226,0.0655582714875217
GOPRO_PRIMARY,ATG,right,21,0.202020202020202,16,0.0264418323489377,0.0211419567476701,0.0052854891869175,0.0151760788234213,0.0377075858744542
GOPRO_PRIMARY,ATG,right,22,0.2121212121212121,16,0.0384632254503155,0.0498595073326374,0.0124648768331593,0.0118949693888193,0.0650314815118116
GOPRO_PRIMARY,ATG,right,23,0.2222222222222222,16,0.0229579492867109,0.0157642729061242,0.003941068226531,0.0145577612062512,0.0313581373671706
GOPRO_PRIMARY,ATG,right,24,0.2323232323232323,16,0.0195700659210288,0.0131417656680441,0.003285441417011,0.0125673133057774,0.0265728185362803
GOPRO_PRIMARY,ATG,right,25,0.2424242424242424,16,0.0222528757179799,0.0096985669181611,0.0024246417295402,0.017084874205406,0.0274208772305538
GOPRO_PRIMARY,ATG,right,26,0.2525252525252525,16,0.0266794445734881,0.0276188196948577,0.0069047049237144,0.0119624144016126,0.0413964747453635
GOPRO_PRIMARY,ATG,right,27,0.2626262626262626,16,0.0299510404526719,0.0218302210317377,0.0054575552579344,0.0183185367782801,0.0415835441270636
GOPRO_PRIMARY,ATG,right,28,0.2727272727272727,16,0.0199009277092317,0.0156649868482868,0.0039162467120717,0.0115536454344865,0.0282482099839769
GOPRO_PRIMARY,ATG,right,29,0.2828282828282829,16,0.0271180217234109,0.0168971260784861,0.0042242815196215,0.018114178798097,0.0361218646487248
GOPRO_PRIMARY,ATG,right,30,0.2929292929292929,16,0.0278664651281374,0.01733539980902,0.004333849952255,0.0186290826168792,0.0371038476393956
GOPRO_PRIMARY,ATG,right,31,0.303030303030303,16,0.0239047600002241,0.0166617207803927,0.0041654301950981,0.015026355703821,0.0327831642966271
GOPRO_PRIMARY,ATG,right,32,0.3131313131313131,16,0.0481150955472769,0.0612260168662979,0.0153065042165744,0.0154900540907504,0.0807401370038034
GOPRO_PRIMARY,ATG,right,33,0.3232323232323232,16,0.0278893603084266,0.0259289271500449,0.0064822317875112,0.0140728103107226,0.0417059103061305
GOPRO_PRIMARY,ATG,right,34,0.3333333333333333,16,0.0371784813368648,0.0474498065186842,0.011862451629671,0.0118942642015776,0.062462698472152
GOPRO_PRIMARY,ATG,right,35,0.3434343434343435,16,0.0599522134992118,0.1232799547595425,0.0308199886898856,-0.0057390373880023,0.1256434643864259
GOPRO_PRIMARY,ATG,right,36,0.3535353535353536,16,0.0295182014055584,0.0191545117906735,0.0047886279476683,0.0193114825426458,0.039724920268471
GOPRO_PRIMARY,ATG,right,37,0.3636363636363636,16,0.0382836171054252,0.0402766030079204,0.0100691507519801,0.0168217303109444,0.0597455038999061
GOPRO_PRIMARY,ATG,right,38,0.3737373737373737,16,0.038012692594691,0.0400927312200436,0.0100231828050109,0.0166487841598879,0.0593766010294941
GOPRO_PRIMARY,ATG,right,39,0.3838383838383838,16,0.0443192983473265,0.0611891938380941,0.0152972984595235,0.0117138784974827,0.0769247181971702
GOPRO_PRIMARY,ATG,right,40,0.393939393939394,16,0.0711218619327797,0.1298834683172186,0.0324708670793046,0.0019118470526639,0.1403318768128955
GOPRO_PRIMARY,ATG,right,41,0.4040404040404041,16,0.0578229454333354,0.0899415715987519,0.0224853928996879,0.0098964649555624,0.1057494259111083
GOPRO_PRIMARY,ATG,right,42,0.4141414141414142,15,0.0282691653752357,0.0224198680087986,0.0057887850281497,0.0158534563076423,0.0406848744428291
GOPRO_PRIMARY,ATG,right,43,0.4242424242424242,15,0.0309783180466536,0.0260605015612976,0.0067287925693812,0.0165464933180846,0.0454101427752227
GOPRO_PRIMARY,ATG,right,44,0.4343434343434343,16,0.0968847357666584,0.1400092509025919,0.0350023127256479,0.0222790722140348,0.1714903993192819
GOPRO_PRIMARY,ATG,right,45,0.4444444444444445,16,0.0488290127353111,0.0521697160542466,0.0130424290135616,0.0210297333413594,0.0766282921292627
GOPRO_PRIMARY,ATG,right,46,0.4545454545454546,16,0.0324092641792406,0.0364079510903191,0.0091019877725797,0.0130088364776848,0.0518096918807964
GOPRO_PRIMARY,ATG,right,47,0.4646464646464647,16,0.0239415943555444,0.0152790805353376,0.0038197701338344,0.0157999470396403,0.0320832416714486
GOPRO_PRIMARY,ATG,right,48,0.4747474747474748,16,0.0414162027438539,0.0341360948844125,0.0085340237211031,0.0232263617617123,0.0596060437259955
GOPRO_PRIMARY,ATG,right,49,0.4848484848484848,16,0.0572889609562086,0.0702715410453601,0.01756788526134,0.0198438998994792,0.0947340220129381
GOPRO_PRIMARY,ATG,right,50,0.494949494949495,16,0.0507873978914278,0.0395774591750372,0.0098943647937593,0.0296980585481669,0.0718767372346887
GOPRO_PRIMARY,ATG,right,51,0.5050505050505051,16,0.0457172925505118,0.040158029256769,0.0100395073141922,0.0243185892480326,0.0671159958529909
GOPRO_PRIMARY,ATG,right,52,0.5151515151515152,16,0.0442876377833102,0.0602489498822873,0.0150622374705718,0.0121832385715464,0.076392036995074
GOPRO_PRIMARY,ATG,right,53,0.5252525252525253,16,0.0910521968738447,0.1646120055741382,0.0411530013935345,0.0033366507551747,0.1787677429925148
GOPRO_PRIMARY,ATG,right,54,0.5353535353535354,15,0.0607148541473029,0.0731523546332685,0.0188878567487005,0.0202044304293915,0.1012252778652142
GOPRO_PRIMARY,ATG,right,55,0.5454545454545455,15,0.0594858611180326,0.0863507313741823,0.0222956629696692,0.0116664199823841,0.1073053022536811
GOPRO_PRIMARY,ATG,right,56,0.5555555555555556,15,0.041203585530068,0.0645510014401179,0.0166669969039058,0.0054564324430035,0.0769507386171325
GOPRO_PRIMARY,ATG,right,57,0.5656565656565657,15,0.0475978917938907,0.0637198735135315,0.0164524005960233,0.0123110020112488,0.0828847815765325
GOPRO_PRIMARY,ATG,right,58,0.5757575757575758,15,0.2350370714589406,0.5222620001597446,0.1348474685983777,-0.054181984090274,0.5242561270081554
GOPRO_PRIMARY,ATG,right,59,0.5858585858585859,16,0.053862391658562,0.0560738183443019,0.0140184545860754,0.023982763001621,0.0837420203155029
GOPRO_PRIMARY,ATG,right,60,0.595959595959596,16,0.103654660352072,0.1505722840121055,0.0376430710030263,0.0234203537691971,0.183888966934947
GOPRO_PRIMARY,ATG,right,61,0.6060606060606061,16,0.0566724647848548,0.0617063872758252,0.0154265968189563,0.0237914520055564,0.0895534775641531
GOPRO_PRIMARY,ATG,right,62,0.6161616161616162,16,0.1746804249888065,0.5010493828586687,0.1252623457146671,-0.0923099448604723,0.4416707948380854
GOPRO_PRIMARY,ATG,right,63,0.6262626262626263,15,0.0732831343026246,0.0777681180505126,0.0200796417383685,0.0302165860040131,0.1163496826012361
GOPRO_PRIMARY,ATG,right,64,0.6363636363636365,15,0.0406622143606139,0.0216975723169787,0.0056022890824526,0.0286464993147022,0.0526779294065256
GOPRO_PRIMARY,ATG,right,65,0.6464646464646465,16,0.0521573646042731,0.0388509777321652,0.0097127444330413,0.0314551398963289,0.0728595893122172
GOPRO_PRIMARY,ATG,right,66,0.6565656565656566,16,0.0634114540674321,0.0993175044290352,0.0248293761072588,0.0104888916470826,0.1163340164877816
GOPRO_PRIMARY,ATG,right,67,0.6666666666666667,16,0.097472246771652,0.1796599685631954,0.0449149921407988,0.0017382071843254,0.1932062863589786
GOPRO_PRIMARY,ATG,right,68,0.6767676767676768,16,0.0659270795407348,0.0708587315662864,0.0177146828915716,0.028169126741759,0.1036850323397106
GOPRO_PRIMARY,ATG,right,69,0.686868686868687,16,0.0587910532208222,0.0479244328177725,0.0119811082044431,0.0332539255831593,0.084328180858485
GOPRO_PRIMARY,ATG,right,70,0.696969696969697,16,0.1181351650495799,0.2059473991187704,0.0514868497796926,0.0083935424843497,0.2278767876148102
GOPRO_PRIMARY,ATG,right,71,0.7070707070707072,16,0.0943028080542666,0.1439297939570904,0.0359824484892726,0.0176080345736785,0.1709975815348547
GOPRO_PRIMARY,ATG,right,72,0.7171717171717172,16,0.068291182064732,0.0822530984459734,0.0205632746114933,0.0244615997388436,0.1121207643906203
GOPRO_PRIMARY,ATG,right,73,0.7272727272727273,16,0.0738224111604328,0.0658602431865033,0.0164650607966258,0.0387279648078506,0.108916857513015
GOPRO_PRIMARY,ATG,right,74,0.7373737373737375,15,0.0673749399783706,0.0478739645925769,0.0123610045055982,0.0408632220654715,0.0938866578912697
GOPRO_PRIMARY,ATG,right,75,0.7474747474747475,16,0.0366855937605617,0.0262226772174566,0.0065556693043641,0.0227125154009345,0.0506586721201888
GOPRO_PRIMARY,ATG,right,76,0.7575757575757577,16,0.1188587643646152,0.1250784955552088,0.0312696238888022,0.0522091387370026,0.1855083899922278
GOPRO_PRIMARY,ATG,right,77,0.7676767676767677,16,0.252035600367149,0.5543928544811609,0.1385982136202902,-0.0433794990692152,0.5474506998035134
GOPRO_PRIMARY,ATG,right,78,0.7777777777777778,16,0.1692290087283359,0.2589068704337076,0.0647267176084269,0.0312672758962785,0.3071907415603934
GOPRO_PRIMARY,ATG,right,79,0.787878787878788,15,0.1255872188177174,0.1258879879934256,0.0325041387324064,0.0558727747622186,0.1953016628732163
GOPRO_PRIMARY,ATG,right,80,0.797979797979798,16,0.2500015073233996,0.480330080726676,0.120082520181669,-0.0059483257474913,0.5059513403942906
GOPRO_PRIMARY,ATG,right,81,0.8080808080808082,15,0.2140974117152835,0.2681909254061493,0.0692465991801314,0.0655782276101576,0.3626165958204095
GOPRO_PRIMARY,ATG,right,82,0.8181818181818182,15,0.1494603073566034,0.2217058181764627,0.0572441961036486,0.0266837175929415,0.2722368971202652
GOPRO_PRIMARY,ATG,right,83,0.8282828282828284,15,0.2699549678653447,0.5969499102999904,0.1541318040741249,-0.0606248736975935,0.600534809428283
GOPRO_PRIMARY,ATG,right,84,0.8383838383838385,13,0.0757858078148629,0.0829885258570493,0.0230168757886738,0.0256363435476432,0.1259352720820826
GOPRO_PRIMARY,ATG,right,85,0.8484848484848485,14,0.1650898528317066,0.188983132779095,0.0505078667670415,0.0559742405633914,0.2742054651000218
GOPRO_PRIMARY,ATG,right,86,0.8585858585858587,15,0.1825558387997634,0.3125950897634518,0.0807117051173374,0.0094464481049507,0.355665229494576
GOPRO_PRIMARY,ATG,right,87,0.8686868686868687,13,0.2007351056541269,0.3166412537274209,0.0878204827878014,0.009390711048495,0.3920795002597588
GOPRO_PRIMARY,ATG,right,88,0.8787878787878789,13,0.1447666391626275,0.1632534567957776,0.0452783622595324,0.0461135625652378,0.2434197157600171
GOPRO_PRIMARY,ATG,right,89,0.888888888888889,13,0.2056644776828591,0.3099812822379763,0.0859733390417768,0.0183446635693054,0.3929842917964128
GOPRO_PRIMARY,ATG,right,90,0.8989898989898991,14,0.1679729592541452,0.2831329456531861,0.0756704626815934,0.0044968634567933,0.3314490550514971
GOPRO_PRIMARY,ATG,right,91,0.9090909090909092,14,0.1478289399933796,0.1871138462241155,0.0500082789208675,0.0397926216490885,0.2558652583376707
GOPRO_PRIMARY,ATG,right,92,0.9191919191919192,13,0.2126915969355564,0.2463528760800714,0.0683259943511326,0.0638220438435381,0.3615611500275747
GOPRO_PRIMARY,ATG,right,93,0.9292929292929294,13,0.2532882245106934,0.4848094398326686,0.1344619457035123,-0.0396791878901375,0.5462556369115245
GOPRO_PRIMARY,ATG,right,94,0.9393939393939394,12,0.1098614982317029,0.093882431258645,0.0271015234796776,0.0502114472370573,0.1695115492263485
GOPRO_PRIMARY,ATG,right,95,0.9494949494949496,10,0.163033548949852,0.2663199683264407,0.0842177686295453,-0.027480279590356,0.3535473774900601
GOPRO_PRIMARY,ATG,right,96,0.9595959595959596,12,0.1213325404795882,0.1459087381624675,0.0421202246276096,0.0286265511344931,0.2140385298246834
GOPRO_PRIMARY,ATG,right,97,0.9696969696969696,12,0.1262343408996697,0.1521070934056204,0.0439095356616932,0.0295901045217683,0.2228785772775712
GOPRO_PRIMARY,ATG,right,98,0.97979797979798,13,0.2506770028315611,0.4309408394837635,0.1195214841115543,-0.0097379401715612,0.5110919458346834
GOPRO_PRIMARY,ATG,right,99,0.98989898989899,13,0.287147100473256,0.4704837875542026,0.1304887246385526,0.0028365931038634,0.5714576078426487
GOPRO_PRIMARY,CON,left,1,0.0,3,0.0632173543823308,0.0729138778549748,0.0420968470072292,-0.1179107593071695,0.2443454680718311
GOPRO_PRIMARY,CON,left,2,0.0101010101010101,12,0.0174981871707423,0.0159270293597478,0.0045977373441207,0.0073786355063334,0.0276177388351513
GOPRO_PRIMARY,CON,left,3,0.0202020202020202,12,0.0190711005535744,0.0202707243580368,0.0058516540823906,0.006191696756243,0.0319505043509059
GOPRO_PRIMARY,CON,left,4,0.0303030303030303,12,0.0186877987993661,0.0289959589740632,0.0083704123595433,0.0002646454121635,0.0371109521865687
GOPRO_PRIMARY,CON,left,5,0.0404040404040404,12,0.0207897975342661,0.0200812537487437,0.0057969586287511,0.0080307776187196,0.0335488174498127
GOPRO_PRIMARY,CON,left,6,0.0505050505050505,12,0.0149267239834956,0.0093079208785367,0.0026869653124094,0.0090127532052014,0.0208406947617898
GOPRO_PRIMARY,CON,left,7,0.0606060606060606,12,0.0245668241192596,0.0409781258882116,0.0118293660062226,-0.0014694349137289,0.0506030831522483
GOPRO_PRIMARY,CON,left,8,0.0707070707070707,12,0.0168038747523327,0.0200555078869068,0.0057895264386201,0.0040612129769715,0.0295465365276939
GOPRO_PRIMARY,CON,left,9,0.0808080808080808,12,0.0137477297915439,0.0185815630999227,0.0053640352288522,0.0019415678546315,0.0255538917284564
GOPRO_PRIMARY,CON,left,10,0.0909090909090909,12,0.0230587023292962,0.0457258515182819,0.0131999163415024,-0.0059941176528018,0.0521115223113942
GOPRO_PRIMARY,CON,left,11,0.101010101010101,13,0.1127644022788039,0.2547714414294663,0.0706608842767547,-0.0411924389390206,0.2667212434966284
GOPRO_PRIMARY,CON,left,12,0.1111111111111111,13,0.0313589981038925,0.0591123476896716,0.0163948154313974,-0.0043622360980623,0.0670802323058475
GOPRO_PRIMARY,CON,left,13,0.1212121212121212,13,0.0129595857643991,0.0082219736198258,0.002280365190138,0.0079910968317998,0.0179280746969984
GOPRO_PRIMARY,CON,left,14,0.1313131313131313,13,0.0120679059118857,0.0088070921993804,0.002442647885585,0.0067458333604136,0.0173899784633579
GOPRO_PRIMARY,CON,left,15,0.1414141414141414,13,0.0200735192200659,0.025033006678651,0.0069429068583775,0.0049462246818482,0.0352008137582836
GOPRO_PRIMARY,CON,left,16,0.1515151515151515,13,0.0134895795781205,0.0105538223466433,0.0029271036633046,0.0071119685627465,0.0198671905934946
GOPRO_PRIMARY,CON,left,17,0.1616161616161616,13,0.0101797350959271,0.0067741714124123,0.0018788171058642,0.0060861442810719,0.0142733259107823
GOPRO_PRIMARY,CON,left,18,0.1717171717171717,13,0.0173952949344264,0.0356244534585626,0.0098804456619406,-0.0041323468366396,0.0389229367054926
GOPRO_PRIMARY,CON,left,19,0.1818181818181818,13,0.0098272173899966,0.0093046847213927,0.0025806552203852,0.0042044526868735,0.0154499820931196
GOPRO_PRIMARY,CON,left,20,0.1919191919191919,13,0.0173371825483049,0.0158627116078658,0.0043995246207736,0.0077514418601263,0.0269229232364835
GOPRO_PRIMARY,CON,left,21,0.202020202020202,13,0.0250921911343202,0.0327347751710313,0.0090789931053799,0.0053107644758581,0.0448736177927823
GOPRO_PRIMARY,CON,left,22,0.2121212121212121,12,0.0102474238138855,0.0064962673786944,0.0018753108599085,0.0061198924406681,0.0143749551871028
GOPRO_PRIMARY,CON,left,23,0.2222222222222222,12,0.0115211291935558,0.0082597911693698,0.0023843963275428,0.006273108260857,0.0167691501262547
GOPRO_PRIMARY,CON,left,24,0.2323232323232323,12,0.0100280653617283,0.004072050477703,0.0011754997197278,0.0074408079229155,0.012615322800541
GOPRO_PRIMARY,CON,left,25,0.2424242424242424,12,0.0128911688943417,0.0062805688370003,0.001813044054353,0.0089006858361183,0.0168816519525652
GOPRO_PRIMARY,CON,left,26,0.2525252525252525,13,0.0535735963836642,0.1427285220850114,0.0395857696037464,-0.0326763863012294,0.1398235790685579
GOPRO_PRIMARY,CON,left,27,0.2626262626262626,13,0.0629320649521309,0.1605136983385895,0.0445184899826264,-0.0340653921794275,0.1599295220836894
GOPRO_PRIMARY,CON,left,28,0.2727272727272727,13,0.0378885243226156,0.0749711942128812,0.0207932680705625,-0.0074161149202358,0.0831931635654671
GOPRO_PRIMARY,CON,left,29,0.2828282828282829,11,0.0200080741974881,0.0271419192985712,0.0081835965821333,0.0017738847038546,0.0382422636911215
GOPRO_PRIMARY,CON,left,30,0.2929292929292929,11,0.0161415070124184,0.0142847509125229,0.0043070144545932,0.0065448807700728,0.0257381332547641
GOPRO_PRIMARY,CON,left,31,0.303030303030303,12,0.0107491288176854,0.0058621503072155,0.0016922570289504,0.0070244962099047,0.0144737614254661
GOPRO_PRIMARY,CON,left,32,0.3131313131313131,13,0.0133505182322855,0.007977100538908,0.0022124496171203,0.0085300046215113,0.0181710318430597
GOPRO_PRIMARY,CON,left,33,0.3232323232323232,13,0.0125523301454797,0.0119131164839077,0.0033041040256388,0.0053533059038627,0.0197513543870967
GOPRO_PRIMARY,CON,left,34,0.3333333333333333,13,0.018261906013305,0.0205590585533767,0.005702056906882,0.0058381912690978,0.0306856207575123
GOPRO_PRIMARY,CON,left,35,0.3434343434343435,13,0.0483657265246017,0.0787170209959639,0.0218321734963633,0.0007975068112043,0.095933946237999
GOPRO_PRIMARY,CON,left,36,0.3535353535353536,13,0.0155319629443328,0.0143177140531474,0.0039710193973888,0.0068798549344446,0.024184070954221
GOPRO_PRIMARY,CON,left,37,0.3636363636363636,13,0.0237133147464861,0.0217701512801949,0.0060379535934885,0.010557743992058,0.0368688855009142
GOPRO_PRIMARY,CON,left,38,0.3737373737373737,13,0.0283464798819671,0.0355790870085931,0.0098678632725905,0.0068462527822448,0.0498467069816895
GOPRO_PRIMARY,CON,left,39,0.3838383838383838,13,0.0232587059180535,0.0244903346763943,0.0067923967253087,0.0084593447887611,0.0380580670473458
GOPRO_PRIMARY,CON,left,40,0.393939393939394,13,0.0251567923764584,0.0337379890726462,0.0093572345794207,0.0047691296246106,0.0455444551283061
GOPRO_PRIMARY,CON,left,41,0.4040404040404041,13,0.0310329081856864,0.0525225229260785,0.0145671268866699,-0.0007061347663804,0.0627719511377533
GOPRO_PRIMARY,CON,left,42,0.4141414141414142,13,0.0441510458287935,0.0604582429352309,0.0167680996098026,0.0076164952698176,0.0806855963877695
GOPRO_PRIMARY,CON,left,43,0.4242424242424242,13,0.0288576240173142,0.0329564112061608,0.0091404638814683,0.008942264043261,0.0487729839913674
GOPRO_PRIMARY,CON,left,44,0.4343434343434343,13,0.0409298354494879,0.0547882816978343,0.0151955353043159,0.007821608174783,0.0740380627241927
GOPRO_PRIMARY,CON,left,45,0.4444444444444445,12,0.0682128675875358,0.1455591531610321,0.0420193081302679,-0.0242710060445018,0.1606967412195735
GOPRO_PRIMARY,CON,left,46,0.4545454545454546,12,0.0547566022570033,0.1452049608936076,0.0419170616297967,-0.0375022283448258,0.1470154328588326
GOPRO_PRIMARY,CON,left,47,0.4646464646464647,12,0.0171577424482277,0.0154912329384907,0.0044719337535584,0.0073150826197327,0.0270004022767226
GOPRO_PRIMARY,CON,left,48,0.4747474747474748,13,0.0593554292897769,0.0677676790988598,0.0187953724469329,0.0184038306640254,0.1003070279155284
GOPRO_PRIMARY,CON,left,49,0.4848484848484848,13,0.0934219113445807,0.1095675240219243,0.0303885635374369,0.0272109192340553,0.159632903455106
GOPRO_PRIMARY,CON,left,50,0.494949494949495,12,0.0930323462841485,0.1810751544685322,0.05227189458798,-0.02201731799387,0.2080820105621671
GOPRO_PRIMARY,CON,left,51,0.5050505050505051,12,0.0310588662625483,0.0298089455318797,0.0086051013635448,0.0121191658603018,0.0499985666647949
GOPRO_PRIMARY,CON,left,52,0.5151515151515152,12,0.0548928810319726,0.0932145547782291,0.0269087241468008,-0.0043328214921356,0.1141185835560808
GOPRO_PRIMARY,CON,left,53,0.5252525252525253,12,0.0573895110461904,0.0567781864184796,0.0163904506064039,0.0213143724942802,0.0934646495981006
GOPRO_PRIMARY,CON,left,54,0.5353535353535354,12,0.0319159811592744,0.0383429032968881,0.011068642769985,0.0075540626801816,0.0562778996383672
GOPRO_PRIMARY,CON,left,55,0.5454545454545455,12,0.069006509795877,0.0677354467283563,0.019553539201148,0.02596946018688,0.112043559404874
GOPRO_PRIMARY,CON,left,56,0.5555555555555556,12,0.0206774475161123,0.017363474736139,0.0050124034064885,0.0096452220020381,0.0317096730301864
GOPRO_PRIMARY,CON,left,57,0.5656565656565657,12,0.0291379098857594,0.0291142826933137,0.0084045694751237,0.0106395771940528,0.047636242577466
GOPRO_PRIMARY,CON,left,58,0.5757575757575758,12,0.0335934043079552,0.0496688366600497,0.0143381581080076,0.0020353310891828,0.0651514775267276
GOPRO_PRIMARY,CON,left,59,0.5858585858585859,12,0.023103798288749,0.0234288654110481,0.006763330875938,0.0082178073980197,0.0379897891794782
GOPRO_PRIMARY,CON,left,60,0.595959595959596,12,0.0218323723296002,0.0175058286165038,0.0050534974320629,0.0107096994750684,0.032955045184132
GOPRO_PRIMARY,CON,left,61,0.6060606060606061,12,0.0488459356465341,0.0779761833472985,0.0225097852229712,-0.0006977675860755,0.0983896388791438
GOPRO_PRIMARY,CON,left,62,0.6161616161616162,12,0.0303048079849936,0.0339047239687828,0.0097874507550883,0.0087627741179164,0.0518468418520708
GOPRO_PRIMARY,CON,left,63,0.6262626262626263,12,0.0197630852993002,0.0184463969228937,0.0053250161145056,0.0080428038540243,0.031483366744576
GOPRO_PRIMARY,CON,left,64,0.6363636363636365,13,0.0272680584028981,0.0229067282984368,0.0063531833410104,0.0134256610302765,0.0411104557755198
GOPRO_PRIMARY,CON,left,65,0.6464646464646465,13,0.077425741652399,0.1022425758135878,0.028356988433185,0.0156411714434503,0.1392103118613478
GOPRO_PRIMARY,CON,left,66,0.6565656565656566,13,0.0817028532886439,0.122047170109806,0.0338497946043216,0.0079504865231473,0.1554552200541405
GOPRO_PRIMARY,CON,left,67,0.6666666666666667,12,0.0261121853509387,0.021413914701234,0.0061816647085805,0.0125064330626906,0.0397179376391867
GOPRO_PRIMARY,CON,left,68,0.6767676767676768,13,0.1139960675083445,0.1853652647221423,0.0514110743573569,0.0019809591115593,0.2260111759051297
GOPRO_PRIMARY,CON,left,69,0.686868686868687,13,0.069046704325683,0.0660451169107047,0.018317619655043,0.0291360396123106,0.1089573690390554
GOPRO_PRIMARY,CON,left,70,0.696969696969697,12,0.0436804571104727,0.0522545269581014,0.0150845826028182,0.0104795146554933,0.0768813995654521
GOPRO_PRIMARY,CON,left,71,0.7070707070707072,12,0.0382752400227715,0.0426689940000633,0.0123174775859935,0.0111646546462383,0.0653858253993047
GOPRO_PRIMARY,CON,left,72,0.7171717171717172,12,0.0606185659811927,0.0642419878388705,0.0185450644860242,0.0198011542545107,0.1014359777078746
GOPRO_PRIMARY,CON,left,73,0.7272727272727273,12,0.045831157373588,0.0571655653030476,0.0165022772580458,0.0095098900209113,0.0821524247262646
GOPRO_PRIMARY,CON,left,74,0.7373737373737375,13,0.0716173852609881,0.1166383164078677,0.0323496484994123,0.0011335560752433,0.1421012144467328
GOPRO_PRIMARY,CON,left,75,0.7474747474747475,13,0.040786566036016,0.0372716082286143,0.0103372841990211,0.0182635585992725,0.0633095734727596
GOPRO_PRIMARY,CON,left,76,0.7575757575757577,12,0.0611359680997246,0.0582880834008499,0.016826320321014,0.0241014867742244,0.0981704494252249
GOPRO_PRIMARY,CON,left,77,0.7676767676767677,12,0.0425240775811677,0.0418405421459026,0.0120783241354883,0.0159398654001811,0.0691082897621543
GOPRO_PRIMARY,CON,left,78,0.7777777777777778,12,0.0721553983060634,0.0953439714563123,0.0275234337929549,0.0115767289730048,0.132734067639122
GOPRO_PRIMARY,CON,left,79,0.787878787878788,12,0.0304948051546718,0.0402612202027547,0.0116224131609816,0.0049140462628975,0.0560755640464461
GOPRO_PRIMARY,CON,left,80,0.797979797979798,13,0.0390598427841368,0.0462717335237266,0.0128334698326463,0.0110981140636197,0.067021571504654
GOPRO_PRIMARY,CON,left,81,0.8080808080808082,12,0.0748861987734722,0.1017774884340589,0.0293806301724239,0.0102198677698263,0.139552529777118
GOPRO_PRIMARY,CON,left,82,0.8181818181818182,12,0.0702925896522871,0.0776148932059563,0.0224054897427914,0.0209784392238177,0.1196067400807566
GOPRO_PRIMARY,CON,left,83,0.8282828282828284,12,0.0773494435173825,0.1201376850629626,0.0346807624054599,0.001017600122301,0.153681286912464
GOPRO_PRIMARY,CON,left,84,0.8383838383838385,12,0.0578780775100251,0.0831088858069413,0.0239914687963437,0.0050732107204709,0.1106829442995792
GOPRO_PRIMARY,CON,left,85,0.8484848484848485,12,0.0517862617648273,0.0804042747990163,0.0232107148496043,0.0006998228257294,0.1028727007039251
GOPRO_PRIMARY,CON,left,86,0.8585858585858587,12,0.0842062318019858,0.1024633646732357,0.0295786255880837,0.0191041158267067,0.1493083477772649
GOPRO_PRIMARY,CON,left,87,0.8686868686868687,13,0.0562449110169288,0.0509185884757396,0.0141222755095022,0.02547511595273,0.0870147060811275
GOPRO_PRIMARY,CON,left,88,0.8787878787878789,13,0.0934347467868321,0.1122845540815989,0.0311421320910626,0.0255818698436333,0.161287623730031
GOPRO_PRIMARY,CON,left,89,0.888888888888889,12,0.1146174297085781,0.1384785362842559,0.0399753101003502,0.0266323654076458,0.2026024940095104
GOPRO_PRIMARY,CON,left,90,0.8989898989898991,13,0.0486208540358301,0.0471888313267767,0.0130878269983011,0.0201049286594664,0.0771367794121938
GOPRO_PRIMARY,CON,left,91,0.9090909090909092,12,0.0949988640442184,0.1471391940813295,0.0424754266556,0.0015110803066818,0.1884866477817551
GOPRO_PRIMARY,CON,left,92,0.9191919191919192,12,0.1864580640902846,0.1937341708599396,0.0559262378486075,0.063365244525744,0.3095508836548253
GOPRO_PRIMARY,CON,left,93,0.9292929292929294,12,0.1441785497950675,0.2207215643864896,0.0637168273072475,0.0039387584436939,0.2844183411464411
GOPRO_PRIMARY,CON,left,94,0.9393939393939394,12,0.1527595761572547,0.2150135654723063,0.0620690699524286,0.0161464742912694,0.2893726780232399
GOPRO_PRIMARY,CON,left,95,0.9494949494949496,12,0.0563933856469598,0.0432290927120679,0.0124791641570678,0.028926930526906,0.0838598407670137
GOPRO_PRIMARY,CON,left,96,0.9595959595959596,13,0.0581686769777131,0.0700284374638076,0.0194223940012601,0.0158509157449157,0.1004864382105105
GOPRO_PRIMARY,CON,left,97,0.9696969696969696,13,0.0994659279320765,0.1112306675934259,0.0308498365701683,0.0322499082198565,0.1666819476442965
GOPRO_PRIMARY,CON,left,98,0.97979797979798,12,0.0856022972524619,0.0891620407547556,0.0257388641156272,0.0289514392963511,0.1422531552085727
GOPRO_PRIMARY,CON,left,99,0.98989898989899,13,0.0870299819630023,0.1193068700635012,0.033089772117621,0.0149335619423646,0.1591264019836399
GOPRO_PRIMARY,CON,right,1,0.0,4,0.1120627487033086,0.051623637046885,0.0258118185234425,0.0299180222107253,0.1942074751958918
GOPRO_PRIMARY,CON,right,2,0.0101010101010101,15,0.1516748951639838,0.2607395269805693,0.0673226563795829,0.0072821579657896,0.296067632362178
GOPRO_PRIMARY,CON,right,3,0.0202020202020202,15,0.0772755520626714,0.1204302728991365,0.0310949627545046,0.0105834898855098,0.143967614239833
GOPRO_PRIMARY,CON,right,4,0.0303030303030303,15,0.353648312399376,1.0261437354068104,0.2649491732030431,-0.2146111472613394,0.9219077720600914
GOPRO_PRIMARY,CON,right,5,0.0404040404040404,15,0.033586310861718,0.0314279986899053,0.0081146743687087,0.0161820652989236,0.0509905564245124
GOPRO_PRIMARY,CON,right,6,0.0505050505050505,15,0.0629916466060846,0.0799213481761337,0.020635603366174,0.0187326792091627,0.1072506140030065
GOPRO_PRIMARY,CON,right,7,0.0606060606060606,16,0.0486649457763403,0.0701275312248434,0.0175318828062108,0.0112966221362349,0.0860332694164457
GOPRO_PRIMARY,CON,right,8,0.0707070707070707,16,0.0791236077175104,0.0823897600268946,0.0205974400067236,0.0352212035754845,0.1230260118595363
GOPRO_PRIMARY,CON,right,9,0.0808080808080808,16,0.0604477039101945,0.0708860980863819,0.0177215245215954,0.0226751685220134,0.0982202392983756
GOPRO_PRIMARY,CON,right,10,0.0909090909090909,16,0.0518655419446434,0.0709727493903089,0.0177431873475772,0.014046833335868,0.0896842505534189
GOPRO_PRIMARY,CON,right,11,0.101010101010101,16,0.0453432932496228,0.0422652590590441,0.010566314764761,0.0228217264460314,0.0678648600532142
GOPRO_PRIMARY,CON,right,12,0.1111111111111111,16,0.0965636328035771,0.2281688011866051,0.0570422002966512,-0.0250189390964499,0.2181462047036042
GOPRO_PRIMARY,CON,right,13,0.1212121212121212,16,0.0679027394153813,0.1395114201751542,0.0348778550437885,-0.0064376488678014,0.1422431276985642
GOPRO_PRIMARY,CON,right,14,0.1313131313131313,16,0.0639228222813011,0.0876250249280569,0.0219062562320142,0.0172307423906583,0.1106149021719439
GOPRO_PRIMARY,CON,right,15,0.1414141414141414,16,0.0292575713492427,0.0280226760825399,0.0070056690206349,0.0143253412988681,0.0441898013996173
GOPRO_PRIMARY,CON,right,16,0.1515151515151515,16,0.0735150455241653,0.1494305567294167,0.0373576391823541,-0.0061108775342495,0.1531409685825803
GOPRO_PRIMARY,CON,right,17,0.1616161616161616,16,0.0452781524789443,0.0522580743083632,0.0130645185770908,0.0174317902948469,0.0731245146630418
GOPRO_PRIMARY,CON,right,18,0.1717171717171717,15,0.0330852847121417,0.0326933252933537,0.0084413802928867,0.0149803246323066,0.0511902447919768
GOPRO_PRIMARY,CON,right,19,0.1818181818181818,15,0.0368151708792025,0.0448295309626619,0.0115749351224452,0.0119894041150696,0.0616409376433354
GOPRO_PRIMARY,CON,right,20,0.1919191919191919,15,0.0344152116579792,0.03395375604136,0.0087668221126251,0.0156122482954774,0.053218175020481
GOPRO_PRIMARY,CON,right,21,0.202020202020202,15,0.0469320787300296,0.0879177778273574,0.0227002726240612,-0.0017551638061619,0.0956193212662211
GOPRO_PRIMARY,CON,right,22,0.2121212121212121,15,0.068891973725772,0.1157053993382241,0.0298750056468813,0.0048164593128716,0.1329674881386724
GOPRO_PRIMARY,CON,right,23,0.2222222222222222,16,0.0337462991554896,0.0371933114099869,0.0092983278524967,0.0139273824798196,0.0535652158311596
GOPRO_PRIMARY,CON,right,24,0.2323232323232323,16,0.0516086520704325,0.0654725509091676,0.0163681377272919,0.0167207923499364,0.0864965117909287
GOPRO_PRIMARY,CON,right,25,0.2424242424242424,16,0.0312755463261124,0.0296075083087728,0.0074018770771932,0.0154988187936396,0.0470522738585852
GOPRO_PRIMARY,CON,right,26,0.2525252525252525,16,0.0192850931012349,0.0085469909047514,0.0021367477261878,0.0147307231312759,0.0238394630711939
GOPRO_PRIMARY,CON,right,27,0.2626262626262626,16,0.0501679308819813,0.0816720012494876,0.0204180003123719,0.0066479933949368,0.0936878683690257
GOPRO_PRIMARY,CON,right,28,0.2727272727272727,16,0.033833945124859,0.0604126143550385,0.0151031535887596,0.0016423352715777,0.0660255549781402
GOPRO_PRIMARY,CON,right,29,0.2828282828282829,16,0.1157284244215873,0.383145681311147,0.0957864203277867,-0.0884354976568714,0.319892346500046
GOPRO_PRIMARY,CON,right,30,0.2929292929292929,15,0.035458092807593,0.0731492081663769,0.0188870443344424,-0.0050505884550325,0.0759667740702187
GOPRO_PRIMARY,CON,right,31,0.303030303030303,15,0.040752470258707,0.0719789360164777,0.0185848813646365,0.0008918641113029,0.080613076406111
GOPRO_PRIMARY,CON,right,32,0.3131313131313131,16,0.0380435914194235,0.0615432310948129,0.0153858077737032,0.0052495184320937,0.0708376644067534
GOPRO_PRIMARY,CON,right,33,0.3232323232323232,16,0.0308899227402775,0.0398151532483728,0.0099537883120932,0.0096739251658682,0.0521059203146868
GOPRO_PRIMARY,CON,right,34,0.3333333333333333,16,0.0397742834381739,0.0539731779824699,0.0134932944956174,0.0110140070173858,0.068534559858962
GOPRO_PRIMARY,CON,right,35,0.3434343434343435,16,0.0522563412350845,0.0812747261603989,0.0203186815400997,0.0089480967000651,0.0955645857701039
GOPRO_PRIMARY,CON,right,36,0.3535353535353536,16,0.0292488701394567,0.0308035044282205,0.0077008761070551,0.0128348412606619,0.0456628990182515
GOPRO_PRIMARY,CON,right,37,0.3636363636363636,16,0.0327468632837618,0.0312998745736613,0.0078249686434153,0.0160683374247347,0.0494253891427889
GOPRO_PRIMARY,CON,right,38,0.3737373737373737,16,0.0983555971598658,0.2831620467803619,0.0707905116950904,-0.0525308068225787,0.2492420011423104
GOPRO_PRIMARY,CON,right,39,0.3838383838383838,16,0.0358537110779274,0.0576610065715593,0.0144152516428898,0.00512832951456,0.0665790926412947
GOPRO_PRIMARY,CON,right,40,0.393939393939394,16,0.0238794889216102,0.0182700387678586,0.0045675096919646,0.0141440724643322,0.0336149053788882
GOPRO_PRIMARY,CON,right,41,0.4040404040404041,16,0.0328586419642068,0.0387872719710549,0.0096968179927637,0.0121903636601547,0.053526920268259
GOPRO_PRIMARY,CON,right,42,0.4141414141414142,16,0.0227313818096149,0.0275901728337646,0.0068975432084411,0.0080296164725041,0.0374331471467257
GOPRO_PRIMARY,CON,right,43,0.4242424242424242,16,0.0350969397306473,0.0324010666020809,0.0081002666505202,0.0178316300594829,0.0523622494018116
GOPRO_PRIMARY,CON,right,44,0.4343434343434343,16,0.0904812868745674,0.2124270600418891,0.0531067650104722,-0.0227131032731535,0.2036756770222883
GOPRO_PRIMARY,CON,right,45,0.4444444444444445,16,0.0478754522213828,0.0889492897281165,0.0222373224320291,0.0004777214291681,0.0952731830135975
GOPRO_PRIMARY,CON,right,46,0.4545454545454546,16,0.0335817830011392,0.0505424985196072,0.0126356246299018,0.0066495866258711,0.0605139793764074
GOPRO_PRIMARY,CON,right,47,0.4646464646464647,16,0.0279973291202836,0.0242545094579886,0.0060636273644971,0.0150730133297823,0.0409216449107849
GOPRO_PRIMARY,CON,right,48,0.4747474747474748,16,0.0246158333679047,0.0177647791051076,0.0044411947762769,0.0151496507802669,0.0340820159555426
GOPRO_PRIMARY,CON,right,49,0.4848484848484848,15,0.0225782282169698,0.0130867900039787,0.0033789946493815,0.0153310054744308,0.0298254509595089
GOPRO_PRIMARY,CON,right,50,0.494949494949495,15,0.0204779095109809,0.0116304548527066,0.0030029705302233,0.0140371782935484,0.0269186407284134
GOPRO_PRIMARY,CON,right,51,0.5050505050505051,16,0.0412287335476548,0.0467698897690424,0.0116924724422606,0.0163068184741282,0.0661506486211813
GOPRO_PRIMARY,CON,right,52,0.5151515151515152,16,0.033494672695998,0.0242520953561336,0.0060630238390334,0.0205716432895722,0.0464177021024239
GOPRO_PRIMARY,CON,right,53,0.5252525252525253,16,0.0379859513517184,0.0562601040178535,0.0140650260044633,0.0080070580662185,0.0679648446372184
GOPRO_PRIMARY,CON,right,54,0.5353535353535354,16,0.034165113391668,0.0554607211699749,0.0138651802924937,0.0046121811581279,0.0637180456252081
GOPRO_PRIMARY,CON,right,55,0.5454545454545455,16,0.0584755142796192,0.0682032124204678,0.0170508031051169,0.0221325877497884,0.0948184408094499
GOPRO_PRIMARY,CON,right,56,0.5555555555555556,16,0.0379491011862285,0.0368022557404753,0.0092005639351188,0.0183385633678257,0.0575596390046312
GOPRO_PRIMARY,CON,right,57,0.5656565656565657,16,0.0323338958191653,0.0320021986568347,0.0080005496642086,0.0152811278731592,0.0493866637651713
GOPRO_PRIMARY,CON,right,58,0.5757575757575758,15,0.0903834019568563,0.2598282572146263,0.0670873675377563,-0.0535046908655724,0.2342714947792851
GOPRO_PRIMARY,CON,right,59,0.5858585858585859,15,0.0537702927598946,0.092845585747595,0.0239726271579538,0.0023541211570983,0.105186464362691
GOPRO_PRIMARY,CON,right,60,0.595959595959596,15,0.0572733718151689,0.0912985799314571,0.0235731919737946,0.0067139034780433,0.1078328401522946
GOPRO_PRIMARY,CON,right,61,0.6060606060606061,15,0.0593548759089833,0.0785176224084012,0.020273162931436,0.0158732659316506,0.102836485886316
GOPRO_PRIMARY,CON,right,62,0.6161616161616162,15,0.0846949856198762,0.132386394538963,0.0341820200875898,0.0113818439698744,0.158008127269878
GOPRO_PRIMARY,CON,right,63,0.6262626262626263,16,0.0585935350404458,0.0746000377041361,0.018650009426034,0.0188419809246401,0.0983450891562516
GOPRO_PRIMARY,CON,right,64,0.6363636363636365,16,0.0717283525890969,0.1022275195600289,0.0255568798900072,0.0172551525616152,0.1262015526165786
GOPRO_PRIMARY,CON,right,65,0.6464646464646465,16,0.077982729206777,0.13396492914826,0.033491232287065,0.0065978573682754,0.1493676010452787
GOPRO_PRIMARY,CON,right,66,0.6565656565656566,16,0.0435237822298042,0.0438211792490426,0.0109552948122606,0.0201731240807378,0.0668744403788705
GOPRO_PRIMARY,CON,right,67,0.6666666666666667,16,0.080242045746967,0.119385812833393,0.0298464532083482,0.0166258366194619,0.143858254874472
GOPRO_PRIMARY,CON,right,68,0.6767676767676768,15,0.1096582363106702,0.146757385505016,0.0378925939995912,0.0283867051296728,0.1909297674916676
GOPRO_PRIMARY,CON,right,69,0.686868686868687,14,0.0693962800533256,0.1201645957746997,0.0321153391006507,1.5308068605932035e-05,0.1387772520380454
GOPRO_PRIMARY,CON,right,70,0.696969696969697,14,0.0928035368661652,0.1108469727565859,0.0296250996011578,0.0288024002432355,0.1568046734890949
GOPRO_PRIMARY,CON,right,71,0.7070707070707072,16,0.0953581320240393,0.1463850071073774,0.0365962517768443,0.0173550678050933,0.1733611962429853
GOPRO_PRIMARY,CON,right,72,0.7171717171717172,16,0.1698249425794456,0.2478755779240561,0.061968894481014,0.0377413705990465,0.3019085145598447
GOPRO_PRIMARY,CON,right,73,0.7272727272727273,15,0.081607190276914,0.1171342953176441,0.0302439450023318,0.0167403796457945,0.1464740009080335
GOPRO_PRIMARY,CON,right,74,0.7373737373737375,16,0.12437649477967,0.1544035939127289,0.0386008984781822,0.0421006272601494,0.2066523622991906
GOPRO_PRIMARY,CON,right,75,0.7474747474747475,16,0.0437649294531344,0.0403264142714644,0.0100816035678661,0.0222765001098924,0.0652533587963764
GOPRO_PRIMARY,CON,right,76,0.7575757575757577,15,0.1419520696390799,0.2202127233965302,0.0568586806891827,0.0200023282043515,0.2639018110738083
GOPRO_PRIMARY,CON,right,77,0.7676767676767677,15,0.0737938349600979,0.0465377021563211,0.0120159830281461,0.0480221145190837,0.0995655554011121
GOPRO_PRIMARY,CON,right,78,0.7777777777777778,15,0.0531066078162115,0.0622578573926719,0.0160749096568249,0.0186293555747719,0.0875838600576511
GOPRO_PRIMARY,CON,right,79,0.787878787878788,13,0.1117680522528321,0.1454246777076055,0.0403335486301997,0.0238887990313458,0.1996473054743184
GOPRO_PRIMARY,CON,right,80,0.797979797979798,14,0.0806626103594563,0.1132093664593025,0.0302564758760319,0.0152974682218542,0.1460277524970583
GOPRO_PRIMARY,CON,right,81,0.8080808080808082,15,0.243074043644361,0.5294332956605132,0.136699089134725,-0.0501163429822864,0.5362644302710086
GOPRO_PRIMARY,CON,right,82,0.8181818181818182,15,0.1458817181782367,0.2249093392012149,0.0580713416755213,0.0213310776030521,0.2704323587534213
GOPRO_PRIMARY,CON,right,83,0.8282828282828284,16,0.1643645505449233,0.1974770377441628,0.0493692594360407,0.0591364649553516,0.2695926361344949
GOPRO_PRIMARY,CON,right,84,0.8383838383838385,15,0.0835285614732769,0.0621400953132978,0.0160445036186762,0.049116523697691,0.1179405992488628
GOPRO_PRIMARY,CON,right,85,0.8484848484848485,15,0.1743300625538602,0.2705158807800212,0.0698469000763768,0.024523361077722,0.3241367640299983
GOPRO_PRIMARY,CON,right,86,0.8585858585858587,15,0.1428187406667297,0.1385100090179623,0.0357631305473071,0.0661144543505988,0.2195230269828607
GOPRO_PRIMARY,CON,right,87,0.8686868686868687,15,0.285572249811563,0.2446680059313968,0.0631730074881385,0.1500796243152717,0.4210648753078542
GOPRO_PRIMARY,CON,right,88,0.8787878787878789,15,0.1712100429118153,0.33379468288427,0.0861854165242242,-0.0136392911419919,0.3560593769656226
GOPRO_PRIMARY,CON,right,89,0.888888888888889,14,0.2149581491860039,0.3073931006373432,0.0821542618316472,0.0374746569300758,0.3924416414419319
GOPRO_PRIMARY,CON,right,90,0.8989898989898991,13,0.1666656885963367,0.2331510608919925,0.0646644696134542,0.0257739125789158,0.3075574646137575
GOPRO_PRIMARY,CON,right,91,0.9090909090909092,12,0.2412638909649129,0.2665551312621967,0.0769478383940526,0.0719028405584733,0.4106249413713525
GOPRO_PRIMARY,CON,right,92,0.9191919191919192,14,0.1686519631011232,0.2561547124260927,0.0684602265647174,0.0207526354163662,0.3165512907858802
GOPRO_PRIMARY,CON,right,93,0.9292929292929294,12,0.1746217745574088,0.2962603545263237,0.0855229977179935,-0.0136130742664459,0.3628566233812636
GOPRO_PRIMARY,CON,right,94,0.9393939393939394,12,0.8068699665695016,1.623066894143317,0.468539054123207,-0.2243775384790503,1.8381174716180533
GOPRO_PRIMARY,CON,right,95,0.9494949494949496,12,0.3459160865360682,0.6410440116590166,0.1850534663468654,-0.0613838467169,0.7532160197890365
GOPRO_PRIMARY,CON,right,96,0.9595959595959596,14,0.2316358662632111,0.1923896756947722,0.0514183036573134,0.1205533746734651,0.3427183578529571
GOPRO_PRIMARY,CON,right,97,0.9696969696969696,14,0.2792662284406854,0.4790616001935271,0.1280345982202754,0.0026642955027957,0.555868161378575
GOPRO_PRIMARY,CON,right,98,0.97979797979798,12,0.2559484401884792,0.2342954002057686,0.0676352561893458,0.1070842450167328,0.4048126353602255
GOPRO_PRIMARY,CON,right,99,0.98989898989899,12,0.189210240889603,0.1382635286177661,0.0399132427332874,0.101361785942502,0.277058695836704
GOPRO_PRIMARY,MST,left,1,0.0,2,0.0144210069483416,0.0126923029106308,0.0089748134569808,-0.0996148103050327,0.128456824201716
GOPRO_PRIMARY,MST,left,2,0.0101010101010101,9,0.0758351134345453,0.07522613496886,0.0250753783229533,0.018011187330006,0.1336590395390847
GOPRO_PRIMARY,MST,left,3,0.0202020202020202,9,0.1110271825747218,0.186242745843572,0.0620809152811906,-0.0321316647809633,0.254186029930407
GOPRO_PRIMARY,MST,left,4,0.0303030303030303,9,0.040544451216077,0.0392738430029015,0.0130912810009671,0.010355903092727,0.0707329993394271
GOPRO_PRIMARY,MST,left,5,0.0404040404040404,9,0.0318253590038656,0.0449118476364953,0.0149706158788317,-0.0026969431192735,0.0663476611270048
GOPRO_PRIMARY,MST,left,6,0.0505050505050505,9,0.0967124959846719,0.1503896135665581,0.0501298711888527,-0.0188871942740746,0.2123121862434184
GOPRO_PRIMARY,MST,left,7,0.0606060606060606,9,0.024924630692634,0.0265535202208459,0.0088511734069486,0.0045137882148013,0.0453354731704668
GOPRO_PRIMARY,MST,left,8,0.0707070707070707,9,0.0265519055818875,0.0328780910779791,0.0109593636926597,0.0012795675874078,0.0518242435763672
GOPRO_PRIMARY,MST,left,9,0.0808080808080808,9,0.0332009661857128,0.0589013839043368,0.0196337946347789,-0.0120746454318368,0.0784765778032625
GOPRO_PRIMARY,MST,left,10,0.0909090909090909,9,0.0426794599615527,0.0872445002837519,0.0290815000945839,-0.0243825995144982,0.1097415194376037
GOPRO_PRIMARY,MST,left,11,0.101010101010101,9,0.0212128611028196,0.01946735776084,0.0064891192536133,0.0062489252701543,0.0361767969354849
GOPRO_PRIMARY,MST,left,12,0.1111111111111111,9,0.0594383391013161,0.122696125715554,0.0408987085718513,-0.034874251989883,0.1537509301925154
GOPRO_PRIMARY,MST,left,13,0.1212121212121212,9,0.0210061710511493,0.0259788551317916,0.0086596183772638,0.0010370552638888,0.0409752868384098
GOPRO_PRIMARY,MST,left,14,0.1313131313131313,9,0.0357672635848569,0.0681000446592822,0.0227000148864274,-0.0165790646124408,0.0881135917821546
GOPRO_PRIMARY,MST,left,15,0.1414141414141414,9,0.0348199238627857,0.0524263169577255,0.0174754389859085,-0.0054785107032273,0.0751183584287988
GOPRO_PRIMARY,MST,left,16,0.1515151515151515,9,0.0440452726256029,0.0728524426263109,0.0242841475421036,-0.0119540720263961,0.100044617277602
GOPRO_PRIMARY,MST,left,17,0.1616161616161616,9,0.0200712717588301,0.0162716695173163,0.0054238898391054,0.0075637593609611,0.0325787841566991
GOPRO_PRIMARY,MST,left,18,0.1717171717171717,8,0.0730708989325627,0.0846316217835412,0.0299217968329785,0.0023170924900694,0.143824705375056
GOPRO_PRIMARY,MST,left,19,0.1818181818181818,8,0.0637270059933923,0.1330968816606224,0.0470568537885047,-0.0475447716785618,0.1749987836653464
GOPRO_PRIMARY,MST,left,20,0.1919191919191919,8,0.0163491880897986,0.0141813031066237,0.0050138477963777,0.0044933219966887,0.0282050541829084
GOPRO_PRIMARY,MST,left,21,0.202020202020202,8,0.0106794637997239,0.0049073060307017,0.0017349946858334,0.0065768532892176,0.0147820743102302
GOPRO_PRIMARY,MST,left,22,0.2121212121212121,9,0.0442255419651246,0.0875139527121996,0.0291713175707332,-0.02304363698234,0.1114947209125893
GOPRO_PRIMARY,MST,left,23,0.2222222222222222,9,0.0147162367047791,0.0115968413406345,0.0038656137802115,0.0058021153425091,0.0236303580670491
GOPRO_PRIMARY,MST,left,24,0.2323232323232323,9,0.0357140125391122,0.0322485056042762,0.010749501868092,0.0109256167799069,0.0605024082983174
GOPRO_PRIMARY,MST,left,25,0.2424242424242424,9,0.0188448381491895,0.0133307686907899,0.0044435895635966,0.0085979022403855,0.0290917740579934
GOPRO_PRIMARY,MST,left,26,0.2525252525252525,9,0.0415517084486322,0.0401593930536033,0.0133864643512011,0.0106824662989993,0.0724209505982652
GOPRO_PRIMARY,MST,left,27,0.2626262626262626,8,0.0376948735771728,0.0456530598855854,0.0161407941135065,-0.0004720396235907,0.0758617867779363
GOPRO_PRIMARY,MST,left,28,0.2727272727272727,9,0.0683546663456885,0.1556582493566465,0.0518860831188821,-0.0512948558860008,0.1880041885773779
GOPRO_PRIMARY,MST,left,29,0.2828282828282829,9,0.0412504765299347,0.0749477935343515,0.0249825978447838,-0.0163594974082795,0.098860450468149
GOPRO_PRIMARY,MST,left,30,0.2929292929292929,9,0.0279539225957649,0.0258994634432805,0.0086331544810935,0.0080458326625068,0.0478620125290229
GOPRO_PRIMARY,MST,left,31,0.303030303030303,9,0.0396348501180405,0.0699559609273161,0.0233186536424387,-0.0141380616088168,0.0934077618448979
GOPRO_PRIMARY,MST,left,32,0.3131313131313131,9,0.0274995394013843,0.0338472587122184,0.0112824195707394,0.0014822332161507,0.053516845586618
GOPRO_PRIMARY,MST,left,33,0.3232323232323232,9,0.0302629985623551,0.0464010086162829,0.0154670028720943,-0.005403974019909,0.0659299711446192
GOPRO_PRIMARY,MST,left,34,0.3333333333333333,9,0.029028517324549,0.0307672482196902,0.0102557494065634,0.0053787167833961,0.0526783178657019
GOPRO_PRIMARY,MST,left,35,0.3434343434343435,8,0.0465561798651841,0.1011645985942705,0.0357670868410118,-0.0380195410878976,0.1311319008182659
GOPRO_PRIMARY,MST,left,36,0.3535353535353536,9,0.0222000551233322,0.0305275440593183,0.0101758480197727,-0.0012654924894728,0.0456656027361374
GOPRO_PRIMARY,MST,left,37,0.3636363636363636,9,0.0140035222958932,0.008346464917592,0.0027821549725306,0.0075878614244586,0.0204191831673277
GOPRO_PRIMARY,MST,left,38,0.3737373737373737,9,0.0385255330835583,0.0537762309394367,0.0179254103131455,-0.0028105372237867,0.0798616033909035
GOPRO_PRIMARY,MST,left,39,0.3838383838383838,9,0.0188924912302173,0.0115964473208158,0.0038654824402719,0.0099786727383911,0.0278063097220435
GOPRO_PRIMARY,MST,left,40,0.393939393939394,9,0.0285229870354191,0.0233972783497787,0.0077990927832595,0.0105382468263815,0.0465077272444566
GOPRO_PRIMARY,MST,left,41,0.4040404040404041,8,0.0773205020069831,0.1215730441070558,0.0429825619487952,-0.0243171063727272,0.1789581103866934
GOPRO_PRIMARY,MST,left,42,0.4141414141414142,8,0.0301122484426531,0.0391181598723969,0.0138303580566556,-0.0025913516263265,0.0628158485116328
GOPRO_PRIMARY,MST,left,43,0.4242424242424242,8,0.0644704278802431,0.0301858147076752,0.0106722971377188,0.0392344552481888,0.0897064005122974
GOPRO_PRIMARY,MST,left,44,0.4343434343434343,7,0.0261728523284176,0.0188355909109428,0.0071191841924719,0.0087528361573741,0.0435928684994611
GOPRO_PRIMARY,MST,left,45,0.4444444444444445,6,0.0167362067164193,0.002983858286874,0.0012181550446027,0.0136048394857747,0.0198675739470639
GOPRO_PRIMARY,MST,left,46,0.4545454545454546,6,0.0378584458544093,0.0361872020178075,0.0147733633604403,-0.0001176936511937,0.0758345853600124
GOPRO_PRIMARY,MST,left,47,0.4646464646464647,8,0.0572822720590416,0.0756166058006777,0.0267345073659846,-0.0059347924129515,0.1204993365310347
GOPRO_PRIMARY,MST,left,48,0.4747474747474748,9,0.0313700680535474,0.0226314260739583,0.0075438086913194,0.0139740140161756,0.0487661220909192
GOPRO_PRIMARY,MST,left,49,0.4848484848484848,9,0.038927320979493,0.0403700412706285,0.0134566804235428,0.0078961602766823,0.0699584816823038
GOPRO_PRIMARY,MST,left,50,0.494949494949495,9,0.0629811568738316,0.07969002329543,0.0265633410984766,0.0017259824559056,0.1242363312917575
GOPRO_PRIMARY,MST,left,51,0.5050505050505051,9,0.0430494166019991,0.0361939767113972,0.012064658903799,0.0152282632800107,0.0708705699239875
GOPRO_PRIMARY,MST,left,52,0.5151515151515152,8,0.0350055370859719,0.0238277620818166,0.0084243860742761,0.0150850294699581,0.0549260447019857
GOPRO_PRIMARY,MST,left,53,0.5252525252525253,8,0.0326381082848826,0.0235160248304138,0.0083141703120684,0.0129782195330928,0.0522979970366723
GOPRO_PRIMARY,MST,left,54,0.5353535353535354,8,0.0266202078574179,0.0149522635604316,0.0052864234788348,0.0141198026951755,0.0391206130196603
GOPRO_PRIMARY,MST,left,55,0.5454545454545455,8,0.0566912649769389,0.0587481620636401,0.0207706118887231,0.0075765723844429,0.105805957569435
GOPRO_PRIMARY,MST,left,56,0.5555555555555556,8,0.0771737216286274,0.1180721717183338,0.0417448166457281,-0.0215370841901554,0.1758845274474104
GOPRO_PRIMARY,MST,left,57,0.5656565656565657,8,0.0441026770872962,0.0469089592603746,0.0165848215957072,0.0048858057337471,0.0833195484408452
GOPRO_PRIMARY,MST,left,58,0.5757575757575758,8,0.0528469232373965,0.0873871780303634,0.030896033087013,-0.0202105858781675,0.1259044323529606
GOPRO_PRIMARY,MST,left,59,0.5858585858585859,8,0.0511259643258028,0.064628873768984,0.0228497574512489,-0.0029051262864333,0.1051570549380391
GOPRO_PRIMARY,MST,left,60,0.595959595959596,8,0.045843604734234,0.0649989952912231,0.0229806151703681,-0.0084969152141396,0.1001841246826076
GOPRO_PRIMARY,MST,left,61,0.6060606060606061,8,0.0223030823105516,0.022524327312402,0.0079635522921324,0.003472273431748,0.0411338911893552
GOPRO_PRIMARY,MST,left,62,0.6161616161616162,9,0.0406903268694567,0.0230329192061409,0.0076776397353803,0.0229856578910618,0.0583949958478515
GOPRO_PRIMARY,MST,left,63,0.6262626262626263,9,0.0694636823930659,0.0769423102912326,0.0256474367637442,0.0103205871584844,0.1286067776276474
GOPRO_PRIMARY,MST,left,64,0.6363636363636365,9,0.0912415264287587,0.1197664863448822,0.0399221621149607,-0.0008191444946318,0.1833021973521492
GOPRO_PRIMARY,MST,left,65,0.6464646464646465,9,0.0441647362761927,0.0392325779671659,0.0130775259890553,0.0140079072671912,0.0743215652851942
GOPRO_PRIMARY,MST,left,66,0.6565656565656566,9,0.0920829603755693,0.1060766929034474,0.0353588976344824,0.0105451962141919,0.1736207245369467
GOPRO_PRIMARY,MST,left,67,0.6666666666666667,9,0.1040427818714445,0.141048938904804,0.047016312968268,-0.0043770302554346,0.2124625939983238
GOPRO_PRIMARY,MST,left,68,0.6767676767676768,9,0.0674408861492193,0.136308558548964,0.045436186182988,-0.0373351470766574,0.172216919375096
GOPRO_PRIMARY,MST,left,69,0.686868686868687,9,0.0494897305320665,0.06232541196186,0.02077513732062,0.0015821779612824,0.0973972831028507
GOPRO_PRIMARY,MST,left,70,0.696969696969697,9,0.0359423506044524,0.0325062370517717,0.0108354123505905,0.0109558449173483,0.0609288562915566
GOPRO_PRIMARY,MST,left,71,0.7070707070707072,9,0.0437919015445958,0.0341328596688078,0.0113776198896026,0.017555063030391,0.0700287400588006
GOPRO_PRIMARY,MST,left,72,0.7171717171717172,9,0.0521819460616378,0.0695595309623972,0.023186510320799,-0.0012862426190788,0.1056501347423546
GOPRO_PRIMARY,MST,left,73,0.7272727272727273,9,0.0582298068575882,0.0731332367989374,0.0243777455996458,0.0020146246978498,0.1144449890173266
GOPRO_PRIMARY,MST,left,74,0.7373737373737375,9,0.0669112722341751,0.1029185264207074,0.0343061754735691,-0.012198910270915,0.1460214547392653
GOPRO_PRIMARY,MST,left,75,0.7474747474747475,9,0.0336140912661346,0.0250035124775269,0.0083345041591756,0.0143946902101993,0.0528334923220699
GOPRO_PRIMARY,MST,left,76,0.7575757575757577,9,0.0506456002370573,0.0421263525148883,0.0140421175049627,0.0182644192035903,0.0830267812705243
GOPRO_PRIMARY,MST,left,77,0.7676767676767677,9,0.0346476256333369,0.0342510581005398,0.0114170193668466,0.0083199317616826,0.0609753195049912
GOPRO_PRIMARY,MST,left,78,0.7777777777777778,9,0.0937220831567372,0.1991092069064917,0.0663697356354972,-0.0593268016711267,0.2467709679846011
GOPRO_PRIMARY,MST,left,79,0.787878787878788,8,0.0391842406711397,0.0285061895553916,0.0100784599702032,0.01535246980689,0.0630160115353895
GOPRO_PRIMARY,MST,left,80,0.797979797979798,8,0.0514539816271159,0.0725290440203734,0.0256428894298918,-0.0091818165997186,0.1120897798539504
GOPRO_PRIMARY,MST,left,81,0.8080808080808082,8,0.0367347933992338,0.0363221892702331,0.0128418331702615,0.0063686832499247,0.067100903548543
GOPRO_PRIMARY,MST,left,82,0.8181818181818182,8,0.1555630959577944,0.2093652191242159,0.0740217830936702,-0.019470607491639,0.3305967994072279
GOPRO_PRIMARY,MST,left,83,0.8282828282828284,9,0.0837563599560823,0.1288278285812954,0.0429426095270984,-0.0152694751898645,0.1827821951020292
GOPRO_PRIMARY,MST,left,84,0.8383838383838385,9,0.0532958930140039,0.0362807500195155,0.0120935833398385,0.0254080398229001,0.0811837462051077
GOPRO_PRIMARY,MST,left,85,0.8484848484848485,9,0.0532864076259009,0.0533145389365922,0.017771512978864,0.0123052252078058,0.094267590043996
GOPRO_PRIMARY,MST,left,86,0.8585858585858587,8,0.0580996004622243,0.0685945968663881,0.0242518522984902,0.0007530823711679,0.1154461185532807
GOPRO_PRIMARY,MST,left,87,0.8686868686868687,7,0.0670798066183605,0.0742054373983945,0.0280470190407033,-0.0015487766616253,0.1357083898983465
GOPRO_PRIMARY,MST,left,88,0.8787878787878789,7,0.0682419991638473,0.0750368768027198,0.0283612735969983,-0.0011555373142129,0.1376395356419077
GOPRO_PRIMARY,MST,left,89,0.888888888888889,8,0.0383788714310853,0.0175086964759078,0.0061902590039257,0.023741234866762,0.0530165079954087
GOPRO_PRIMARY,MST,left,90,0.8989898989898991,8,0.0962172277380224,0.0883899409292182,0.0312505633098643,0.0223213878595816,0.1701130676164632
GOPRO_PRIMARY,MST,left,91,0.9090909090909092,9,0.0930750135569475,0.0759943228131899,0.0253314409377299,0.034660606003862,0.151489421110033
GOPRO_PRIMARY,MST,left,92,0.9191919191919192,9,0.1267267510110021,0.1363732269127782,0.0454577423042594,0.0219010092803345,0.2315524927416697
GOPRO_PRIMARY,MST,left,93,0.9292929292929294,9,0.1514170405873338,0.167191884147663,0.055730628049221,0.0229019818483049,0.2799320993263628
GOPRO_PRIMARY,MST,left,94,0.9393939393939394,9,0.0875205521411072,0.0957919271609569,0.0319306423869856,0.0138883587569929,0.1611527455252216
GOPRO_PRIMARY,MST,left,95,0.9494949494949496,8,0.0983223407166637,0.082524281074233,0.0291767393800674,0.0293303151961541,0.1673143662371734
GOPRO_PRIMARY,MST,left,96,0.9595959595959596,9,0.3376856880440341,0.7374315151171735,0.2458105050390578,-0.2291543530526577,0.904525729140726
GOPRO_PRIMARY,MST,left,97,0.9696969696969696,8,0.1448997517281749,0.2223407020212581,0.0786093090665045,-0.0409817268914343,0.3307812303477841
GOPRO_PRIMARY,MST,left,98,0.97979797979798,9,0.2587553734382501,0.4713890400105995,0.1571296800035332,-0.1035863184132047,0.621097065289705
GOPRO_PRIMARY,MST,left,99,0.98989898989899,9,0.0638931251176418,0.0531475858364121,0.0177158619454707,0.0230402742126802,0.1047459760226033
GOPRO_PRIMARY,MST,right,1,0.0,2,0.1813343005443687,0.2426541542220222,0.1715823979334781,-1.9988267767222028,2.36149537781094
GOPRO_PRIMARY,MST,right,2,0.0101010101010101,16,0.11202079327682,0.1479008494539279,0.0369752123634819,0.0332099936877001,0.1908315928659399
GOPRO_PRIMARY,MST,right,3,0.0202020202020202,16,0.0841866266301026,0.1000625325810672,0.0250156331452668,0.0308670667307336,0.1375061865294717
GOPRO_PRIMARY,MST,right,4,0.0303030303030303,16,0.072461614463719,0.0939044378876178,0.0234761094719044,0.0224234715983167,0.1224997573291213
GOPRO_PRIMARY,MST,right,5,0.0404040404040404,16,0.0517604374569345,0.0536980593205021,0.0134245148301255,0.023146761422903,0.0803741134909661
GOPRO_PRIMARY,MST,right,6,0.0505050505050505,16,0.1032650570605149,0.1730385343753,0.043259633593825,0.0110593306958742,0.1954707834251556
GOPRO_PRIMARY,MST,right,7,0.0606060606060606,16,0.0590643435402838,0.1143472655419291,0.0285868163854822,-0.0018670132535531,0.1199957003341207
GOPRO_PRIMARY,MST,right,8,0.0707070707070707,16,0.0438858822960062,0.0538720984400113,0.0134680246100028,0.0151794673614278,0.0725922972305846
GOPRO_PRIMARY,MST,right,9,0.0808080808080808,16,0.1043739807438745,0.1578709786357754,0.0394677446589438,0.0202504743262994,0.1884974871614497
GOPRO_PRIMARY,MST,right,10,0.0909090909090909,16,0.067357936694475,0.0813001257105053,0.0203250314276263,0.0240361576945726,0.1106797156943773
GOPRO_PRIMARY,MST,right,11,0.101010101010101,16,0.0311666567160442,0.0349554814567767,0.0087388703641941,0.0125401954495767,0.0497931179825117
GOPRO_PRIMARY,MST,right,12,0.1111111111111111,16,0.0549778519749481,0.1076856300010966,0.0269214075002741,-0.0024037698073407,0.112359473757237
GOPRO_PRIMARY,MST,right,13,0.1212121212121212,16,0.0322077607219727,0.0445948907260097,0.0111487226815024,0.0084448208289124,0.0559707006150331
GOPRO_PRIMARY,MST,right,14,0.1313131313131313,16,0.0349295032638608,0.0285506393837328,0.0071376598459332,0.0197159414288862,0.0501430650988354
GOPRO_PRIMARY,MST,right,15,0.1414141414141414,16,0.0327830482512604,0.0378403941047121,0.009460098526178,0.0126193255466875,0.0529467709558333
GOPRO_PRIMARY,MST,right,16,0.1515151515151515,16,0.0531331983647697,0.1356255168467353,0.0339063792116838,-0.0191365381975511,0.1254029349270906
GOPRO_PRIMARY,MST,right,17,0.1616161616161616,16,0.0387023443598763,0.0624188067478324,0.0156047016869581,0.0054417100406136,0.071962978679139
GOPRO_PRIMARY,MST,right,18,0.1717171717171717,16,0.11118836255994,0.168558504753417,0.0421396261883542,0.0213698754707136,0.2010068496491665
GOPRO_PRIMARY,MST,right,19,0.1818181818181818,16,0.0475669559384977,0.1000920437020648,0.0250230109255162,-0.005768329327231,0.1009022412042266
GOPRO_PRIMARY,MST,right,20,0.1919191919191919,16,0.0464587268489094,0.0571558001783064,0.0142889500445766,0.0160025507698703,0.0769149029279486
GOPRO_PRIMARY,MST,right,21,0.202020202020202,16,0.0573391691410536,0.0581840581051218,0.0145460145262804,0.0263350730893072,0.0883432651928
GOPRO_PRIMARY,MST,right,22,0.2121212121212121,16,0.0708590223062901,0.0823550683564702,0.0205887670891175,0.0269751040505544,0.1147429405620258
GOPRO_PRIMARY,MST,right,23,0.2222222222222222,16,0.1260518686051157,0.2200459155453314,0.0550114788863328,0.0087976769322703,0.2433060602779611
GOPRO_PRIMARY,MST,right,24,0.2323232323232323,15,0.0545179006936524,0.0495872135157997,0.0128033634754349,0.0270574171509666,0.0819783842363383
GOPRO_PRIMARY,MST,right,25,0.2424242424242424,15,0.0384460862617682,0.0429221770567985,0.0110824584615964,0.0146765768839341,0.0622155956396023
GOPRO_PRIMARY,MST,right,26,0.2525252525252525,15,0.0548252203357959,0.0537303702861115,0.0138731219535778,0.0250703330499019,0.08458010762169
GOPRO_PRIMARY,MST,right,27,0.2626262626262626,15,0.0644446898458482,0.0586438373162907,0.0151417736855794,0.0319688152135533,0.096920564478143
GOPRO_PRIMARY,MST,right,28,0.2727272727272727,15,0.0508213729083322,0.0561981353059513,0.0145102961418573,0.0196998829055315,0.081942862911133
GOPRO_PRIMARY,MST,right,29,0.2828282828282829,15,0.061540795127595,0.0742791000554506,0.0191787811657356,0.0204064005928365,0.1026751896623535
GOPRO_PRIMARY,MST,right,30,0.2929292929292929,15,0.0555556707462141,0.0962158198352947,0.0248428178575859,0.002273125714897,0.1088382157775312
GOPRO_PRIMARY,MST,right,31,0.303030303030303,16,0.0664038903110997,0.0622078089144584,0.0155519522286146,0.0332556888008517,0.0995520918213477
GOPRO_PRIMARY,MST,right,32,0.3131313131313131,15,0.0896211565118207,0.0767160015102702,0.0198079864157933,0.0471372509327705,0.1321050620908709
GOPRO_PRIMARY,MST,right,33,0.3232323232323232,16,0.0492096245131525,0.0413648565949377,0.0103412141487344,0.0271678483152961,0.0712514007110088
GOPRO_PRIMARY,MST,right,34,0.3333333333333333,16,0.2136850809643782,0.3483224369799647,0.0870806092449911,0.0280771559620733,0.399293005966683
GOPRO_PRIMARY,MST,right,35,0.3434343434343435,16,0.0982315066532654,0.0808478359753934,0.0202119589938483,0.0551507358409545,0.1413122774655763
GOPRO_PRIMARY,MST,right,36,0.3535353535353536,16,0.1101809273327435,0.1476480818091075,0.0369120204522768,0.0315048181140448,0.1888570365514422
GOPRO_PRIMARY,MST,right,37,0.3636363636363636,16,0.1092285172833762,0.1367363327658409,0.0341840831914602,0.0363668686995607,0.1820901658671916
GOPRO_PRIMARY,MST,right,38,0.3737373737373737,16,0.2019238706768225,0.344795012504092,0.086198753126023,0.0181955774985415,0.3856521638551036
GOPRO_PRIMARY,MST,right,39,0.3838383838383838,15,0.095171300563998,0.1243393172583823,0.0321042736680343,0.0263144817755278,0.1640281193524682
GOPRO_PRIMARY,MST,right,40,0.393939393939394,16,0.2011017510214487,0.3651511869105293,0.0912877967276323,0.0065264181711836,0.3956770838717138
GOPRO_PRIMARY,MST,right,41,0.4040404040404041,16,0.085583114407583,0.0583334542638317,0.0145833635659579,0.054499410762189,0.1166668180529771
GOPRO_PRIMARY,MST,right,42,0.4141414141414142,16,0.1959579463543547,0.2716495461655352,0.0679123865413838,0.0512061209228424,0.3407097717858671
GOPRO_PRIMARY,MST,right,43,0.4242424242424242,16,0.0809688121562797,0.076130057278164,0.019032514319541,0.0404019681590341,0.1215356561535253
GOPRO_PRIMARY,MST,right,44,0.4343434343434343,16,0.0820181096511933,0.0816232116694931,0.0204058029173732,0.0385241702961756,0.1255120490062109
GOPRO_PRIMARY,MST,right,45,0.4444444444444445,16,0.1170273321268716,0.1114536292357269,0.0278634073089317,0.0576378852805022,0.1764167789732411
GOPRO_PRIMARY,MST,right,46,0.4545454545454546,16,0.0724098357764361,0.0515107525843096,0.0128776881460774,0.0449616932296189,0.0998579783232533
GOPRO_PRIMARY,MST,right,47,0.4646464646464647,15,0.0546159184236418,0.0287452406822861,0.0074219892296812,0.0386973347259522,0.0705345021213314
GOPRO_PRIMARY,MST,right,48,0.4747474747474748,15,0.0794987098152886,0.0651347736294691,0.0168177262350615,0.0434282744652825,0.1155691451652947
GOPRO_PRIMARY,MST,right,49,0.4848484848484848,15,0.1169386500469618,0.1535759127918716,0.039653130174768,0.0318911443138474,0.2019861557800761
GOPRO_PRIMARY,MST,right,50,0.494949494949495,15,0.1682935023485289,0.3115279831197057,0.0804361793666803,-0.0042249443840958,0.3408119490811537
GOPRO_PRIMARY,MST,right,51,0.5050505050505051,15,0.0710206209690165,0.0504832905717883,0.013034729576419,0.0430639064929044,0.0989773354451286
GOPRO_PRIMARY,MST,right,52,0.5151515151515152,16,0.1190225675416521,0.1197691744273532,0.0299422936068383,0.0552020794403392,0.182843055642965
GOPRO_PRIMARY,MST,right,53,0.5252525252525253,15,0.1156141414848537,0.0980510656067355,0.0253166762781851,0.0613152712210777,0.1699130117486298
GOPRO_PRIMARY,MST,right,54,0.5353535353535354,15,0.154137765837663,0.1150336473641195,0.0297015600329821,0.0904342552685314,0.2178412764067945
GOPRO_PRIMARY,MST,right,55,0.5454545454545455,16,0.1364990233916507,0.14753328042268,0.03688332010567,0.0578840875136846,0.2151139592696168
GOPRO_PRIMARY,MST,right,56,0.5555555555555556,16,0.2053633553716479,0.3422313089392879,0.0855578272348219,0.0230011633929048,0.387725547350391
GOPRO_PRIMARY,MST,right,57,0.5656565656565657,15,0.1000412683049605,0.0619617538355262,0.0159984560471197,0.0657279927478599,0.1343545438620611
GOPRO_PRIMARY,MST,right,58,0.5757575757575758,16,0.1653895911707381,0.2238309342460852,0.0559577335615213,0.0461185054004785,0.2846606769409976
GOPRO_PRIMARY,MST,right,59,0.5858585858585859,16,0.1101599297831898,0.1394191408075228,0.0348547852018807,0.0358687137040575,0.184451145862322
GOPRO_PRIMARY,MST,right,60,0.595959595959596,15,0.1293428811261362,0.2176675156583292,0.0562015108770034,0.0088026287562716,0.2498831334960008
GOPRO_PRIMARY,MST,right,61,0.6060606060606061,15,0.1241763888953073,0.1065376247226402,0.0275078964196854,0.0651778188417442,0.1831749589488703
GOPRO_PRIMARY,MST,right,62,0.6161616161616162,16,0.1476524742213235,0.1753866803761095,0.0438466700940273,0.0541955091750995,0.2411094392675476
GOPRO_PRIMARY,MST,right,63,0.6262626262626263,16,0.1149558219441065,0.1119020665320693,0.0279755166330173,0.0553274197298618,0.1745842241583513
GOPRO_PRIMARY,MST,right,64,0.6363636363636365,15,0.1307392404031385,0.158622622824877,0.0409561851021659,0.0428969598081155,0.2185815209981615
GOPRO_PRIMARY,MST,right,65,0.6464646464646465,15,0.1146458669086243,0.1141449376702118,0.0294720961767076,0.0514345073637887,0.17785722645346
GOPRO_PRIMARY,MST,right,66,0.6565656565656566,16,0.2703820694505907,0.418750896114146,0.1046877240285365,0.0472454676442793,0.493518671256902
GOPRO_PRIMARY,MST,right,67,0.6666666666666667,15,0.0889400336211374,0.0570938021669587,0.0147415563309528,0.0573225398433194,0.1205575273989554
GOPRO_PRIMARY,MST,right,68,0.6767676767676768,16,0.0718781667667681,0.0474332814521529,0.0118583203630382,0.046602755217868,0.0971535783156682
GOPRO_PRIMARY,MST,right,69,0.686868686868687,16,0.0838091662357932,0.1436142096156369,0.0359035524039092,0.0072825557804993,0.1603357766910872
GOPRO_PRIMARY,MST,right,70,0.696969696969697,16,0.1282111697906783,0.2215111582071297,0.0553777895517824,0.0101762054164267,0.2462461341649298
GOPRO_PRIMARY,MST,right,71,0.7070707070707072,16,0.0575603200771269,0.0401760438632098,0.0100440109658024,0.0361520174684698,0.0789686226857839
GOPRO_PRIMARY,MST,right,72,0.7171717171717172,16,0.1396390719249901,0.2011847277499575,0.0502961819374893,0.0324352977909365,0.2468428460590436
GOPRO_PRIMARY,MST,right,73,0.7272727272727273,16,0.1188950607947423,0.1220097340999484,0.0305024335249871,0.0538806627194413,0.1839094588700434
GOPRO_PRIMARY,MST,right,74,0.7373737373737375,16,0.0900077827363268,0.1038988137234289,0.0259747034308572,0.0346440129125762,0.1453715525600774
GOPRO_PRIMARY,MST,right,75,0.7474747474747475,16,0.123950354665146,0.1583004630233102,0.0395751157558275,0.0395979921719119,0.2083027171583802
GOPRO_PRIMARY,MST,right,76,0.7575757575757577,16,0.0909401831731318,0.0855583895281142,0.0213895973820285,0.0453493355535005,0.1365310307927631
GOPRO_PRIMARY,MST,right,77,0.7676767676767677,16,0.1216442176810851,0.1669789496581389,0.0417447374145347,0.0326674160893628,0.2106210192728073
GOPRO_PRIMARY,MST,right,78,0.7777777777777778,16,0.1081405608717702,0.080946080241197,0.0202365200602992,0.065007439385534,0.1512736823580063
GOPRO_PRIMARY,MST,right,79,0.787878787878788,16,0.1139535227855094,0.0662858806103462,0.0165714701525865,0.0786322702595213,0.1492747753114974
GOPRO_PRIMARY,MST,right,80,0.797979797979798,15,0.1206776320198532,0.0824127459011849,0.0212788794927008,0.0750389745501012,0.1663162894896052
GOPRO_PRIMARY,MST,right,81,0.8080808080808082,16,0.1574615815919843,0.1683902344631656,0.0420975586157914,0.0677327594111797,0.2471904037727889
GOPRO_PRIMARY,MST,right,82,0.8181818181818182,16,0.1962749276414264,0.2911015058981845,0.0727753764745461,0.0411578845268135,0.3513919707560393
GOPRO_PRIMARY,MST,right,83,0.8282828282828284,16,0.1756533330415126,0.2338415141316139,0.0584603785329034,0.051047985784303,0.3002586802987221
GOPRO_PRIMARY,MST,right,84,0.8383838383838385,16,0.2161920697897504,0.4175987845622538,0.1043996961405634,-0.0063306151056322,0.4387147546851331
GOPRO_PRIMARY,MST,right,85,0.8484848484848485,16,0.2988850046487606,0.394193076132626,0.0985482690331565,0.0888343414023367,0.5089356678951846
GOPRO_PRIMARY,MST,right,86,0.8585858585858587,15,0.2013846207729034,0.2663417722352146,0.0687691498844236,0.0538894635613673,0.3488797779844396
GOPRO_PRIMARY,MST,right,87,0.8686868686868687,14,0.2123477611170777,0.2356849241319235,0.0629894455235333,0.0762673373200657,0.3484281849140898
GOPRO_PRIMARY,MST,right,88,0.8787878787878789,16,0.1524293084320217,0.2137437730228606,0.0534359432557151,0.0385332914630697,0.2663253254009737
GOPRO_PRIMARY,MST,right,89,0.888888888888889,16,0.1434385687193888,0.1145918047255608,0.0286479511813902,0.0823769061925959,0.2045002312461816
GOPRO_PRIMARY,MST,right,90,0.8989898989898991,15,0.138394199462964,0.1337736116127827,0.0345401979958884,0.0643128426033372,0.2124755563225907
GOPRO_PRIMARY,MST,right,91,0.9090909090909092,15,0.1197227134437208,0.1736400205822363,0.0448336605300076,0.0235640751683346,0.2158813517191071
GOPRO_PRIMARY,MST,right,92,0.9191919191919192,16,0.2095207608175939,0.2959764749241128,0.0739941187310282,0.0518060300742477,0.36723549156094
GOPRO_PRIMARY,MST,right,93,0.9292929292929294,15,0.3666979356881152,0.7399154814442731,0.1910453558156475,-0.0430536002538057,0.7764494716300362
GOPRO_PRIMARY,MST,right,94,0.9393939393939394,14,0.2397819252343446,0.3063295568995366,0.0818700178114528,0.0629125048504315,0.4166513456182578
GOPRO_PRIMARY,MST,right,95,0.9494949494949496,14,0.1089201902472393,0.1072616237867126,0.02866687478278,0.0469891724877776,0.1708512080067009
GOPRO_PRIMARY,MST,right,96,0.9595959595959596,14,0.2621436631651727,0.2493582431276354,0.0666437937393921,0.1181685000228188,0.4061188263075266
GOPRO_PRIMARY,MST,right,97,0.9696969696969696,15,0.1544110579905991,0.1318563951860642,0.0340451748431046,0.0813914201992741,0.2274306957819242
GOPRO_PRIMARY,MST,right,98,0.97979797979798,15,0.3413069794332472,0.4311989194643164,0.111335082265862,0.1025169770911927,0.5800969817753017
GOPRO_PRIMARY,MST,right,99,0.98989898989899,14,0.3058825606378825,0.299494763184523,0.080043342354963,0.1329594326556996,0.4788056886200653
SENSITIVITY_AUGMENTED,ATG,left,1,0.0,2,0.0391688285792865,0.0274630072493077,0.0194192786577608,-0.2075765018750498,0.2859141590336229
SENSITIVITY_AUGMENTED,ATG,left,2,0.0101010101010101,9,0.0215456148222783,0.0163784264264544,0.0054594754754848,0.0089560417997646,0.034135187844792
SENSITIVITY_AUGMENTED,ATG,left,3,0.0202020202020202,9,0.0146794269097086,0.0159246199169804,0.0053082066389934,0.0024386804496714,0.0269201733697458
SENSITIVITY_AUGMENTED,ATG,left,4,0.0303030303030303,9,0.0303502799543854,0.0455686974981978,0.0151895658327326,-0.0046769216678518,0.0653774815766227
SENSITIVITY_AUGMENTED,ATG,left,5,0.0404040404040404,9,0.0162982906428175,0.0108389375112748,0.0036129791704249,0.007966745735411,0.024629835550224
SENSITIVITY_AUGMENTED,ATG,left,6,0.0505050505050505,10,0.0118095831183346,0.0074818925723104,0.0023659821737197,0.0064573595970017,0.0171618066396675
SENSITIVITY_AUGMENTED,ATG,left,7,0.0606060606060606,10,0.020649985216575,0.0164429252186438,0.0051997095086736,0.0088874251070589,0.032412545326091
SENSITIVITY_AUGMENTED,ATG,left,8,0.0707070707070707,10,0.1700701410341357,0.4736260533541478,0.1497737087795538,-0.1687415270803844,0.5088818091486559
SENSITIVITY_AUGMENTED,ATG,left,9,0.0808080808080808,10,0.0485110868340896,0.0605502001236185,0.0191476545169643,0.0051960830177533,0.0918260906504259
SENSITIVITY_AUGMENTED,ATG,left,10,0.0909090909090909,9,0.0270157662961276,0.0383183491426209,0.0127727830475403,-0.0024383242295659,0.0564698568218213
SENSITIVITY_AUGMENTED,ATG,left,11,0.101010101010101,10,0.0161979888752582,0.0143619295781506,0.0045416409061897,0.0059240833684638,0.0264718943820526
SENSITIVITY_AUGMENTED,ATG,left,12,0.1111111111111111,10,0.1314213080248538,0.3796176791622472,0.1200456506219741,-0.1401408203924157,0.4029834364421235
SENSITIVITY_AUGMENTED,ATG,left,13,0.1212121212121212,9,0.010153484816469,0.0045435804431963,0.0015145268143987,0.0066609797195879,0.0136459899133502
SENSITIVITY_AUGMENTED,ATG,left,14,0.1313131313131313,9,0.0556077054092813,0.0765030481213697,0.0255010160404565,-0.0031977430319193,0.114413153850482
SENSITIVITY_AUGMENTED,ATG,left,15,0.1414141414141414,9,0.0166325586791372,0.0130918445817298,0.0043639481939099,0.0065692760981641,0.0266958412601102
SENSITIVITY_AUGMENTED,ATG,left,16,0.1515151515151515,9,0.0295068134735905,0.046515335195025,0.015505111731675,-0.0062480382964546,0.0652616652436358
SENSITIVITY_AUGMENTED,ATG,left,17,0.1616161616161616,10,0.0189183908421334,0.0222440154723884,0.0070341753200773,0.003005980757442,0.0348308009268248
SENSITIVITY_AUGMENTED,ATG,left,18,0.1717171717171717,10,0.0372872729225219,0.0720898279436364,0.0227968052431543,-0.0142826833471953,0.0888572291922393
SENSITIVITY_AUGMENTED,ATG,left,19,0.1818181818181818,10,0.0247113742795238,0.0275649177134911,0.0087167923489752,0.0049926200306648,0.0444301285283828
SENSITIVITY_AUGMENTED,ATG,left,20,0.1919191919191919,10,0.0148922029542988,0.0123656195350058,0.003910352240969,0.0060463716233266,0.0237380342852709
SENSITIVITY_AUGMENTED,ATG,left,21,0.202020202020202,10,0.0144959566040036,0.0166442750948239,0.0052633819302058,0.0025893594700458,0.0264025537379615
SENSITIVITY_AUGMENTED,ATG,left,22,0.2121212121212121,10,0.0299850467578156,0.053722156005758,0.0169884373793089,-0.0084454685445367,0.068415562060168
SENSITIVITY_AUGMENTED,ATG,left,23,0.2222222222222222,10,0.0165042467030728,0.0116506976780299,0.0036842740992609,0.0081698396597177,0.0248386537464279
SENSITIVITY_AUGMENTED,ATG,left,24,0.2323232323232323,9,0.0169564700027812,0.0247297118695506,0.0082432372898502,-0.0020524692750824,0.035965409280645
SENSITIVITY_AUGMENTED,ATG,left,25,0.2424242424242424,10,0.0159571868939591,0.0139860262437336,0.0044227698345087,0.0059521864334172,0.0259621873545009
SENSITIVITY_AUGMENTED,ATG,left,26,0.2525252525252525,10,0.0153464228255271,0.0118628112237685,0.0037513502919718,0.0068602788923779,0.0238325667586762
SENSITIVITY_AUGMENTED,ATG,left,27,0.2626262626262626,10,0.0151304668224915,0.0113989042070562,0.0036046500124373,0.0069761819774757,0.0232847516675073
SENSITIVITY_AUGMENTED,ATG,left,28,0.2727272727272727,10,0.0110118474884999,0.0051251339295987,0.0016207096530941,0.0073455475379369,0.014678147439063
SENSITIVITY_AUGMENTED,ATG,left,29,0.2828282828282829,10,0.0127392950962862,0.0063962648262732,0.0020226765368644,0.0081636828803944,0.017314907312178
SENSITIVITY_AUGMENTED,ATG,left,30,0.2929292929292929,10,0.0365680779516314,0.0472581510158828,0.0149443395218389,0.002761633259015,0.0703745226442478
SENSITIVITY_AUGMENTED,ATG,left,31,0.303030303030303,10,0.0159872992984697,0.010162298559724,0.0032136009711376,0.0087176288432353,0.023256969753704
SENSITIVITY_AUGMENTED,ATG,left,32,0.3131313131313131,10,0.0157769245677429,0.010777532862798,0.0034081551403756,0.0080671420050144,0.0234867071304713
SENSITIVITY_AUGMENTED,ATG,left,33,0.3232323232323232,10,0.0259551379335106,0.034933115324791,0.0110468210191672,0.0009654926388516,0.0509447832281696
SENSITIVITY_AUGMENTED,ATG,left,34,0.3333333333333333,10,0.0170022390878662,0.0177636249783776,0.0056173514432732,0.0042949072845108,0.0297095708912217
SENSITIVITY_AUGMENTED,ATG,left,35,0.3434343434343435,10,0.0269751377435122,0.0351947202789579,0.0111295477694023,0.0017983515382538,0.0521519239487705
SENSITIVITY_AUGMENTED,ATG,left,36,0.3535353535353536,10,0.0401824998335352,0.0617397627532778,0.0195238272498786,-0.0039834658250124,0.0843484654920829
SENSITIVITY_AUGMENTED,ATG,left,37,0.3636363636363636,10,0.0311777141469556,0.0433649699328443,0.0137132075652507,0.0001562834282851,0.0621991448656261
SENSITIVITY_AUGMENTED,ATG,left,38,0.3737373737373737,10,0.0510465884649423,0.0762344054057681,0.024107435715088,-0.0034882199146413,0.1055813968445259
SENSITIVITY_AUGMENTED,ATG,left,39,0.3838383838383838,10,0.0292211462403033,0.0225266749273938,0.0071235600880772,0.0131065337624358,0.0453357587181707
SENSITIVITY_AUGMENTED,ATG,left,40,0.393939393939394,10,0.040969327473158,0.0456884669062998,0.0144479618225134,0.0082857671485242,0.0736528877977918
SENSITIVITY_AUGMENTED,ATG,left,41,0.4040404040404041,10,0.0289773224124064,0.0423384659462046,0.0133885985027482,-0.0013097915904148,0.0592644364152277
SENSITIVITY_AUGMENTED,ATG,left,42,0.4141414141414142,10,0.0460524712086454,0.1047114282378676,0.0331126610280933,-0.0288535721153648,0.1209585145326556
SENSITIVITY_AUGMENTED,ATG,left,43,0.4242424242424242,10,0.0799228483360667,0.144437477125436,0.0456751407204847,-0.0234014984065937,0.1832471950787273
SENSITIVITY_AUGMENTED,ATG,left,44,0.4343434343434343,10,0.0709457423130578,0.1204259219993078,0.038082020284359,-0.0152017726470316,0.1570932572731472
SENSITIVITY_AUGMENTED,ATG,left,45,0.4444444444444445,10,0.0403663389210408,0.0648635703945686,0.0205116619617503,-0.0060342641066281,0.0867669419487098
SENSITIVITY_AUGMENTED,ATG,left,46,0.4545454545454546,10,0.0149653175455566,0.0152244998858384,0.0048144095876223,0.0040743664122724,0.0258562686788408
SENSITIVITY_AUGMENTED,ATG,left,47,0.4646464646464647,10,0.0528265240245391,0.0629531282585711,0.0199075271129794,0.0077925689723132,0.097860479076765
SENSITIVITY_AUGMENTED,ATG,left,48,0.4747474747474748,10,0.0418836424877754,0.0493663854634644,0.0156110217914374,0.0065690577236762,0.0771982272518745
SENSITIVITY_AUGMENTED,ATG,left,49,0.4848484848484848,10,0.0224845027964145,0.0202867401527306,0.0064152305182621,0.0079722431285263,0.0369967624643028
SENSITIVITY_AUGMENTED,ATG,left,50,0.494949494949495,10,0.0365552973285434,0.047226695715989,0.0149343924826241,0.0027713544019355,0.0703392402551514
SENSITIVITY_AUGMENTED,ATG,left,51,0.5050505050505051,10,0.0184359386433466,0.0142337874385738,0.0045011188036587,0.0082537005010443,0.0286181767856489
SENSITIVITY_AUGMENTED,ATG,left,52,0.5151515151515152,10,0.0207995721225343,0.0211794893120536,0.0066975425905282,0.0056486781782248,0.0359504660668438
SENSITIVITY_AUGMENTED,ATG,left,53,0.5252525252525253,10,0.02341870365157,0.0208010421804437,0.0065778670995437,0.0085385344764025,0.0382988728267375
SENSITIVITY_AUGMENTED,ATG,left,54,0.5353535353535354,10,0.0455293255263632,0.0829238443447611,0.0262228220466718,-0.013790819195298,0.1048494702480246
SENSITIVITY_AUGMENTED,ATG,left,55,0.5454545454545455,10,0.0160803524990822,0.0146341716753049,0.0046277314163885,0.0056116967279925,0.0265490082701719
SENSITIVITY_AUGMENTED,ATG,left,56,0.5555555555555556,10,0.0304180294175581,0.0282926090778703,0.0089469085634826,0.0101787161257753,0.050657342709341
SENSITIVITY_AUGMENTED,ATG,left,57,0.5656565656565657,10,0.0532667494664746,0.0821842237631763,0.0259889334824571,-0.005524302564352,0.1120578014973012
SENSITIVITY_AUGMENTED,ATG,left,58,0.5757575757575758,10,0.0417249663177833,0.0350022951145137,0.0110686975895247,0.0166858327827926,0.0667640998527739
SENSITIVITY_AUGMENTED,ATG,left,59,0.5858585858585859,10,0.0540796051505696,0.055017211050039,0.0173979697428307,0.0147226632786787,0.0934365470224606
SENSITIVITY_AUGMENTED,ATG,left,60,0.595959595959596,10,0.0339741782353817,0.0224263832876068,0.0070918450868772,0.017931310074647,0.0500170463961163
SENSITIVITY_AUGMENTED,ATG,left,61,0.6060606060606061,10,0.0501468917163738,0.0550149522294577,0.0173972554410444,0.010791565707385,0.0895022177253626
SENSITIVITY_AUGMENTED,ATG,left,62,0.6161616161616162,10,0.098763078353292,0.1412931176108023,0.0446808069356183,-0.0023119290957207,0.1998380858023048
SENSITIVITY_AUGMENTED,ATG,left,63,0.6262626262626263,10,0.1115509730202972,0.2597712739684932,0.0821468896424045,-0.0742782017858619,0.2973801478264564
SENSITIVITY_AUGMENTED,ATG,left,64,0.6363636363636365,8,0.1750226726481876,0.3797714957840548,0.1342694999851317,-0.1424742432658918,0.4925195885622671
SENSITIVITY_AUGMENTED,ATG,left,65,0.6464646464646465,8,0.0465769887898569,0.0377285205797545,0.0133390463730403,0.015035156243045,0.0781188213366688
SENSITIVITY_AUGMENTED,ATG,left,66,0.6565656565656566,9,0.0732417669664251,0.0923575597567318,0.0307858532522439,0.0022494620609619,0.1442340718718883
SENSITIVITY_AUGMENTED,ATG,left,67,0.6666666666666667,7,0.0331987950902216,0.035088296341879,0.0132621294356499,0.0007475334027111,0.0656500567777321
SENSITIVITY_AUGMENTED,ATG,left,68,0.6767676767676768,9,0.0380824493821066,0.0375340897319705,0.0125113632439901,0.0092311940044239,0.0669337047597894
SENSITIVITY_AUGMENTED,ATG,left,69,0.686868686868687,9,0.0988333732171892,0.1768628537917748,0.0589542845972582,-0.0371154508520916,0.23478219728647
SENSITIVITY_AUGMENTED,ATG,left,70,0.696969696969697,8,0.0470865803820484,0.0463068833578014,0.0163719556189579,0.0083730570794597,0.0858001036846371
SENSITIVITY_AUGMENTED,ATG,left,71,0.7070707070707072,8,0.0320995120366725,0.0264003650125565,0.0093339385630893,0.0100282545475142,0.0541707695258308
SENSITIVITY_AUGMENTED,ATG,left,72,0.7171717171717172,8,0.0455222825579442,0.0534081996049824,0.0188826500558238,0.0008719103016033,0.0901726548142852
SENSITIVITY_AUGMENTED,ATG,left,73,0.7272727272727273,8,0.0850012981694426,0.0745334909860438,0.026351568450869,0.0226897403430104,0.1473128559958748
SENSITIVITY_AUGMENTED,ATG,left,74,0.7373737373737375,8,0.1596337489034721,0.2821765998742108,0.0997644936316087,-0.0762717921857037,0.3955392899926481
SENSITIVITY_AUGMENTED,ATG,left,75,0.7474747474747475,8,0.2563942892605046,0.544272865654356,0.1924295170600149,-0.1986292135018939,0.7114177920229032
SENSITIVITY_AUGMENTED,ATG,left,76,0.7575757575757577,8,0.0729257917966371,0.1182050166374106,0.0417917844172908,-0.0258960751538262,0.1717476587471006
SENSITIVITY_AUGMENTED,ATG,left,77,0.7676767676767677,8,0.0595621954828967,0.066246929749887,0.0234218266294669,0.0041783762182573,0.114946014747536
SENSITIVITY_AUGMENTED,ATG,left,78,0.7777777777777778,8,0.0345562249819392,0.0229400244779525,0.0081105234344728,0.0153778845756732,0.0537345653882053
SENSITIVITY_AUGMENTED,ATG,left,79,0.787878787878788,9,0.0730577828772811,0.0628775695872,0.0209591898624,0.0247258043840574,0.1213897613705047
SENSITIVITY_AUGMENTED,ATG,left,80,0.797979797979798,9,0.0573094159408291,0.0643693559315904,0.0214564519771968,0.0078307489546037,0.1067880829270546
SENSITIVITY_AUGMENTED,ATG,left,81,0.8080808080808082,9,0.0808921188563103,0.073085776278045,0.024361925426015,0.0247134180823842,0.1370708196302364
SENSITIVITY_AUGMENTED,ATG,left,82,0.8181818181818182,9,0.080923046130658,0.101962745530649,0.0339875818435496,0.0025475418538424,0.1592985504074736
SENSITIVITY_AUGMENTED,ATG,left,83,0.8282828282828284,10,0.0938136682921449,0.1264250760416391,0.0399791193651563,0.003374617057892,0.1842527195263979
SENSITIVITY_AUGMENTED,ATG,left,84,0.8383838383838385,10,0.0460370388053013,0.0385287980913796,0.0121838757477507,0.0184751970118835,0.0735988805987191
SENSITIVITY_AUGMENTED,ATG,left,85,0.8484848484848485,10,0.1351069706958398,0.1584085233674073,0.0500931734625012,0.0217883395403495,0.24842560185133
SENSITIVITY_AUGMENTED,ATG,left,86,0.8585858585858587,10,0.0790416303885028,0.0802095666716619,0.0253644920817582,0.021663162945015,0.1364200978319907
SENSITIVITY_AUGMENTED,ATG,left,87,0.8686868686868687,10,0.1842113589493846,0.2382868156348696,0.0753529073794809,0.0137512397832221,0.3546714781155471
SENSITIVITY_AUGMENTED,ATG,left,88,0.8787878787878789,10,0.066016860824785,0.0481256721074438,0.0152186737785958,0.0315898289282453,0.1004438927213248
SENSITIVITY_AUGMENTED,ATG,left,89,0.888888888888889,10,0.0648626191082254,0.0741810508410929,0.0234581079882602,0.0117966920968885,0.1179285461195621
SENSITIVITY_AUGMENTED,ATG,left,90,0.8989898989898991,10,0.0934327028267617,0.1081738712530125,0.0342075816477332,0.0160497769803376,0.1708156286731859
SENSITIVITY_AUGMENTED,ATG,left,91,0.9090909090909092,10,0.088773348528041,0.1133440858329626,0.0358425470541785,0.0076918739764994,0.1698548230795827
SENSITIVITY_AUGMENTED,ATG,left,92,0.9191919191919192,10,0.1417984824125834,0.1745301446129142,0.0551912777335375,0.0169471381636765,0.2666498266614904
SENSITIVITY_AUGMENTED,ATG,left,93,0.9292929292929294,10,0.071549901451044,0.0516079665395124,0.0163198719674617,0.0346317861839008,0.1084680167181872
SENSITIVITY_AUGMENTED,ATG,left,94,0.9393939393939394,10,0.072040361167189,0.0735932440365763,0.0232722271556185,0.0193949258128397,0.1246857965215384
SENSITIVITY_AUGMENTED,ATG,left,95,0.9494949494949496,10,0.1483307170354413,0.2598159064378657,0.082161003668486,-0.0375303859159139,0.3341918199867966
SENSITIVITY_AUGMENTED,ATG,left,96,0.9595959595959596,9,0.0804171226698578,0.1691986102391623,0.0563995367463874,-0.0496404422909109,0.2104746876306266
SENSITIVITY_AUGMENTED,ATG,left,97,0.9696969696969696,9,0.0434013930370309,0.0358912801309126,0.0119637600436375,0.0158129129038123,0.0709898731702494
SENSITIVITY_AUGMENTED,ATG,left,98,0.97979797979798,9,0.0607730672895074,0.0603159686781777,0.0201053228927259,0.0144101095592664,0.1071360250197484
SENSITIVITY_AUGMENTED,ATG,left,99,0.98989898989899,10,0.0403999841895561,0.0209244071448502,0.0066168785266427,0.0254315650351456,0.0553684033439667
SENSITIVITY_AUGMENTED,ATG,right,1,0.0,3,0.1544910693384883,0.0707181009487348,0.0408291146193312,-0.0211824321316306,0.3301645708086074
SENSITIVITY_AUGMENTED,ATG,right,2,0.0101010101010101,16,0.1077812740923701,0.096219343719459,0.0240548359298647,0.0565096049811449,0.1590529432035954
SENSITIVITY_AUGMENTED,ATG,right,3,0.0202020202020202,16,0.1069581431826138,0.1380654886488162,0.034516372162204,0.0333882374231119,0.1805280489421157
SENSITIVITY_AUGMENTED,ATG,right,4,0.0303030303030303,16,0.0713092783545563,0.0796745811218388,0.0199186452804597,0.0288536909233541,0.1137648657857586
SENSITIVITY_AUGMENTED,ATG,right,5,0.0404040404040404,15,0.0513011897434587,0.0318747779138207,0.0082300322682858,0.0336495260933052,0.0689528533936121
SENSITIVITY_AUGMENTED,ATG,right,6,0.0505050505050505,16,0.0763404035654943,0.066200307833736,0.016550076958434,0.0410647495534608,0.1116160575775278
SENSITIVITY_AUGMENTED,ATG,right,7,0.0606060606060606,16,0.0372551352782012,0.0281343735322688,0.0070335933830672,0.0222633858582104,0.0522468846981921
SENSITIVITY_AUGMENTED,ATG,right,8,0.0707070707070707,16,0.0505255060751445,0.0466684232840664,0.0116671058210166,0.0256576586749408,0.0753933534753481
SENSITIVITY_AUGMENTED,ATG,right,9,0.0808080808080808,16,0.0659570986252948,0.1011009202576066,0.0252752300644016,0.0120842209906071,0.1198299762599825
SENSITIVITY_AUGMENTED,ATG,right,10,0.0909090909090909,16,0.0899399168920895,0.1328415219034267,0.0332103804758566,0.0191536665189575,0.1607261672652215
SENSITIVITY_AUGMENTED,ATG,right,11,0.101010101010101,16,0.0398420059065141,0.0481252751802405,0.0120313187950601,0.0141978569282983,0.0654861548847298
SENSITIVITY_AUGMENTED,ATG,right,12,0.1111111111111111,16,0.0338636616000467,0.036813148857327,0.0092032872143317,0.0142473192494032,0.0534800039506902
SENSITIVITY_AUGMENTED,ATG,right,13,0.1212121212121212,16,0.0332748756115412,0.0417974990688119,0.0104493747672029,0.0110025605126026,0.0555471907104798
SENSITIVITY_AUGMENTED,ATG,right,14,0.1313131313131313,16,0.0368586768943505,0.0483448076315396,0.0120862019078849,0.0110975473302455,0.0626198064584556
SENSITIVITY_AUGMENTED,ATG,right,15,0.1414141414141414,16,0.0454720301954613,0.0577773492299559,0.0144443373074889,0.0146846540055018,0.0762594063854208
SENSITIVITY_AUGMENTED,ATG,right,16,0.1515151515151515,16,0.0383405512835218,0.0347360910873897,0.0086840227718474,0.0198309948928368,0.0568501076742067
SENSITIVITY_AUGMENTED,ATG,right,17,0.1616161616161616,16,0.0288279427418177,0.0201980266535688,0.0050495066633922,0.0180651740588293,0.0395907114248061
SENSITIVITY_AUGMENTED,ATG,right,18,0.1717171717171717,16,0.0319629636715952,0.0241274507588057,0.0060318626897014,0.0191063526827522,0.0448195746604383
SENSITIVITY_AUGMENTED,ATG,right,19,0.1818181818181818,16,0.0277608104012314,0.0186087902017793,0.0046521975504448,0.0178448860464815,0.0376767347559813
SENSITIVITY_AUGMENTED,ATG,right,20,0.1919191919191919,16,0.0371592621845725,0.0535547594869168,0.0133886898717292,0.0086219452418345,0.0656965791273106
SENSITIVITY_AUGMENTED,ATG,right,21,0.202020202020202,16,0.0264304167282561,0.0211496944051492,0.0052874236012873,0.0151605400961102,0.0377002933604019
SENSITIVITY_AUGMENTED,ATG,right,22,0.2121212121212121,16,0.0385891299541721,0.04980990748075,0.0124524768701875,0.0120473037881173,0.0651309561202269
SENSITIVITY_AUGMENTED,ATG,right,23,0.2222222222222222,16,0.0227915522059255,0.0157289200330161,0.003932230008254,0.0144102023417959,0.031172902070055
SENSITIVITY_AUGMENTED,ATG,right,24,0.2323232323232323,16,0.0195365151684881,0.0131735883466284,0.0032933970866571,0.0125168054447849,0.0265562248921913
SENSITIVITY_AUGMENTED,ATG,right,25,0.2424242424242424,16,0.0222118924803978,0.009725954876895,0.0024314887192237,0.0170292969547746,0.027394488006021
SENSITIVITY_AUGMENTED,ATG,right,26,0.2525252525252525,16,0.0266142761391778,0.0276614411850428,0.0069153602962607,0.0118745345783308,0.0413540177000248
SENSITIVITY_AUGMENTED,ATG,right,27,0.2626262626262626,16,0.0296401709031526,0.0218134882754845,0.0054533720688711,0.0180165834851888,0.0412637583211164
SENSITIVITY_AUGMENTED,ATG,right,28,0.2727272727272727,16,0.0202296825510521,0.0154639930809258,0.0038659982702314,0.0119895022948324,0.0284698628072718
SENSITIVITY_AUGMENTED,ATG,right,29,0.2828282828282829,16,0.0273957877839646,0.0167880630546914,0.0041970157636728,0.0184500604417768,0.0363415151261523
SENSITIVITY_AUGMENTED,ATG,right,30,0.2929292929292929,16,0.0279008502987823,0.0172962957055674,0.0043240739263918,0.0186843048934075,0.0371173957041571
SENSITIVITY_AUGMENTED,ATG,right,31,0.303030303030303,16,0.023801579265187,0.0167105383117342,0.0041776345779335,0.0148971619425357,0.0327059965878383
SENSITIVITY_AUGMENTED,ATG,right,32,0.3131313131313131,16,0.0481014077053942,0.0612329972532338,0.0153082493133084,0.0154726466632271,0.0807301687475613
SENSITIVITY_AUGMENTED,ATG,right,33,0.3232323232323232,16,0.0281444619337725,0.0257880108590162,0.006447002714754,0.0144030009271873,0.0418859229403576
SENSITIVITY_AUGMENTED,ATG,right,34,0.3333333333333333,16,0.0372483923737971,0.0474118686050313,0.0118529671512578,0.0119843909257136,0.0625123938218806
SENSITIVITY_AUGMENTED,ATG,right,35,0.3434343434343435,16,0.0600426561757583,0.1232412073621516,0.0308103018405379,-0.0056279476808157,0.1257132600323323
SENSITIVITY_AUGMENTED,ATG,right,36,0.3535353535353536,16,0.0295929894826038,0.019072713432793,0.0047681783581982,0.0194298578878742,0.0397561210773335
SENSITIVITY_AUGMENTED,ATG,right,37,0.3636363636363636,16,0.0382811800881138,0.0402781685551039,0.0100695421387759,0.0168184590724247,0.0597439011038029
SENSITIVITY_AUGMENTED,ATG,right,38,0.3737373737373737,16,0.0378581895975306,0.0401478571989844,0.0100369642997461,0.016464906602037,0.0592514725930241
SENSITIVITY_AUGMENTED,ATG,right,39,0.3838383838383838,16,0.044218755194574,0.0612342814075874,0.0153085703518968,0.0115893098748536,0.0768482005142944
SENSITIVITY_AUGMENTED,ATG,right,40,0.393939393939394,16,0.0710972817021083,0.1298958103368682,0.032473952584217,0.0018806902239491,0.1403138731802674
SENSITIVITY_AUGMENTED,ATG,right,41,0.4040404040404041,16,0.057733595070647,0.0899880231898151,0.0224970057974537,0.0097823622872085,0.1056848278540855
SENSITIVITY_AUGMENTED,ATG,right,42,0.4141414141414142,15,0.0281486313168878,0.0224867461533435,0.0058060528908195,0.0156958863673113,0.0406013762664643
SENSITIVITY_AUGMENTED,ATG,right,43,0.4242424242424242,15,0.0310023328999062,0.0260426893525272,0.0067241934768527,0.0165803722437687,0.0454242935560437
SENSITIVITY_AUGMENTED,ATG,right,44,0.4343434343434343,16,0.096520095298685,0.1401929783232052,0.0350482445808013,0.0218165303142682,0.1712236602831018
SENSITIVITY_AUGMENTED,ATG,right,45,0.4444444444444445,16,0.0487060145527414,0.0522466729583715,0.0130616682395928,0.0208657277192085,0.0765463013862742
SENSITIVITY_AUGMENTED,ATG,right,46,0.4545454545454546,16,0.032114571227103,0.0363629802159061,0.0090907450539765,0.0127381068130049,0.0514910356412011
SENSITIVITY_AUGMENTED,ATG,right,47,0.4646464646464647,16,0.0238505004171529,0.0152216962253783,0.0038054240563445,0.015739431041595,0.0319615697927108
SENSITIVITY_AUGMENTED,ATG,right,48,0.4747474747474748,16,0.0415382417001357,0.0340751404605341,0.0085187851151335,0.023380881037763,0.0596956023625085
SENSITIVITY_AUGMENTED,ATG,right,49,0.4848484848484848,16,0.056947180452109,0.0703630948712988,0.0175907737178247,0.0194533338052066,0.0944410270990113
SENSITIVITY_AUGMENTED,ATG,right,50,0.494949494949495,16,0.0503427722319676,0.0394555082949748,0.0098638770737437,0.0293184159256791,0.0713671285382562
SENSITIVITY_AUGMENTED,ATG,right,51,0.5050505050505051,16,0.0454126420622894,0.0402892565180709,0.0100723141295177,0.0239440126881935,0.0668812714363853
SENSITIVITY_AUGMENTED,ATG,right,52,0.5151515151515152,16,0.0441165028769399,0.0602776128283565,0.0150694032070891,0.0119968302593328,0.0762361754945471
SENSITIVITY_AUGMENTED,ATG,right,53,0.5252525252525253,16,0.0906034815907969,0.1647321898328953,0.0411830474582238,0.002823893801199,0.1783830693803947
SENSITIVITY_AUGMENTED,ATG,right,54,0.5353535353535354,15,0.0577143640318252,0.0680136477455039,0.0175610483355436,0.0200496613358702,0.0953790667277803
SENSITIVITY_AUGMENTED,ATG,right,55,0.5454545454545455,15,0.0573300950740095,0.0843284918660999,0.0217735229738795,0.0106305328505602,0.1040296572974588
SENSITIVITY_AUGMENTED,ATG,right,56,0.5555555555555556,15,0.0371664847882959,0.0497752343527312,0.0128519102467799,0.0096018787766878,0.064731090799904
SENSITIVITY_AUGMENTED,ATG,right,57,0.5656565656565657,15,0.0475542666214813,0.0637432122074782,0.0164584266208885,0.0122544523009275,0.0828540809420351
SENSITIVITY_AUGMENTED,ATG,right,58,0.5757575757575758,15,0.2139867683561176,0.479652996697368,0.1238458712111591,-0.0516362075711593,0.4796097442833946
SENSITIVITY_AUGMENTED,ATG,right,59,0.5858585858585859,16,0.0523750513651022,0.0514781172149976,0.0128695293037494,0.0249442989790573,0.0798058037511472
SENSITIVITY_AUGMENTED,ATG,right,60,0.595959595959596,16,0.0984253406828543,0.1395827055546911,0.0348956763886727,0.0240469671022167,0.1728037142634919
SENSITIVITY_AUGMENTED,ATG,right,61,0.6060606060606061,16,0.0560986651436231,0.0618094709785187,0.0154523677446296,0.0231627229365096,0.0890346073507366
SENSITIVITY_AUGMENTED,ATG,right,62,0.6161616161616162,16,0.1807031650423935,0.500205671963345,0.1250514179908362,-0.0858376230057799,0.4472439530905669
SENSITIVITY_AUGMENTED,ATG,right,63,0.6262626262626263,15,0.069514483548103,0.066335282311849,0.0171276962439839,0.0327792286493065,0.1062497384468995
SENSITIVITY_AUGMENTED,ATG,right,64,0.6363636363636365,15,0.040126699973156,0.0210802646307533,0.0054429009232368,0.028452838529342,0.0518005614169699
SENSITIVITY_AUGMENTED,ATG,right,65,0.6464646464646465,16,0.0521825974328161,0.038832413139428,0.009708103284857,0.0314902650980602,0.0728749297675719
SENSITIVITY_AUGMENTED,ATG,right,66,0.6565656565656566,16,0.0586481303090015,0.0819498228414836,0.0204874557103709,0.0149801521454554,0.1023161084725476
SENSITIVITY_AUGMENTED,ATG,right,67,0.6666666666666667,16,0.0947434148046529,0.1771877450452034,0.0442969362613008,0.0003267301408128,0.189160099468493
SENSITIVITY_AUGMENTED,ATG,right,68,0.6767676767676768,16,0.0658963327943945,0.0708384764042222,0.0177096191010555,0.0281491732094128,0.1036434923793761
SENSITIVITY_AUGMENTED,ATG,right,69,0.686868686868687,16,0.058121901157942,0.0476894105571616,0.0119223526392904,0.032710008042923,0.0835337942729609
SENSITIVITY_AUGMENTED,ATG,right,70,0.696969696969697,16,0.1271165297210688,0.2043418592144404,0.0510854648036101,0.0182304389807041,0.2360026204614334
SENSITIVITY_AUGMENTED,ATG,right,71,0.7070707070707072,16,0.0943028080542666,0.1439297939570904,0.0359824484892726,0.0176080345736785,0.1709975815348547
SENSITIVITY_AUGMENTED,ATG,right,72,0.7171717171717172,16,0.0672656657955975,0.0819775566048194,0.0204943891512048,0.0235829093527367,0.1109484222384583
SENSITIVITY_AUGMENTED,ATG,right,73,0.7272727272727273,16,0.0737353539172471,0.0659359073518797,0.0164839768379699,0.0386005889769382,0.108870118857556
SENSITIVITY_AUGMENTED,ATG,right,74,0.7373737373737375,15,0.0675032367019245,0.0477224271713345,0.0123218777116783,0.0410754374157657,0.0939310359880832
SENSITIVITY_AUGMENTED,ATG,right,75,0.7474747474747475,16,0.0358781533144041,0.0248461766120286,0.0062115441530071,0.0226385603522525,0.0491177462765557
SENSITIVITY_AUGMENTED,ATG,right,76,0.7575757575757577,16,0.1174925086573756,0.1252351781005702,0.0313087945251425,0.0507593927947361,0.184225624520015
SENSITIVITY_AUGMENTED,ATG,right,77,0.7676767676767677,16,0.2513952011773198,0.5546391536631617,0.1386597884157904,-0.0441511418289313,0.546941544183571
SENSITIVITY_AUGMENTED,ATG,right,78,0.7777777777777778,16,0.1686021883091715,0.2592116838672251,0.0648029209668062,0.0304780318635262,0.3067263447548168
SENSITIVITY_AUGMENTED,ATG,right,79,0.787878787878788,15,0.122987645253693,0.1253543154289154,0.0323663450687613,0.0535687392136596,0.1924065512937265
SENSITIVITY_AUGMENTED,ATG,right,80,0.797979797979798,16,0.2484165036385505,0.4808272773966575,0.1202068193491643,-0.0077982668364118,0.504631274113513
SENSITIVITY_AUGMENTED,ATG,right,81,0.8080808080808082,15,0.2098298060535877,0.2678514897245722,0.0691589572640076,0.0614985951634677,0.3581610169437077
SENSITIVITY_AUGMENTED,ATG,right,82,0.8181818181818182,15,0.1477261864135845,0.2221040190163394,0.0573470111184011,0.0247290803749633,0.2707232924522057
SENSITIVITY_AUGMENTED,ATG,right,83,0.8282828282828284,15,0.2678631174364411,0.5976904364502009,0.154323007103938,-0.0631268138395298,0.5988530487124122
SENSITIVITY_AUGMENTED,ATG,right,84,0.8383838383838385,14,0.0710121980975997,0.0817088841504606,0.0218376178533305,0.0238348929554522,0.1181895032397472
SENSITIVITY_AUGMENTED,ATG,right,85,0.8484848484848485,15,0.1551241919316473,0.1861539573236852,0.0480647451030159,0.0520355664765362,0.2582128173867583
SENSITIVITY_AUGMENTED,ATG,right,86,0.8585858585858587,15,0.1801772658473258,0.3131319689369833,0.0808503267238716,0.0067705613761609,0.3535839703184908
SENSITIVITY_AUGMENTED,ATG,right,87,0.8686868686868687,13,0.2323569126672304,0.3161524203400752,0.0876849047998604,0.0413079171211449,0.4234059082133159
SENSITIVITY_AUGMENTED,ATG,right,88,0.8787878787878789,13,0.1954412861789978,0.2121734311906274,0.0588463219576105,0.0672261649190275,0.3236564074389682
SENSITIVITY_AUGMENTED,ATG,right,89,0.888888888888889,13,0.1825174828918827,0.2374360448644762,0.0658529103386336,0.039036316975142,0.3259986488086234
SENSITIVITY_AUGMENTED,ATG,right,90,0.8989898989898991,14,0.1679729592541452,0.2831329456531861,0.0756704626815934,0.0044968634567933,0.3314490550514971
SENSITIVITY_AUGMENTED,ATG,right,91,0.9090909090909092,14,0.1651942084577234,0.1966175722928584,0.0525482565527952,0.0516706020492991,0.2787178148661478
SENSITIVITY_AUGMENTED,ATG,right,92,0.9191919191919192,13,0.2117078860427997,0.247084585772477,0.0685289341061112,0.0623961652089844,0.3610196068766149
SENSITIVITY_AUGMENTED,ATG,right,93,0.9292929292929294,13,0.2611787721146432,0.4834887153880928,0.1340956426492295,-0.0309905344919701,0.5533480787212566
SENSITIVITY_AUGMENTED,ATG,right,94,0.9393939393939394,12,0.2507741513967418,0.4667041960526873,0.1347258966114734,-0.0457555477251517,0.5473038505186354
SENSITIVITY_AUGMENTED,ATG,right,95,0.9494949494949496,10,0.163033548949852,0.2663199683264407,0.0842177686295453,-0.027480279590356,0.3535473774900601
SENSITIVITY_AUGMENTED,ATG,right,96,0.9595959595959596,12,0.1213325404795882,0.1459087381624675,0.0421202246276096,0.0286265511344931,0.2140385298246834
SENSITIVITY_AUGMENTED,ATG,right,97,0.9696969696969696,12,0.1262343408996697,0.1521070934056204,0.0439095356616932,0.0295901045217683,0.2228785772775712
SENSITIVITY_AUGMENTED,ATG,right,98,0.97979797979798,13,0.2506770028315611,0.4309408394837635,0.1195214841115543,-0.0097379401715612,0.5110919458346834
SENSITIVITY_AUGMENTED,ATG,right,99,0.98989898989899,13,0.287147100473256,0.4704837875542026,0.1304887246385526,0.0028365931038634,0.5714576078426487
SENSITIVITY_AUGMENTED,CON,left,1,0.0,3,0.0632173543823308,0.0729138778549748,0.0420968470072292,-0.1179107593071695,0.2443454680718311
SENSITIVITY_AUGMENTED,CON,left,2,0.0101010101010101,12,0.0174981871707423,0.0159270293597478,0.0045977373441207,0.0073786355063334,0.0276177388351513
SENSITIVITY_AUGMENTED,CON,left,3,0.0202020202020202,12,0.0190711005535744,0.0202707243580368,0.0058516540823906,0.006191696756243,0.0319505043509059
SENSITIVITY_AUGMENTED,CON,left,4,0.0303030303030303,12,0.0186877987993661,0.0289959589740632,0.0083704123595433,0.0002646454121635,0.0371109521865687
SENSITIVITY_AUGMENTED,CON,left,5,0.0404040404040404,12,0.0207897975342661,0.0200812537487437,0.0057969586287511,0.0080307776187196,0.0335488174498127
SENSITIVITY_AUGMENTED,CON,left,6,0.0505050505050505,12,0.0149267239834956,0.0093079208785367,0.0026869653124094,0.0090127532052014,0.0208406947617898
SENSITIVITY_AUGMENTED,CON,left,7,0.0606060606060606,12,0.0245668241192596,0.0409781258882116,0.0118293660062226,-0.0014694349137289,0.0506030831522483
SENSITIVITY_AUGMENTED,CON,left,8,0.0707070707070707,12,0.0168038747523327,0.0200555078869068,0.0057895264386201,0.0040612129769715,0.0295465365276939
SENSITIVITY_AUGMENTED,CON,left,9,0.0808080808080808,12,0.0137477297915439,0.0185815630999227,0.0053640352288522,0.0019415678546315,0.0255538917284564
SENSITIVITY_AUGMENTED,CON,left,10,0.0909090909090909,12,0.0230587023292962,0.0457258515182819,0.0131999163415024,-0.0059941176528018,0.0521115223113942
SENSITIVITY_AUGMENTED,CON,left,11,0.101010101010101,13,0.1127644022788039,0.2547714414294663,0.0706608842767547,-0.0411924389390206,0.2667212434966284
SENSITIVITY_AUGMENTED,CON,left,12,0.1111111111111111,13,0.0313589981038925,0.0591123476896716,0.0163948154313974,-0.0043622360980623,0.0670802323058475
SENSITIVITY_AUGMENTED,CON,left,13,0.1212121212121212,13,0.0129595857643991,0.0082219736198258,0.002280365190138,0.0079910968317998,0.0179280746969984
SENSITIVITY_AUGMENTED,CON,left,14,0.1313131313131313,13,0.0120679059118857,0.0088070921993804,0.002442647885585,0.0067458333604136,0.0173899784633579
SENSITIVITY_AUGMENTED,CON,left,15,0.1414141414141414,13,0.0200735192200659,0.025033006678651,0.0069429068583775,0.0049462246818482,0.0352008137582836
SENSITIVITY_AUGMENTED,CON,left,16,0.1515151515151515,13,0.0134895795781205,0.0105538223466433,0.0029271036633046,0.0071119685627465,0.0198671905934946
SENSITIVITY_AUGMENTED,CON,left,17,0.1616161616161616,13,0.0101797350959271,0.0067741714124123,0.0018788171058642,0.0060861442810719,0.0142733259107823
SENSITIVITY_AUGMENTED,CON,left,18,0.1717171717171717,13,0.0173952949344264,0.0356244534585626,0.0098804456619406,-0.0041323468366396,0.0389229367054926
SENSITIVITY_AUGMENTED,CON,left,19,0.1818181818181818,13,0.0098272173899966,0.0093046847213927,0.0025806552203852,0.0042044526868735,0.0154499820931196
SENSITIVITY_AUGMENTED,CON,left,20,0.1919191919191919,13,0.0173371825483049,0.0158627116078658,0.0043995246207736,0.0077514418601263,0.0269229232364835
SENSITIVITY_AUGMENTED,CON,left,21,0.202020202020202,13,0.0250921911343202,0.0327347751710313,0.0090789931053799,0.0053107644758581,0.0448736177927823
SENSITIVITY_AUGMENTED,CON,left,22,0.2121212121212121,12,0.0102474238138855,0.0064962673786944,0.0018753108599085,0.0061198924406681,0.0143749551871028
SENSITIVITY_AUGMENTED,CON,left,23,0.2222222222222222,12,0.0115211291935558,0.0082597911693698,0.0023843963275428,0.006273108260857,0.0167691501262547
SENSITIVITY_AUGMENTED,CON,left,24,0.2323232323232323,12,0.0100280653617283,0.004072050477703,0.0011754997197278,0.0074408079229155,0.012615322800541
SENSITIVITY_AUGMENTED,CON,left,25,0.2424242424242424,12,0.0128911688943417,0.0062805688370003,0.001813044054353,0.0089006858361183,0.0168816519525652
SENSITIVITY_AUGMENTED,CON,left,26,0.2525252525252525,13,0.0535735963836642,0.1427285220850114,0.0395857696037464,-0.0326763863012294,0.1398235790685579
SENSITIVITY_AUGMENTED,CON,left,27,0.2626262626262626,13,0.0629320649521309,0.1605136983385895,0.0445184899826264,-0.0340653921794275,0.1599295220836894
SENSITIVITY_AUGMENTED,CON,left,28,0.2727272727272727,13,0.0378885243226156,0.0749711942128812,0.0207932680705625,-0.0074161149202358,0.0831931635654671
SENSITIVITY_AUGMENTED,CON,left,29,0.2828282828282829,11,0.0200080741974881,0.0271419192985712,0.0081835965821333,0.0017738847038546,0.0382422636911215
SENSITIVITY_AUGMENTED,CON,left,30,0.2929292929292929,11,0.0161415070124184,0.0142847509125229,0.0043070144545932,0.0065448807700728,0.0257381332547641
SENSITIVITY_AUGMENTED,CON,left,31,0.303030303030303,12,0.0107491288176854,0.0058621503072155,0.0016922570289504,0.0070244962099047,0.0144737614254661
SENSITIVITY_AUGMENTED,CON,left,32,0.3131313131313131,13,0.0133505182322855,0.007977100538908,0.0022124496171203,0.0085300046215113,0.0181710318430597
SENSITIVITY_AUGMENTED,CON,left,33,0.3232323232323232,13,0.0125523301454797,0.0119131164839077,0.0033041040256388,0.0053533059038627,0.0197513543870967
SENSITIVITY_AUGMENTED,CON,left,34,0.3333333333333333,13,0.018261906013305,0.0205590585533767,0.005702056906882,0.0058381912690978,0.0306856207575123
SENSITIVITY_AUGMENTED,CON,left,35,0.3434343434343435,13,0.0483657265246017,0.0787170209959639,0.0218321734963633,0.0007975068112043,0.095933946237999
SENSITIVITY_AUGMENTED,CON,left,36,0.3535353535353536,13,0.0155319629443328,0.0143177140531474,0.0039710193973888,0.0068798549344446,0.024184070954221
SENSITIVITY_AUGMENTED,CON,left,37,0.3636363636363636,13,0.0237133147464861,0.0217701512801949,0.0060379535934885,0.010557743992058,0.0368688855009142
SENSITIVITY_AUGMENTED,CON,left,38,0.3737373737373737,13,0.0283464798819671,0.0355790870085931,0.0098678632725905,0.0068462527822448,0.0498467069816895
SENSITIVITY_AUGMENTED,CON,left,39,0.3838383838383838,13,0.0232587059180535,0.0244903346763943,0.0067923967253087,0.0084593447887611,0.0380580670473458
SENSITIVITY_AUGMENTED,CON,left,40,0.393939393939394,13,0.0251567923764584,0.0337379890726462,0.0093572345794207,0.0047691296246106,0.0455444551283061
SENSITIVITY_AUGMENTED,CON,left,41,0.4040404040404041,13,0.0310329081856864,0.0525225229260785,0.0145671268866699,-0.0007061347663804,0.0627719511377533
SENSITIVITY_AUGMENTED,CON,left,42,0.4141414141414142,13,0.0441510458287935,0.0604582429352309,0.0167680996098026,0.0076164952698176,0.0806855963877695
SENSITIVITY_AUGMENTED,CON,left,43,0.4242424242424242,13,0.0288576240173142,0.0329564112061608,0.0091404638814683,0.008942264043261,0.0487729839913674
SENSITIVITY_AUGMENTED,CON,left,44,0.4343434343434343,13,0.0409298354494879,0.0547882816978343,0.0151955353043159,0.007821608174783,0.0740380627241927
SENSITIVITY_AUGMENTED,CON,left,45,0.4444444444444445,12,0.0682128675875358,0.1455591531610321,0.0420193081302679,-0.0242710060445018,0.1606967412195735
SENSITIVITY_AUGMENTED,CON,left,46,0.4545454545454546,12,0.0547566022570033,0.1452049608936076,0.0419170616297967,-0.0375022283448258,0.1470154328588326
SENSITIVITY_AUGMENTED,CON,left,47,0.4646464646464647,12,0.0171577424482277,0.0154912329384907,0.0044719337535584,0.0073150826197327,0.0270004022767226
SENSITIVITY_AUGMENTED,CON,left,48,0.4747474747474748,13,0.0593554292897769,0.0677676790988598,0.0187953724469329,0.0184038306640254,0.1003070279155284
SENSITIVITY_AUGMENTED,CON,left,49,0.4848484848484848,13,0.0934219113445807,0.1095675240219243,0.0303885635374369,0.0272109192340553,0.159632903455106
SENSITIVITY_AUGMENTED,CON,left,50,0.494949494949495,12,0.0930323462841485,0.1810751544685322,0.05227189458798,-0.02201731799387,0.2080820105621671
SENSITIVITY_AUGMENTED,CON,left,51,0.5050505050505051,12,0.0310588662625483,0.0298089455318797,0.0086051013635448,0.0121191658603018,0.0499985666647949
SENSITIVITY_AUGMENTED,CON,left,52,0.5151515151515152,12,0.0548928810319726,0.0932145547782291,0.0269087241468008,-0.0043328214921356,0.1141185835560808
SENSITIVITY_AUGMENTED,CON,left,53,0.5252525252525253,12,0.0573895110461904,0.0567781864184796,0.0163904506064039,0.0213143724942802,0.0934646495981006
SENSITIVITY_AUGMENTED,CON,left,54,0.5353535353535354,12,0.0319159811592744,0.0383429032968881,0.011068642769985,0.0075540626801816,0.0562778996383672
SENSITIVITY_AUGMENTED,CON,left,55,0.5454545454545455,12,0.069006509795877,0.0677354467283563,0.019553539201148,0.02596946018688,0.112043559404874
SENSITIVITY_AUGMENTED,CON,left,56,0.5555555555555556,12,0.0206774475161123,0.017363474736139,0.0050124034064885,0.0096452220020381,0.0317096730301864
SENSITIVITY_AUGMENTED,CON,left,57,0.5656565656565657,12,0.0291379098857594,0.0291142826933137,0.0084045694751237,0.0106395771940528,0.047636242577466
SENSITIVITY_AUGMENTED,CON,left,58,0.5757575757575758,12,0.0335934043079552,0.0496688366600497,0.0143381581080076,0.0020353310891828,0.0651514775267276
SENSITIVITY_AUGMENTED,CON,left,59,0.5858585858585859,12,0.023103798288749,0.0234288654110481,0.006763330875938,0.0082178073980197,0.0379897891794782
SENSITIVITY_AUGMENTED,CON,left,60,0.595959595959596,12,0.0218323723296002,0.0175058286165038,0.0050534974320629,0.0107096994750684,0.032955045184132
SENSITIVITY_AUGMENTED,CON,left,61,0.6060606060606061,12,0.0488459356465341,0.0779761833472985,0.0225097852229712,-0.0006977675860755,0.0983896388791438
SENSITIVITY_AUGMENTED,CON,left,62,0.6161616161616162,12,0.0303048079849936,0.0339047239687828,0.0097874507550883,0.0087627741179164,0.0518468418520708
SENSITIVITY_AUGMENTED,CON,left,63,0.6262626262626263,12,0.0197630852993002,0.0184463969228937,0.0053250161145056,0.0080428038540243,0.031483366744576
SENSITIVITY_AUGMENTED,CON,left,64,0.6363636363636365,13,0.0272680584028981,0.0229067282984368,0.0063531833410104,0.0134256610302765,0.0411104557755198
SENSITIVITY_AUGMENTED,CON,left,65,0.6464646464646465,13,0.077425741652399,0.1022425758135878,0.028356988433185,0.0156411714434503,0.1392103118613478
SENSITIVITY_AUGMENTED,CON,left,66,0.6565656565656566,13,0.0817028532886439,0.122047170109806,0.0338497946043216,0.0079504865231473,0.1554552200541405
SENSITIVITY_AUGMENTED,CON,left,67,0.6666666666666667,12,0.0261121853509387,0.021413914701234,0.0061816647085805,0.0125064330626906,0.0397179376391867
SENSITIVITY_AUGMENTED,CON,left,68,0.6767676767676768,13,0.1139960675083445,0.1853652647221423,0.0514110743573569,0.0019809591115593,0.2260111759051297
SENSITIVITY_AUGMENTED,CON,left,69,0.686868686868687,13,0.069046704325683,0.0660451169107047,0.018317619655043,0.0291360396123106,0.1089573690390554
SENSITIVITY_AUGMENTED,CON,left,70,0.696969696969697,12,0.0436804571104727,0.0522545269581014,0.0150845826028182,0.0104795146554933,0.0768813995654521
SENSITIVITY_AUGMENTED,CON,left,71,0.7070707070707072,12,0.0382752400227715,0.0426689940000633,0.0123174775859935,0.0111646546462383,0.0653858253993047
SENSITIVITY_AUGMENTED,CON,left,72,0.7171717171717172,12,0.0606185659811927,0.0642419878388705,0.0185450644860242,0.0198011542545107,0.1014359777078746
SENSITIVITY_AUGMENTED,CON,left,73,0.7272727272727273,12,0.045831157373588,0.0571655653030476,0.0165022772580458,0.0095098900209113,0.0821524247262646
SENSITIVITY_AUGMENTED,CON,left,74,0.7373737373737375,13,0.0716173852609881,0.1166383164078677,0.0323496484994123,0.0011335560752433,0.1421012144467328
SENSITIVITY_AUGMENTED,CON,left,75,0.7474747474747475,13,0.040786566036016,0.0372716082286143,0.0103372841990211,0.0182635585992725,0.0633095734727596
SENSITIVITY_AUGMENTED,CON,left,76,0.7575757575757577,12,0.0611359680997246,0.0582880834008499,0.016826320321014,0.0241014867742244,0.0981704494252249
SENSITIVITY_AUGMENTED,CON,left,77,0.7676767676767677,12,0.0425240775811677,0.0418405421459026,0.0120783241354883,0.0159398654001811,0.0691082897621543
SENSITIVITY_AUGMENTED,CON,left,78,0.7777777777777778,12,0.0721553983060634,0.0953439714563123,0.0275234337929549,0.0115767289730048,0.132734067639122
SENSITIVITY_AUGMENTED,CON,left,79,0.787878787878788,12,0.0304948051546718,0.0402612202027547,0.0116224131609816,0.0049140462628975,0.0560755640464461
SENSITIVITY_AUGMENTED,CON,left,80,0.797979797979798,13,0.0390598427841368,0.0462717335237266,0.0128334698326463,0.0110981140636197,0.067021571504654
SENSITIVITY_AUGMENTED,CON,left,81,0.8080808080808082,12,0.0748861987734722,0.1017774884340589,0.0293806301724239,0.0102198677698263,0.139552529777118
SENSITIVITY_AUGMENTED,CON,left,82,0.8181818181818182,12,0.0702925896522871,0.0776148932059563,0.0224054897427914,0.0209784392238177,0.1196067400807566
SENSITIVITY_AUGMENTED,CON,left,83,0.8282828282828284,12,0.0773494435173825,0.1201376850629626,0.0346807624054599,0.001017600122301,0.153681286912464
SENSITIVITY_AUGMENTED,CON,left,84,0.8383838383838385,12,0.0578780775100251,0.0831088858069413,0.0239914687963437,0.0050732107204709,0.1106829442995792
SENSITIVITY_AUGMENTED,CON,left,85,0.8484848484848485,12,0.0517862617648273,0.0804042747990163,0.0232107148496043,0.0006998228257294,0.1028727007039251
SENSITIVITY_AUGMENTED,CON,left,86,0.8585858585858587,12,0.0842062318019858,0.1024633646732357,0.0295786255880837,0.0191041158267067,0.1493083477772649
SENSITIVITY_AUGMENTED,CON,left,87,0.8686868686868687,13,0.0562449110169288,0.0509185884757396,0.0141222755095022,0.02547511595273,0.0870147060811275
SENSITIVITY_AUGMENTED,CON,left,88,0.8787878787878789,13,0.0934347467868321,0.1122845540815989,0.0311421320910626,0.0255818698436333,0.161287623730031
SENSITIVITY_AUGMENTED,CON,left,89,0.888888888888889,12,0.1146174297085781,0.1384785362842559,0.0399753101003502,0.0266323654076458,0.2026024940095104
SENSITIVITY_AUGMENTED,CON,left,90,0.8989898989898991,13,0.0486208540358301,0.0471888313267767,0.0130878269983011,0.0201049286594664,0.0771367794121938
SENSITIVITY_AUGMENTED,CON,left,91,0.9090909090909092,12,0.0949988640442184,0.1471391940813295,0.0424754266556,0.0015110803066818,0.1884866477817551
SENSITIVITY_AUGMENTED,CON,left,92,0.9191919191919192,12,0.1864580640902846,0.1937341708599396,0.0559262378486075,0.063365244525744,0.3095508836548253
SENSITIVITY_AUGMENTED,CON,left,93,0.9292929292929294,12,0.1441785497950675,0.2207215643864896,0.0637168273072475,0.0039387584436939,0.2844183411464411
SENSITIVITY_AUGMENTED,CON,left,94,0.9393939393939394,12,0.1527595761572547,0.2150135654723063,0.0620690699524286,0.0161464742912694,0.2893726780232399
SENSITIVITY_AUGMENTED,CON,left,95,0.9494949494949496,12,0.0563933856469598,0.0432290927120679,0.0124791641570678,0.028926930526906,0.0838598407670137
SENSITIVITY_AUGMENTED,CON,left,96,0.9595959595959596,13,0.0581686769777131,0.0700284374638076,0.0194223940012601,0.0158509157449157,0.1004864382105105
SENSITIVITY_AUGMENTED,CON,left,97,0.9696969696969696,13,0.0994659279320765,0.1112306675934259,0.0308498365701683,0.0322499082198565,0.1666819476442965
SENSITIVITY_AUGMENTED,CON,left,98,0.97979797979798,12,0.0856022972524619,0.0891620407547556,0.0257388641156272,0.0289514392963511,0.1422531552085727
SENSITIVITY_AUGMENTED,CON,left,99,0.98989898989899,13,0.0870299819630023,0.1193068700635012,0.033089772117621,0.0149335619423646,0.1591264019836399
SENSITIVITY_AUGMENTED,CON,right,1,0.0,4,0.1120627487033086,0.051623637046885,0.0258118185234425,0.0299180222107253,0.1942074751958918
SENSITIVITY_AUGMENTED,CON,right,2,0.0101010101010101,16,0.1423308917399138,0.2546560960744355,0.0636640240186088,0.0066342366769432,0.2780275468028844
SENSITIVITY_AUGMENTED,CON,right,3,0.0202020202020202,16,0.0726797034294685,0.1177900807216188,0.0294475201804047,0.0099137999230825,0.1354456069358544
SENSITIVITY_AUGMENTED,CON,right,4,0.0303030303030303,16,0.3322606104949166,0.9950335883867086,0.2487583970966771,-0.197955361950974,0.8624765829408073
SENSITIVITY_AUGMENTED,CON,right,5,0.0404040404040404,15,0.0334764262160231,0.0315296064834465,0.0081409093881907,0.0160159121326864,0.0509369402993597
SENSITIVITY_AUGMENTED,CON,right,6,0.0505050505050505,15,0.0629013069773259,0.0799796804106266,0.0206506646843565,0.0186100362656636,0.1071925776889882
SENSITIVITY_AUGMENTED,CON,right,7,0.0606060606060606,16,0.0476695686888653,0.0702428960731888,0.0175607240182972,0.0102397714603651,0.0850993659173655
SENSITIVITY_AUGMENTED,CON,right,8,0.0707070707070707,16,0.0801172698249113,0.0815652558263363,0.020391313956584,0.0366542129587834,0.1235803266910391
SENSITIVITY_AUGMENTED,CON,right,9,0.0808080808080808,16,0.058426903340126,0.0707533413885224,0.0176883353471306,0.0207251090027755,0.0961286976774765
SENSITIVITY_AUGMENTED,CON,right,10,0.0909090909090909,16,0.0512173570845406,0.0712571429847288,0.0178142857461822,0.0132471058263685,0.0891876083427127
SENSITIVITY_AUGMENTED,CON,right,11,0.101010101010101,16,0.0448421051770127,0.0421058911036094,0.0105264727759023,0.0224054595624683,0.0672787507915572
SENSITIVITY_AUGMENTED,CON,right,12,0.1111111111111111,16,0.0955860253109827,0.228445677725019,0.0571114194312547,-0.0261440836820389,0.2173161343040044
SENSITIVITY_AUGMENTED,CON,right,13,0.1212121212121212,16,0.0674957598206741,0.1396837040621664,0.0349209260155416,-0.0069364320656785,0.1419279517070268
SENSITIVITY_AUGMENTED,CON,right,14,0.1313131313131313,16,0.0610024352571153,0.0870650813334577,0.0217662703333644,0.0146087282465345,0.1073961422676962
SENSITIVITY_AUGMENTED,CON,right,15,0.1414141414141414,16,0.0272305009860761,0.0249592958274246,0.0062398239568561,0.013930631048862,0.0405303709232902
SENSITIVITY_AUGMENTED,CON,right,16,0.1515151515151515,16,0.0734204013174291,0.1494742526065317,0.0373685631516329,-0.0062288056303406,0.1530696082651989
SENSITIVITY_AUGMENTED,CON,right,17,0.1616161616161616,16,0.0409005901030414,0.0455030000044735,0.0113757500011183,0.0166537529327559,0.0651474272733268
SENSITIVITY_AUGMENTED,CON,right,18,0.1717171717171717,16,0.0329336060238997,0.0315905796129063,0.0078976449032265,0.0161001743839249,0.0497670376638745
SENSITIVITY_AUGMENTED,CON,right,19,0.1818181818181818,16,0.0349715619104198,0.0439327898922873,0.0109831974730718,0.0115614306476475,0.058381693173192
SENSITIVITY_AUGMENTED,CON,right,20,0.1919191919191919,16,0.0333863793966596,0.0330595873010037,0.0082648968252509,0.0157701688143801,0.0510025899789392
SENSITIVITY_AUGMENTED,CON,right,21,0.202020202020202,16,0.0469289306313076,0.0849366436790522,0.021234160919763,0.0016693879885355,0.0921884732740798
SENSITIVITY_AUGMENTED,CON,right,22,0.2121212121212121,16,0.0660008340289879,0.1123786567527742,0.0280946641881935,0.0061184748124082,0.1258831932455675
SENSITIVITY_AUGMENTED,CON,right,23,0.2222222222222222,16,0.0337772510872824,0.0371725127706527,0.0092931281926631,0.0139694172242017,0.0535850849503631
SENSITIVITY_AUGMENTED,CON,right,24,0.2323232323232323,16,0.0514278145322136,0.0654620763627726,0.0163655190906931,0.0165455363035059,0.0863100927609214
SENSITIVITY_AUGMENTED,CON,right,25,0.2424242424242424,16,0.03043610529274,0.0295181249005669,0.0073795312251417,0.0147070068164675,0.0461652037690126
SENSITIVITY_AUGMENTED,CON,right,26,0.2525252525252525,16,0.0191455724258241,0.0087637977646627,0.0021909494411656,0.0144756742351071,0.0238154706165412
SENSITIVITY_AUGMENTED,CON,right,27,0.2626262626262626,16,0.0482232687820672,0.0814975957399073,0.0203743989349768,0.0047962654310572,0.0916502721330772
SENSITIVITY_AUGMENTED,CON,right,28,0.2727272727272727,16,0.0324944748739147,0.0602194122845955,0.0150548530711488,0.0004058151369452,0.0645831346108842
SENSITIVITY_AUGMENTED,CON,right,29,0.2828282828282829,16,0.1155448213883931,0.3831998351135239,0.0957999587783809,-0.0886479572144322,0.3197375999912185
SENSITIVITY_AUGMENTED,CON,right,30,0.2929292929292929,15,0.0354963195626948,0.0731423408635889,0.018885271204487,-0.0050085587144064,0.0760011978397961
SENSITIVITY_AUGMENTED,CON,right,31,0.303030303030303,15,0.039266440663882,0.0720333534273506,0.0185989318797067,-0.0006243008412031,0.0791571821689671
SENSITIVITY_AUGMENTED,CON,right,32,0.3131313131313131,16,0.0380185631053776,0.0615570593995494,0.0153892648498873,0.0052171215345861,0.070820004676169
SENSITIVITY_AUGMENTED,CON,right,33,0.3232323232323232,16,0.0307563898535747,0.0398854231095007,0.0099713557773751,0.0095029481132735,0.0520098315938759
SENSITIVITY_AUGMENTED,CON,right,34,0.3333333333333333,16,0.0390781799762414,0.0542544215607117,0.0135636053901779,0.0101680394311945,0.0679883205212883
SENSITIVITY_AUGMENTED,CON,right,35,0.3434343434343435,16,0.0514893544612405,0.0815591199420397,0.0203897799855099,0.0080295671770616,0.0949491417454194
SENSITIVITY_AUGMENTED,CON,right,36,0.3535353535353536,16,0.028764407477641,0.0307849483761984,0.0076962370940496,0.0123602664210087,0.0451685485342733
SENSITIVITY_AUGMENTED,CON,right,37,0.3636363636363636,16,0.0332344175794785,0.0310348821134176,0.0077587205283544,0.0166970962351922,0.0497717389237648
SENSITIVITY_AUGMENTED,CON,right,38,0.3737373737373737,16,0.0962592249324067,0.2834579837767678,0.0708644959441919,-0.0547848727441637,0.2473033226089772
SENSITIVITY_AUGMENTED,CON,right,39,0.3838383838383838,16,0.0359684386695093,0.0575918075294603,0.014397951882365,0.0052799306728507,0.0666569466661679
SENSITIVITY_AUGMENTED,CON,right,40,0.393939393939394,16,0.022161158055831,0.0152070510059146,0.0038017627514786,0.0140578925668657,0.0302644235447963
SENSITIVITY_AUGMENTED,CON,right,41,0.4040404040404041,16,0.0300595385059396,0.0355597054663853,0.0088899263665963,0.011111108991798,0.0490079680200812
SENSITIVITY_AUGMENTED,CON,right,42,0.4141414141414142,16,0.0226630459524221,0.0276335554430872,0.0069083888607718,0.0079381636545798,0.0373879282502643
SENSITIVITY_AUGMENTED,CON,right,43,0.4242424242424242,16,0.0338107296441957,0.0323511539453098,0.0080877884863274,0.0165720165504294,0.051049442737962
SENSITIVITY_AUGMENTED,CON,right,44,0.4343434343434343,16,0.0896168702660458,0.2126763944879228,0.0531690986219807,-0.0237103808295978,0.2029441213616894
SENSITIVITY_AUGMENTED,CON,right,45,0.4444444444444445,16,0.0478520167982407,0.0889584704686757,0.0222396176171689,0.0004493939347028,0.0952546396617786
SENSITIVITY_AUGMENTED,CON,right,46,0.4545454545454546,16,0.0319154293469483,0.0500672140882635,0.0125168035220658,0.00523649416798,0.0585943645259167
SENSITIVITY_AUGMENTED,CON,right,47,0.4646464646464647,16,0.0275166402483133,0.0239452591860922,0.005986314796523,0.0147571122956864,0.0402761682009401
SENSITIVITY_AUGMENTED,CON,right,48,0.4747474747474748,16,0.0245097777713872,0.0176863212673523,0.004421580316838,0.0150854024144066,0.0339341531283678
SENSITIVITY_AUGMENTED,CON,right,49,0.4848484848484848,16,0.0233976455859009,0.0130609947921199,0.0032652486980299,0.0164379327323453,0.0303573584394566
SENSITIVITY_AUGMENTED,CON,right,50,0.494949494949495,16,0.0195118989302094,0.011881938863252,0.002970484715813,0.0131804606325975,0.0258433372278212
SENSITIVITY_AUGMENTED,CON,right,51,0.5050505050505051,16,0.0411469852925382,0.0468291298980807,0.0117072824745201,0.0161935033824822,0.0661004672025942
SENSITIVITY_AUGMENTED,CON,right,52,0.5151515151515152,16,0.0314318736725407,0.0224456683138406,0.0056114170784601,0.0194714212907104,0.0433923260543709
SENSITIVITY_AUGMENTED,CON,right,53,0.5252525252525253,16,0.0310390728400666,0.0327267670568459,0.0081816917642114,0.0136002096473279,0.0484779360328054
SENSITIVITY_AUGMENTED,CON,right,54,0.5353535353535354,16,0.0359881262632628,0.0551357103483566,0.0137839275870891,0.0066083800717327,0.0653678724547928
SENSITIVITY_AUGMENTED,CON,right,55,0.5454545454545455,16,0.057996364042622,0.0685005804928062,0.0171251451232015,0.0214949812521288,0.0944977468331151
SENSITIVITY_AUGMENTED,CON,right,56,0.5555555555555556,16,0.0370252623950105,0.0370435492461787,0.0092608873115446,0.0172861483433383,0.0567643764466828
SENSITIVITY_AUGMENTED,CON,right,57,0.5656565656565657,16,0.0318854327219725,0.0322430638564637,0.0080607659641159,0.0147043167708938,0.0490665486730511
SENSITIVITY_AUGMENTED,CON,right,58,0.5757575757575758,15,0.0901284910450628,0.2599133127707889,0.0671093287879243,-0.0538067039743762,0.234063686064502
SENSITIVITY_AUGMENTED,CON,right,59,0.5858585858585859,15,0.0535467673481875,0.0929664517316852,0.0240038346208541,0.002063662394399,0.1050298723019761
SENSITIVITY_AUGMENTED,CON,right,60,0.595959595959596,15,0.0566804827237013,0.0915178370010474,0.0236298039057321,0.0059995938685789,0.1073613715788236
SENSITIVITY_AUGMENTED,CON,right,61,0.6060606060606061,15,0.0587417114712746,0.0788585886809499,0.0203612000444493,0.0150712806659083,0.102412142276641
SENSITIVITY_AUGMENTED,CON,right,62,0.6161616161616162,15,0.0845128194309579,0.1324997943293983,0.0342112997875778,0.0111368790701957,0.1578887597917201
SENSITIVITY_AUGMENTED,CON,right,63,0.6262626262626263,16,0.0570926271706481,0.0748970147420127,0.0187242536855031,0.0171828251617363,0.0970024291795598
SENSITIVITY_AUGMENTED,CON,right,64,0.6363636363636365,16,0.0708742774606398,0.1026323804095911,0.0256580951023977,0.0161853423147046,0.1255632126065751
SENSITIVITY_AUGMENTED,CON,right,65,0.6464646464646465,16,0.0796976827374511,0.1331092969757957,0.0332773242439489,0.0087687451002408,0.1506266203746614
SENSITIVITY_AUGMENTED,CON,right,66,0.6565656565656566,16,0.0426388889635499,0.0440835235625906,0.0110208808906476,0.0191484373975106,0.0661293405295893
SENSITIVITY_AUGMENTED,CON,right,67,0.6666666666666667,16,0.0798525604521744,0.1195847388714014,0.0298961847178503,0.0161303511213412,0.1435747697830077
SENSITIVITY_AUGMENTED,CON,right,68,0.6767676767676768,15,0.1093891987927997,0.1469342817257976,0.0379382684073975,0.0280197057499609,0.1907586918356386
SENSITIVITY_AUGMENTED,CON,right,69,0.686868686868687,14,0.0663291963330326,0.1198326579692755,0.0320266249905353,-0.0028601204688078,0.1355185131348731
SENSITIVITY_AUGMENTED,CON,right,70,0.696969696969697,15,0.087197534771761,0.1089991455707692,0.0281434583697618,0.0268358199083269,0.147559249635195
SENSITIVITY_AUGMENTED,CON,right,71,0.7070707070707072,16,0.0947822678030544,0.1467036813977906,0.0366759203494476,0.0166093940412376,0.1729551415648711
SENSITIVITY_AUGMENTED,CON,right,72,0.7171717171717172,16,0.1691715722933716,0.248279236731968,0.062069809182992,0.0368729057173013,0.3014702388694419
SENSITIVITY_AUGMENTED,CON,right,73,0.7272727272727273,15,0.0814383145848675,0.117251486348189,0.0302742035963068,0.0165066057241953,0.1463700234455397
SENSITIVITY_AUGMENTED,CON,right,74,0.7373737373737375,16,0.1246371714224854,0.154202277568196,0.038550569392049,0.042468577810732,0.2068057650342389
SENSITIVITY_AUGMENTED,CON,right,75,0.7474747474747475,16,0.0454699948554816,0.0392368657876631,0.0098092164469157,0.0245621449174054,0.0663778447935577
SENSITIVITY_AUGMENTED,CON,right,76,0.7575757575757577,15,0.1272360334487093,0.2039412514140668,0.0526574046887587,0.0142971328519591,0.2401749340454596
SENSITIVITY_AUGMENTED,CON,right,77,0.7676767676767677,15,0.0699142524801758,0.0447085750440559,0.0115437044385528,0.0451554688711099,0.0946730360892417
SENSITIVITY_AUGMENTED,CON,right,78,0.7777777777777778,15,0.0529944262099652,0.0622973732994613,0.0160851126200853,0.0184952907887474,0.0874935616311829
SENSITIVITY_AUGMENTED,CON,right,79,0.787878787878788,14,0.1049201666203569,0.1420494676799342,0.037964317145138,0.0229032457959878,0.1869370874447261
SENSITIVITY_AUGMENTED,CON,right,80,0.797979797979798,14,0.0807300108852395,0.1131616544685521,0.0302437243101298,0.0153924168309332,0.1460676049395459
SENSITIVITY_AUGMENTED,CON,right,81,0.8080808080808082,15,0.2430609844600617,0.5294392662745568,0.1367006307406421,-0.0501327085824349,0.5362546775025584
SENSITIVITY_AUGMENTED,CON,right,82,0.8181818181818182,15,0.146516788031874,0.2245170264382496,0.05797004695569,0.0221834030233399,0.2708501730404081
SENSITIVITY_AUGMENTED,CON,right,83,0.8282828282828284,16,0.1638997961686105,0.197847039981726,0.0494617599954315,0.0584745503037613,0.2693250420334597
SENSITIVITY_AUGMENTED,CON,right,84,0.8383838383838385,15,0.0822729594059001,0.0627002840727653,0.0161891437344196,0.047550699435529,0.1169952193762713
SENSITIVITY_AUGMENTED,CON,right,85,0.8484848484848485,15,0.1730460374920124,0.2712314541765618,0.0700316603328962,0.0228430646772352,0.3232490103067897
SENSITIVITY_AUGMENTED,CON,right,86,0.8585858585858587,15,0.1435547516029687,0.1387281069803327,0.0358194431990472,0.0667296866610241,0.2203798165449132
SENSITIVITY_AUGMENTED,CON,right,87,0.8686868686868687,15,0.2847299254767926,0.2455652219707143,0.0634046676733536,0.1487404382991315,0.4207194126544538
SENSITIVITY_AUGMENTED,CON,right,88,0.8787878787878789,15,0.170890829559979,0.3339448738833774,0.0862241956734438,-0.0140416774968431,0.3558233366168012
SENSITIVITY_AUGMENTED,CON,right,89,0.888888888888889,14,0.2127073262169962,0.3085957557624378,0.0824756849339723,0.0345294415653419,0.3908852108686504
SENSITIVITY_AUGMENTED,CON,right,90,0.8989898989898991,13,0.1667678119482729,0.2330760336098848,0.0646436607894006,0.0259213744636704,0.3076142494328753
SENSITIVITY_AUGMENTED,CON,right,91,0.9090909090909092,12,0.2410150201118943,0.2667816004204063,0.0770132144087804,0.0715100780672131,0.4105199621565756
SENSITIVITY_AUGMENTED,CON,right,92,0.9191919191919192,14,0.1690592612707665,0.2558788170911945,0.0683864904348747,0.0213192308097707,0.3167992917317624
SENSITIVITY_AUGMENTED,CON,right,93,0.9292929292929294,13,0.1618064272562896,0.2873865779211323,0.0797066955826746,-0.0118595436896219,0.3354723982022013
SENSITIVITY_AUGMENTED,CON,right,94,0.9393939393939394,13,0.7452588717455348,1.569765698661958,0.435374670537711,-0.2033410461341727,1.6938587896252424
SENSITIVITY_AUGMENTED,CON,right,95,0.9494949494949496,13,0.3197055893695932,0.6209859189862315,0.1722305055573834,-0.0555524457989066,0.6949636245380931
SENSITIVITY_AUGMENTED,CON,right,96,0.9595959595959596,14,0.2305847322172695,0.1935440926377561,0.05172683456318,0.1188357001289392,0.3423337643055998
SENSITIVITY_AUGMENTED,CON,right,97,0.9696969696969696,14,0.2903484904355325,0.4743480349132479,0.1267748449096327,0.0164680890648306,0.5642288918062344
SENSITIVITY_AUGMENTED,CON,right,98,0.97979797979798,12,0.2559484401884792,0.2342954002057686,0.0676352561893458,0.1070842450167328,0.4048126353602255
SENSITIVITY_AUGMENTED,CON,right,99,0.98989898989899,12,0.189210240889603,0.1382635286177661,0.0399132427332874,0.101361785942502,0.277058695836704
SENSITIVITY_AUGMENTED,MST,left,1,0.0,2,0.0144210069483416,0.0126923029106308,0.0089748134569808,-0.0996148103050327,0.128456824201716
SENSITIVITY_AUGMENTED,MST,left,2,0.0101010101010101,9,0.0766280968386617,0.0744544912070163,0.0248181637356721,0.0193973086360277,0.1338588850412956
SENSITIVITY_AUGMENTED,MST,left,3,0.0202020202020202,9,0.1115107573631228,0.1859339436477832,0.0619779812159277,-0.0314107236124126,0.2544322383386583
SENSITIVITY_AUGMENTED,MST,left,4,0.0303030303030303,9,0.0407794332216256,0.0391017339548151,0.0130339113182717,0.0107231798238066,0.0708356866194445
SENSITIVITY_AUGMENTED,MST,left,5,0.0404040404040404,9,0.0330691478147626,0.0445332545632165,0.0148444181877388,-0.001162141910863,0.0673004375403882
SENSITIVITY_AUGMENTED,MST,left,6,0.0505050505050505,9,0.0966753021105201,0.1504121697659035,0.0501373899219678,-0.0189417263778813,0.2122923305989216
SENSITIVITY_AUGMENTED,MST,left,7,0.0606060606060606,9,0.0249470441191122,0.0265456460705277,0.0088485486901759,0.0045422542490111,0.0453518339892133
SENSITIVITY_AUGMENTED,MST,left,8,0.0707070707070707,9,0.0258398681418433,0.033083500490264,0.0110278334967546,0.000409638495984,0.0512700977877026
SENSITIVITY_AUGMENTED,MST,left,9,0.0808080808080808,9,0.0328685345640289,0.0590603524005403,0.0196867841335134,-0.0125292710567248,0.0782663401847827
SENSITIVITY_AUGMENTED,MST,left,10,0.0909090909090909,9,0.0428903040378869,0.0871438268668411,0.029047942288947,-0.0240943709995969,0.1098749790753708
SENSITIVITY_AUGMENTED,MST,left,11,0.101010101010101,9,0.0208985220257033,0.0196335306894994,0.0065445102298331,0.0058068543728221,0.0359901896785845
SENSITIVITY_AUGMENTED,MST,left,12,0.1111111111111111,9,0.0593089376534735,0.1227547365847405,0.0409182455282468,-0.035048705739963,0.1536665810469102
SENSITIVITY_AUGMENTED,MST,left,13,0.1212121212121212,9,0.0209270589424592,0.0260376141349258,0.0086792047116419,0.0009127769871294,0.040941340897789
SENSITIVITY_AUGMENTED,MST,left,14,0.1313131313131313,9,0.0353677638199613,0.0682829137872428,0.0227609712624142,-0.0171191300324291,0.0878546576723519
SENSITIVITY_AUGMENTED,MST,left,15,0.1414141414141414,9,0.0349393634100925,0.0523508047924479,0.0174502682641493,-0.0053010273674577,0.0751797541876428
SENSITIVITY_AUGMENTED,MST,left,16,0.1515151515151515,9,0.0439959239820207,0.0728814639271086,0.0242938213090362,-0.0120257284165277,0.1000175763805693
SENSITIVITY_AUGMENTED,MST,left,17,0.1616161616161616,9,0.0202436465489027,0.0160840056643669,0.0053613352214556,0.0078803853580102,0.0326069077397952
SENSITIVITY_AUGMENTED,MST,left,18,0.1717171717171717,8,0.073199784696763,0.08451617323677,0.0298809796078285,0.0025424956547421,0.1438570737387838
SENSITIVITY_AUGMENTED,MST,left,19,0.1818181818181818,8,0.0634906685357346,0.1332162497017598,0.0470990567641773,-0.0478809033159843,0.1748622403874536
SENSITIVITY_AUGMENTED,MST,left,20,0.1919191919191919,8,0.0168786472498079,0.0136652714424578,0.0048314030518584,0.0054541944241641,0.0283031000754517
SENSITIVITY_AUGMENTED,MST,left,21,0.202020202020202,8,0.0110804556979248,0.0047885957682364,0.0016930242700405,0.0070770894504517,0.015083821945398
SENSITIVITY_AUGMENTED,MST,left,22,0.2121212121212121,9,0.0441002947713633,0.0875775675353438,0.0291925225117812,-0.023217782857845,0.1114183724005717
SENSITIVITY_AUGMENTED,MST,left,23,0.2222222222222222,9,0.0174109743692221,0.0120946946448837,0.0040315648816279,0.0081141690808443,0.0267077796576
SENSITIVITY_AUGMENTED,MST,left,24,0.2323232323232323,9,0.03581780193753,0.0321589910761175,0.0107196636920391,0.0110982131356897,0.0605373907393703
SENSITIVITY_AUGMENTED,MST,left,25,0.2424242424242424,9,0.019125671278738,0.0130288955206534,0.0043429651735511,0.0091107756294813,0.0291405669279947
SENSITIVITY_AUGMENTED,MST,left,26,0.2525252525252525,9,0.0417498036541329,0.0399585613325058,0.0133195204441686,0.0110349344309437,0.0724646728773222
SENSITIVITY_AUGMENTED,MST,left,27,0.2626262626262626,9,0.0347720045792515,0.0435954712202234,0.0145318237400744,0.0012615589425817,0.0682824502159213
SENSITIVITY_AUGMENTED,MST,left,28,0.2727272727272727,9,0.0652538806179344,0.1559628382821295,0.0519876127607098,-0.0546297693876553,0.1851375306235241
SENSITIVITY_AUGMENTED,MST,left,29,0.2828282828282829,9,0.0410677679157658,0.0750400255960635,0.0250133418653545,-0.0166131018610171,0.0987486376925488
SENSITIVITY_AUGMENTED,MST,left,30,0.2929292929292929,9,0.0277600399690211,0.0260710101852384,0.0086903367284128,0.0077200875369845,0.0477999924010577
SENSITIVITY_AUGMENTED,MST,left,31,0.303030303030303,9,0.0401042496321934,0.0697259680641867,0.0232419893547289,-0.0134918739301826,0.0937003731945695
SENSITIVITY_AUGMENTED,MST,left,32,0.3131313131313131,9,0.0275309293402883,0.0338207681483601,0.0112735893827867,0.0015339856049884,0.0535278730755883
SENSITIVITY_AUGMENTED,MST,left,33,0.3232323232323232,9,0.0305464453377265,0.0462215905789084,0.0154071968596361,-0.0049826143324989,0.0660755050079521
SENSITIVITY_AUGMENTED,MST,left,34,0.3333333333333333,9,0.0298737898078705,0.030066210323766,0.010022070107922,0.0067628546956963,0.0529847249200448
SENSITIVITY_AUGMENTED,MST,left,35,0.3434343434343435,8,0.0481165066705708,0.1006203015278733,0.0355746487676971,-0.0360041705474212,0.1322371838885629
SENSITIVITY_AUGMENTED,MST,left,36,0.3535353535353536,9,0.0248750200330942,0.0298907777781479,0.0099635925927159,0.0018989343128015,0.0478511057533869
SENSITIVITY_AUGMENTED,MST,left,37,0.3636363636363636,9,0.0222660250870208,0.0276936172285619,0.0092312057428539,0.000978826471079,0.0435532237029625
SENSITIVITY_AUGMENTED,MST,left,38,0.3737373737373737,9,0.0383407657816661,0.053899182880145,0.0179663942933816,-0.0030898137535805,0.0797713453169128
SENSITIVITY_AUGMENTED,MST,left,39,0.3838383838383838,9,0.0180704567768335,0.0119860380692825,0.0039953460230941,0.0088571723260068,0.0272837412276603
SENSITIVITY_AUGMENTED,MST,left,40,0.393939393939394,9,0.0283703036287287,0.0234927632563999,0.0078309210854666,0.0103121672231851,0.0464284400342723
SENSITIVITY_AUGMENTED,MST,left,41,0.4040404040404041,9,0.0694219748709503,0.1161636130638245,0.0387212043546081,-0.0198692824908616,0.1587132322327623
SENSITIVITY_AUGMENTED,MST,left,42,0.4141414141414142,9,0.0296889357637979,0.036613718336763,0.012204572778921,0.0015451404672058,0.05783273106039
SENSITIVITY_AUGMENTED,MST,left,43,0.4242424242424242,9,0.0577074906684811,0.0347695464586821,0.0115898488195607,0.030981251364183,0.0844337299727792
SENSITIVITY_AUGMENTED,MST,left,44,0.4343434343434343,8,0.0234157478598044,0.0191026098165885,0.0067537924698352,0.0074455663954073,0.0393859293242015
SENSITIVITY_AUGMENTED,MST,left,45,0.4444444444444445,7,0.0374321238038576,0.0548239582408486,0.0207215084847822,-0.0132715808811571,0.0881358284888725
SENSITIVITY_AUGMENTED,MST,left,46,0.4545454545454546,7,0.0365374681028188,0.0332186122593854,0.0125554552767164,0.0058153757897005,0.067259560415937
SENSITIVITY_AUGMENTED,MST,left,47,0.4646464646464647,9,0.052666390068533,0.0720756164570648,0.0240252054856882,-0.0027358331305938,0.10806861326766
SENSITIVITY_AUGMENTED,MST,left,48,0.4747474747474748,9,0.0317418116528909,0.0223592740140349,0.0074530913380116,0.0145549522073817,0.0489286710984001
SENSITIVITY_AUGMENTED,MST,left,49,0.4848484848484848,9,0.0392707427939642,0.0401145487633382,0.013371516254446,0.0084359710172618,0.0701055145706665
SENSITIVITY_AUGMENTED,MST,left,50,0.494949494949495,9,0.0630160622953864,0.0796618699821031,0.026553956660701,0.0017825284297776,0.1242495961609953
SENSITIVITY_AUGMENTED,MST,left,51,0.5050505050505051,9,0.0428470928283284,0.0363852991113638,0.0121284330371212,0.0148788760911799,0.0708153095654769
SENSITIVITY_AUGMENTED,MST,left,52,0.5151515151515152,9,0.0321992018868464,0.0238258603275486,0.0079419534425162,0.013885024406805,0.0505133793668877
SENSITIVITY_AUGMENTED,MST,left,53,0.5252525252525253,9,0.0303740863190492,0.0230219494179477,0.0076739831393159,0.0126778494662996,0.0480703231717987
SENSITIVITY_AUGMENTED,MST,left,54,0.5353535353535354,9,0.0460489040462618,0.0599407376728767,0.0199802458909589,-2.562560068541941e-05,0.0921234336932091
SENSITIVITY_AUGMENTED,MST,left,55,0.5454545454545455,9,0.0572520623658421,0.0549796205063873,0.0183265401687957,0.0149909849526138,0.0995131397790704
SENSITIVITY_AUGMENTED,MST,left,56,0.5555555555555556,9,0.0707123237967304,0.1121345396163761,0.0373781798721253,-0.0154819135547958,0.1569065611482567
SENSITIVITY_AUGMENTED,MST,left,57,0.5656565656565657,9,0.0536016981488815,0.0523209017667512,0.017440300588917,0.0133842928716351,0.0938191034261279
SENSITIVITY_AUGMENTED,MST,left,58,0.5757575757575758,9,0.0497376729760318,0.0822736954213605,0.0274245651404535,-0.0135034876440299,0.1129788335960936
SENSITIVITY_AUGMENTED,MST,left,59,0.5858585858585859,9,0.0534195503326955,0.0608450880515879,0.0202816960171959,0.0066498754480878,0.1001892252173033
SENSITIVITY_AUGMENTED,MST,left,60,0.595959595959596,9,0.042141002501424,0.061807314170004,0.020602438056668,-0.00536830485254,0.0896503098553881
SENSITIVITY_AUGMENTED,MST,left,61,0.6060606060606061,9,0.0201228536701718,0.0220614534445417,0.0073538178148472,0.003164919379596,0.0370807879607477
SENSITIVITY_AUGMENTED,MST,left,62,0.6161616161616162,9,0.042037968538092,0.0217695954504686,0.0072565318168228,0.0253043761612578,0.0587715609149262
SENSITIVITY_AUGMENTED,MST,left,63,0.6262626262626263,9,0.0678298930438321,0.0765934148279389,0.0255311382759796,0.0089549826029536,0.1267048034847105
SENSITIVITY_AUGMENTED,MST,left,64,0.6363636363636365,9,0.0862435083217064,0.1188870391970449,0.0396290130656816,-0.0051411596818153,0.1776281763252282
SENSITIVITY_AUGMENTED,MST,left,65,0.6464646464646465,9,0.044607332957218,0.0388036110194073,0.0129345370064691,0.0147802371333489,0.0744344287810871
SENSITIVITY_AUGMENTED,MST,left,66,0.6565656565656566,9,0.0936083276384868,0.1047159645964025,0.0349053215321341,0.0131165118447544,0.1741001434322192
SENSITIVITY_AUGMENTED,MST,left,67,0.6666666666666667,9,0.1071405431824644,0.1389055509363972,0.0463018503121324,0.0003682848950828,0.2139128014698461
SENSITIVITY_AUGMENTED,MST,left,68,0.6767676767676768,9,0.0703700244299397,0.1350401119920718,0.0450133706640239,-0.0334309944607773,0.1741710433206568
SENSITIVITY_AUGMENTED,MST,left,69,0.686868686868687,9,0.0536789793126111,0.0599635764482856,0.0199878588160952,0.0075868942288185,0.0997710643964037
SENSITIVITY_AUGMENTED,MST,left,70,0.696969696969697,9,0.043748365094563,0.0329402614016606,0.0109800871338868,0.0184282387589178,0.0690684914302083
SENSITIVITY_AUGMENTED,MST,left,71,0.7070707070707072,9,0.0454796227972683,0.0325271719699385,0.0108423906566461,0.0204770251075432,0.0704822204869934
SENSITIVITY_AUGMENTED,MST,left,72,0.7171717171717172,9,0.0523317614542365,0.0694505944399456,0.0231501981466485,-0.0010526912027308,0.1057162141112039
SENSITIVITY_AUGMENTED,MST,left,73,0.7272727272727273,9,0.0587087956496319,0.0727364901126274,0.0242454967042091,0.0027985799896466,0.1146190113096172
SENSITIVITY_AUGMENTED,MST,left,74,0.7373737373737375,9,0.0674386123644201,0.1025694302238255,0.0341898100746085,-0.0114032310494722,0.1462804557783124
SENSITIVITY_AUGMENTED,MST,left,75,0.7474747474747475,9,0.0339927060083287,0.0244954142787772,0.0081651380929257,0.0151638638015289,0.0528215482151286
SENSITIVITY_AUGMENTED,MST,left,76,0.7575757575757577,9,0.0506000542069719,0.0421612048958103,0.0140537349652701,0.0181920832619957,0.0830080251519482
SENSITIVITY_AUGMENTED,MST,left,77,0.7676767676767677,9,0.0447075435956576,0.0391803672482256,0.0130601224160752,0.0145908472979155,0.0748242398933997
SENSITIVITY_AUGMENTED,MST,left,78,0.7777777777777778,9,0.0938938970610435,0.1990330131608186,0.0663443377202728,-0.0590964200692873,0.2468842141913745
SENSITIVITY_AUGMENTED,MST,left,79,0.787878787878788,8,0.0389614210349474,0.0287378777784069,0.0101603741270108,0.0149359539689617,0.0629868881009332
SENSITIVITY_AUGMENTED,MST,left,80,0.797979797979798,8,0.0511016149685038,0.0726780235471897,0.0256955616467267,-0.0096587332596435,0.1118619631966512
SENSITIVITY_AUGMENTED,MST,left,81,0.8080808080808082,8,0.0363049815995725,0.0366369910035316,0.0129531323904338,0.0056756906150606,0.0669342725840845
SENSITIVITY_AUGMENTED,MST,left,82,0.8181818181818182,8,0.1554249787440206,0.2094690352330429,0.0740584876309442,-0.0196955171443944,0.3305454746324355
SENSITIVITY_AUGMENTED,MST,left,83,0.8282828282828284,9,0.0839399206657444,0.1287005405433084,0.0429001801811028,-0.0149880722328824,0.1828679135643713
SENSITIVITY_AUGMENTED,MST,left,84,0.8383838383838385,9,0.062510656538517,0.0514212083093131,0.017140402769771,0.02298481687236,0.1020364962046739
SENSITIVITY_AUGMENTED,MST,left,85,0.8484848484848485,9,0.054159073917608,0.0524397810364584,0.0174799270121528,0.0138502899445166,0.0944678578906993
SENSITIVITY_AUGMENTED,MST,left,86,0.8585858585858587,8,0.0614493174569926,0.0666685261612413,0.0235708834701632,0.0057130347719771,0.117185600142008
SENSITIVITY_AUGMENTED,MST,left,87,0.8686868686868687,7,0.0679197388000533,0.0733928522798151,0.0277398907345843,4.267141213204484e-05,0.1357968061879747
SENSITIVITY_AUGMENTED,MST,left,88,0.8787878787878789,7,0.0781294761304246,0.0692521326463529,0.0261748458204438,0.0140819356904879,0.1421770165703614
SENSITIVITY_AUGMENTED,MST,left,89,0.888888888888889,8,0.0379830035598033,0.0182563883466241,0.0064546079999365,0.0227202809486287,0.053245726170978
SENSITIVITY_AUGMENTED,MST,left,90,0.8989898989898991,8,0.096395251961895,0.0881826986798189,0.0311772921099149,0.0226726709397977,0.1701178329839923
SENSITIVITY_AUGMENTED,MST,left,91,0.9090909090909092,9,0.0933669724880146,0.0756865031195554,0.0252288343731851,0.0351891760970687,0.1515447688789606
SENSITIVITY_AUGMENTED,MST,left,92,0.9191919191919192,9,0.1286303561482817,0.1349085181784857,0.0449695060594952,0.0249304892169969,0.2323302230795665
SENSITIVITY_AUGMENTED,MST,left,93,0.9292929292929294,9,0.1557963307189541,0.1634625127383334,0.0544875042461111,0.0301479206104672,0.281444740827441
SENSITIVITY_AUGMENTED,MST,left,94,0.9393939393939394,9,0.0712426957500812,0.0592749815551831,0.019758327185061,0.0256799115566135,0.1168054799435489
SENSITIVITY_AUGMENTED,MST,left,95,0.9494949494949496,8,0.0989860210507678,0.0816612937470292,0.0288716272844954,0.0307154709909018,0.1672565711106337
SENSITIVITY_AUGMENTED,MST,left,96,0.9595959595959596,9,0.3376856880440341,0.7374315151171735,0.2458105050390578,-0.2291543530526577,0.904525729140726
SENSITIVITY_AUGMENTED,MST,left,97,0.9696969696969696,8,0.1448997517281749,0.2223407020212581,0.0786093090665045,-0.0409817268914343,0.3307812303477841
SENSITIVITY_AUGMENTED,MST,left,98,0.97979797979798,9,0.2587553734382501,0.4713890400105995,0.1571296800035332,-0.1035863184132047,0.621097065289705
SENSITIVITY_AUGMENTED,MST,left,99,0.98989898989899,9,0.0638931251176418,0.0531475858364121,0.0177158619454707,0.0230402742126802,0.1047459760226033
SENSITIVITY_AUGMENTED,MST,right,1,0.0,2,0.1813343005443687,0.2426541542220222,0.1715823979334781,-1.9988267767222028,2.36149537781094
SENSITIVITY_AUGMENTED,MST,right,2,0.0101010101010101,16,0.1120379585627973,0.1478875934465802,0.036971898361645,0.0332342226013868,0.1908416945242079
SENSITIVITY_AUGMENTED,MST,right,3,0.0202020202020202,16,0.0841442879515986,0.1000960891244133,0.0250240222811033,0.0308068470324632,0.1374817288707341
SENSITIVITY_AUGMENTED,MST,right,4,0.0303030303030303,16,0.0723556451604838,0.0939722866908368,0.0234930716727092,0.0222813482198845,0.1224299421010831
SENSITIVITY_AUGMENTED,MST,right,5,0.0404040404040404,16,0.0517262220044103,0.0537252302698063,0.0134313075674515,0.0230980675934921,0.0803543764153286
SENSITIVITY_AUGMENTED,MST,right,6,0.0505050505050505,16,0.1031881230773782,0.1730809322724829,0.0432702330681207,0.0109598044680667,0.1954164416866897
SENSITIVITY_AUGMENTED,MST,right,7,0.0606060606060606,16,0.0589831378481659,0.1143826023159279,0.0285956505789819,-0.0019670485833913,0.1199333242797232
SENSITIVITY_AUGMENTED,MST,right,8,0.0707070707070707,16,0.0470360124283591,0.0532384706262569,0.0133096176565642,0.0186672339227009,0.0754047909340173
SENSITIVITY_AUGMENTED,MST,right,9,0.0808080808080808,16,0.1045709808146947,0.1577493182501435,0.0394373295625358,0.0205123026405364,0.1886296589888529
SENSITIVITY_AUGMENTED,MST,right,10,0.0909090909090909,16,0.0677341242086332,0.0810233595007299,0.0202558398751824,0.0245598235117439,0.1109084249055225
SENSITIVITY_AUGMENTED,MST,right,11,0.101010101010101,16,0.0312051187116116,0.0349283831222082,0.008732095780552,0.0125930971283695,0.0498171402948537
SENSITIVITY_AUGMENTED,MST,right,12,0.1111111111111111,16,0.0549987182713616,0.1076760904497552,0.0269190226124388,-0.0023778202428343,0.1123752567855577
SENSITIVITY_AUGMENTED,MST,right,13,0.1212121212121212,16,0.0322514422427389,0.0445681252465193,0.0111420313116298,0.0085027646669526,0.0560001198185251
SENSITIVITY_AUGMENTED,MST,right,14,0.1313131313131313,16,0.0347017964548964,0.0286669990427084,0.0071667497606771,0.0194262309343605,0.0499773619754323
SENSITIVITY_AUGMENTED,MST,right,15,0.1414141414141414,16,0.0327737141642221,0.037847820617686,0.0094619551544215,0.0126060341502234,0.0529413941782208
SENSITIVITY_AUGMENTED,MST,right,16,0.1515151515151515,16,0.0532261350464895,0.1355919108715326,0.0338979777178831,-0.0190256941556879,0.1254779642486669
SENSITIVITY_AUGMENTED,MST,right,17,0.1616161616161616,16,0.0386533260393347,0.0624458277886201,0.015611456947155,0.0053782932237951,0.0719283588548743
SENSITIVITY_AUGMENTED,MST,right,18,0.1717171717171717,16,0.103699364962575,0.1460050075873664,0.0365012518968416,0.0258987881946891,0.181499941730461
SENSITIVITY_AUGMENTED,MST,right,19,0.1818181818181818,16,0.0473166116301799,0.100147584607794,0.0250368961519485,-0.006048269295118,0.1006814925554778
SENSITIVITY_AUGMENTED,MST,right,20,0.1919191919191919,16,0.0463767954135492,0.0572083474099892,0.0143020868524973,0.0158926188912374,0.0768609719358611
SENSITIVITY_AUGMENTED,MST,right,21,0.202020202020202,16,0.0562886321536818,0.0577972925466519,0.0144493231366629,0.0254906289203951,0.0870866353869685
SENSITIVITY_AUGMENTED,MST,right,22,0.2121212121212121,16,0.0706659256705579,0.0824712262253698,0.0206178065563424,0.0267201112556025,0.1146117400855134
SENSITIVITY_AUGMENTED,MST,right,23,0.2222222222222222,16,0.1258120864674422,0.2201675845082696,0.0550418961270674,0.008493061980656,0.2431311109542284
SENSITIVITY_AUGMENTED,MST,right,24,0.2323232323232323,15,0.0631204408862392,0.0542729075814352,0.0140132044808768,0.0330651064605844,0.093175775311894
SENSITIVITY_AUGMENTED,MST,right,25,0.2424242424242424,15,0.0384652840147025,0.042913040973809,0.0110800995351119,0.0147008340309902,0.0622297339984149
SENSITIVITY_AUGMENTED,MST,right,26,0.2525252525252525,15,0.0543795469326063,0.0536834727580155,0.0138610130638915,0.0246506306321169,0.0841084632330958
SENSITIVITY_AUGMENTED,MST,right,27,0.2626262626262626,15,0.0644840817416898,0.0586073756588553,0.0151323593261112,0.0320283989022576,0.096939764581122
SENSITIVITY_AUGMENTED,MST,right,28,0.2727272727272727,15,0.0506257278221723,0.0562768286744547,0.0145306146822354,0.0194606588844507,0.0817907967598938
SENSITIVITY_AUGMENTED,MST,right,29,0.2828282828282829,15,0.0618119840604269,0.0740820275672782,0.0191278972680898,0.0207867246319685,0.1028372434888853
SENSITIVITY_AUGMENTED,MST,right,30,0.2929292929292929,15,0.0555116493634596,0.0962324419909659,0.0248471096797254,0.0022198992891508,0.1088033994377685
SENSITIVITY_AUGMENTED,MST,right,31,0.303030303030303,16,0.0663480749614547,0.0622515335993802,0.015562883399845,0.0331765742112551,0.0995195757116542
SENSITIVITY_AUGMENTED,MST,right,32,0.3131313131313131,15,0.0894543191625112,0.0768862746636246,0.0198519507549431,0.0468761194541093,0.1320325188709131
SENSITIVITY_AUGMENTED,MST,right,33,0.3232323232323232,16,0.1427226199246466,0.3937037665632836,0.0984259416408209,-0.067067308656974,0.3525125485062673
SENSITIVITY_AUGMENTED,MST,right,34,0.3333333333333333,16,0.202733356733647,0.3327220141037724,0.0831805035259431,0.0254383102938422,0.3800284031734517
SENSITIVITY_AUGMENTED,MST,right,35,0.3434343434343435,16,0.0929334299931883,0.0650341111486903,0.0162585277871725,0.0582791983297482,0.1275876616566283
SENSITIVITY_AUGMENTED,MST,right,36,0.3535353535353536,16,0.1096252787943158,0.1478806581980345,0.0369701645495086,0.0308252383659955,0.1884253192226361
SENSITIVITY_AUGMENTED,MST,right,37,0.3636363636363636,16,0.1086682722101536,0.1369925808276024,0.0342481452069006,0.0356700786726401,0.1816664657476671
SENSITIVITY_AUGMENTED,MST,right,38,0.3737373737373737,16,0.204025639285595,0.3436980524384825,0.0859245131096206,0.0208818748656491,0.3871694037055408
SENSITIVITY_AUGMENTED,MST,right,39,0.3838383838383838,15,0.095171300563998,0.1243393172583823,0.0321042736680343,0.0263144817755278,0.1640281193524682
SENSITIVITY_AUGMENTED,MST,right,40,0.393939393939394,16,0.2043891735464457,0.3638978466102158,0.0909744616525539,0.0104816985995643,0.3982966484933271
SENSITIVITY_AUGMENTED,MST,right,41,0.4040404040404041,16,0.0858520229101324,0.0579621304951294,0.0144905326237823,0.0549661837342524,0.1167378620860124
SENSITIVITY_AUGMENTED,MST,right,42,0.4141414141414142,16,0.1965881792397799,0.2712205199775803,0.067805129994395,0.052064965726605,0.3411113927529549
SENSITIVITY_AUGMENTED,MST,right,43,0.4242424242424242,16,0.0806577209362448,0.0763737690941576,0.0190934422735394,0.0399610120791375,0.1213544297933522
SENSITIVITY_AUGMENTED,MST,right,44,0.4343434343434343,16,0.0821978467470511,0.0815105223405754,0.0203776305851438,0.0387639552967613,0.125631738197341
SENSITIVITY_AUGMENTED,MST,right,45,0.4444444444444445,16,0.1159307801570406,0.1118344646444623,0.0279586161611155,0.0563384004459506,0.1755231598681306
SENSITIVITY_AUGMENTED,MST,right,46,0.4545454545454546,16,0.0722815874180795,0.0515523283248086,0.0128880820812021,0.0448112907229641,0.099751884113195
SENSITIVITY_AUGMENTED,MST,right,47,0.4646464646464647,15,0.0547572815263163,0.0285519426881996,0.0073720799022177,0.0389457426897733,0.0705688203628593
SENSITIVITY_AUGMENTED,MST,right,48,0.4747474747474748,15,0.0793569039505733,0.0652477014643822,0.0168468840766577,0.0432239312500635,0.1154898766510832
SENSITIVITY_AUGMENTED,MST,right,49,0.4848484848484848,15,0.1183934809008448,0.1543977855181045,0.0398653368001949,0.032890837222427,0.2038961245792626
SENSITIVITY_AUGMENTED,MST,right,50,0.494949494949495,15,0.1687499527751194,0.311316395377652,0.080381547646598,-0.0036513205715346,0.3411512261217734
SENSITIVITY_AUGMENTED,MST,right,51,0.5050505050505051,15,0.0713972038884359,0.0500756794334042,0.0129294848330397,0.0436662169368972,0.0991281908399746
SENSITIVITY_AUGMENTED,MST,right,52,0.5151515151515152,16,0.1193263611305402,0.1195263157433922,0.029881578935848,0.0556352832871183,0.1830174389739621
SENSITIVITY_AUGMENTED,MST,right,53,0.5252525252525253,15,0.1158105187606931,0.0979156117526319,0.0252817022434436,0.0615866603410535,0.1700343771803328
SENSITIVITY_AUGMENTED,MST,right,54,0.5353535353535354,15,0.1529823368844867,0.1155722626590755,0.0298406299041405,0.0889805511070041,0.2169841226619694
SENSITIVITY_AUGMENTED,MST,right,55,0.5454545454545455,16,0.1360401425243724,0.1478532265786065,0.0369633066446516,0.057254719374243,0.2148255656745017
SENSITIVITY_AUGMENTED,MST,right,56,0.5555555555555556,16,0.2047484467046873,0.3424840721759271,0.0856210180439817,0.022251566704477,0.3872453267048976
SENSITIVITY_AUGMENTED,MST,right,57,0.5656565656565657,15,0.0993288131488119,0.062429168129592,0.0161191418988995,0.0647566921833941,0.1339009341142298
SENSITIVITY_AUGMENTED,MST,right,58,0.5757575757575758,16,0.1638618444543148,0.2240439338364176,0.0560109834591044,0.0444772592140505,0.2832464296945789
SENSITIVITY_AUGMENTED,MST,right,59,0.5858585858585859,16,0.107360832887951,0.1370969649013887,0.0342742412253471,0.0343070170037787,0.1804146487721234
SENSITIVITY_AUGMENTED,MST,right,60,0.595959595959596,15,0.1285646346846949,0.2178939396322497,0.0562599732956818,0.0078989928975054,0.2492302764718845
SENSITIVITY_AUGMENTED,MST,right,61,0.6060606060606061,15,0.1236109903797587,0.1067348967753363,0.0275588318446696,0.0645031747047459,0.1827188060547715
SENSITIVITY_AUGMENTED,MST,right,62,0.6161616161616162,16,0.1433472514449595,0.1708369967398415,0.0427092491849603,0.0523146416784765,0.2343798612114426
SENSITIVITY_AUGMENTED,MST,right,63,0.6262626262626263,16,0.1143855708688136,0.1122959928186375,0.0280739982046593,0.0545472601534463,0.1742238815841808
SENSITIVITY_AUGMENTED,MST,right,64,0.6363636363636365,15,0.1298932068991302,0.159004089308705,0.041054679324766,0.0418396772066376,0.2179467365916227
SENSITIVITY_AUGMENTED,MST,right,65,0.6464646464646465,15,0.1144995675970864,0.1142584632363705,0.0295014083518476,0.0512253396892164,0.1777737955049564
SENSITIVITY_AUGMENTED,MST,right,66,0.6565656565656566,16,0.2690902325483563,0.4192949651344664,0.1048237412836166,0.0456637168255162,0.4925167482711964
SENSITIVITY_AUGMENTED,MST,right,67,0.6666666666666667,15,0.0879466541128572,0.0562682171513966,0.0145283911965427,0.05678635407765,0.1191069541480644
SENSITIVITY_AUGMENTED,MST,right,68,0.6767676767676768,16,0.0816744484327534,0.0534993290580698,0.0133748322645174,0.0531666682806094,0.1101822285848974
SENSITIVITY_AUGMENTED,MST,right,69,0.686868686868687,16,0.0846328766405077,0.1432658713221487,0.0358164678305371,0.0082918825595528,0.1609738707214625
SENSITIVITY_AUGMENTED,MST,right,70,0.696969696969697,16,0.1273691560484119,0.221600098460512,0.055400024615128,0.0092867987584969,0.245451513338327
SENSITIVITY_AUGMENTED,MST,right,71,0.7070707070707072,16,0.0587558653673131,0.0400937417316891,0.0100234354329222,0.0373914184688631,0.080120312265763
SENSITIVITY_AUGMENTED,MST,right,72,0.7171717171717172,16,0.1379590610304994,0.2006746940592162,0.050168673514804,0.0310270646660335,0.2448910573949653
SENSITIVITY_AUGMENTED,MST,right,73,0.7272727272727273,16,0.1177362226308229,0.1221177449233233,0.0305294362308308,0.0526642696504224,0.1828081756112234
SENSITIVITY_AUGMENTED,MST,right,74,0.7373737373737375,16,0.0926978077723443,0.1042595239602399,0.0260648809900599,0.0371418290310113,0.1482537865136773
SENSITIVITY_AUGMENTED,MST,right,75,0.7474747474747475,16,0.1235006841123911,0.1584859918308036,0.0396214979577009,0.0390494602960519,0.2079519079287303
SENSITIVITY_AUGMENTED,MST,right,76,0.7575757575757577,16,0.093122567005058,0.0862355134695124,0.0215588783673781,0.0471709055061314,0.1390742285039845
SENSITIVITY_AUGMENTED,MST,right,77,0.7676767676767677,16,0.1256288795254807,0.1685267627281531,0.0421316906820382,0.0358273065675852,0.2154304524833762
SENSITIVITY_AUGMENTED,MST,right,78,0.7777777777777778,16,0.1081405608717702,0.080946080241197,0.0202365200602992,0.065007439385534,0.1512736823580063
SENSITIVITY_AUGMENTED,MST,right,79,0.787878787878788,16,0.1136998966410274,0.0665846343820151,0.0166461585955037,0.0782194494673249,0.14918034381473
SENSITIVITY_AUGMENTED,MST,right,80,0.797979797979798,15,0.1181910183885841,0.0786183069634279,0.0202991595717586,0.074653651163157,0.1617283856140113
SENSITIVITY_AUGMENTED,MST,right,81,0.8080808080808082,16,0.1576409965936783,0.1682325350515187,0.0420581337628796,0.0679962064976961,0.2472857866896604
SENSITIVITY_AUGMENTED,MST,right,82,0.8181818181818182,16,0.1962749276414264,0.2911015058981845,0.0727753764745461,0.0411578845268135,0.3513919707560393
SENSITIVITY_AUGMENTED,MST,right,83,0.8282828282828284,16,0.1728868248615744,0.2329399865750002,0.05823499664375,0.0487618677295783,0.2970117819935706
SENSITIVITY_AUGMENTED,MST,right,84,0.8383838383838385,16,0.2155064515938209,0.4176646980415563,0.104416174510389,-0.0070513561154381,0.4380642593030799
SENSITIVITY_AUGMENTED,MST,right,85,0.8484848484848485,16,0.293942146162769,0.3938769474989541,0.0984692368747385,0.0840599359744897,0.5038243563510484
SENSITIVITY_AUGMENTED,MST,right,86,0.8585858585858587,15,0.2030460387780951,0.2653962608666407,0.0685250198988145,0.056074488309815,0.3500175892463752
SENSITIVITY_AUGMENTED,MST,right,87,0.8686868686868687,14,0.2104749307219451,0.2361250422397884,0.0631070720356295,0.0741403902950315,0.3468094711488586
SENSITIVITY_AUGMENTED,MST,right,88,0.8787878787878789,16,0.152033478063036,0.2139240258877437,0.0534810064719359,0.0380414111223487,0.2660255450037233
SENSITIVITY_AUGMENTED,MST,right,89,0.888888888888889,16,0.1424168624920141,0.1149368472271782,0.0287342118067945,0.0811713397944035,0.2036623851896248
SENSITIVITY_AUGMENTED,MST,right,90,0.8989898989898991,15,0.1382337619243862,0.1339175985934111,0.0345773752744247,0.0640726677326617,0.2123948561161106
SENSITIVITY_AUGMENTED,MST,right,91,0.9090909090909092,15,0.11948872257215,0.1737313342787648,0.04485723762507,0.0232795164571342,0.2156979286871658
SENSITIVITY_AUGMENTED,MST,right,92,0.9191919191919192,16,0.2126728672766527,0.2963513750908528,0.0740878437727132,0.0547583663357995,0.3705873682175059
SENSITIVITY_AUGMENTED,MST,right,93,0.9292929292929294,15,0.3666979356881152,0.7399154814442731,0.1910453558156475,-0.0430536002538057,0.7764494716300362
SENSITIVITY_AUGMENTED,MST,right,94,0.9393939393939394,14,0.2397819252343446,0.3063295568995366,0.0818700178114528,0.0629125048504315,0.4166513456182578
SENSITIVITY_AUGMENTED,MST,right,95,0.9494949494949496,14,0.1089201902472393,0.1072616237867126,0.02866687478278,0.0469891724877776,0.1708512080067009
SENSITIVITY_AUGMENTED,MST,right,96,0.9595959595959596,14,0.2621436631651727,0.2493582431276354,0.0666437937393921,0.1181685000228188,0.4061188263075266
SENSITIVITY_AUGMENTED,MST,right,97,0.9696969696969696,15,0.1544110579905991,0.1318563951860642,0.0340451748431046,0.0813914201992741,0.2274306957819242
SENSITIVITY_AUGMENTED,MST,right,98,0.97979797979798,15,0.3413069794332472,0.4311989194643164,0.111335082265862,0.1025169770911927,0.5800969817753017
SENSITIVITY_AUGMENTED,MST,right,99,0.98989898989899,14,0.3058825606378825,0.299494763184523,0.080043342354963,0.1329594326556996,0.4788056886200653
